customer_id,income_m_toman,account_turnover_m_toman,loan_amount_m_toman,number_of_loans,late_payment_count,max_delay_days,monthly_cashflow_m_toman,existing_obligations_m_toman,credit_history_years,recent_balance_change_pct,default_12m
100001,43.77,218.23,142.58,2,2,12,43.67,68.41,5.29,20.74,0
100002,32.89,197.61,140.27,4,1,0,27.61,37.05,6.46,2.83,0
100003,46.84,243.23,67.04,1,1,0,19.51,169.24,1.99,6.92,0
100004,69.46,513.8,150.12,2,1,0,53.18,25.11,4.6,-3.8,0
100005,31.5,401.21,269.35,3,0,4,27.83,99.62,4.31,-5.83,0
100006,31.5,149.96,89.31,1,1,32,25.47,54.12,2.09,21.73,0
100007,71.24,822.47,320.42,1,4,33,45.09,295.88,1.9,-5.25,0
100008,49.44,234.1,235.39,3,2,8,33.69,91.23,2.46,5.89,0
100009,28.33,129.82,120.2,2,2,15,17.28,25.17,2.69,14.15,0
100010,44.68,470.93,166.52,1,0,0,18.71,124.95,3.14,6.57,0
100011,28.41,315.35,433.56,3,1,0,10.92,46.72,7.97,9.43,0
100012,28.38,304.11,269.46,1,1,44,24.05,162.51,9.14,-26.46,0
100013,39.03,141.49,180.87,1,0,0,20.77,130.38,3.22,1.52,0
100014,14.8,82.05,157.94,2,3,0,13.23,217.75,4.42,17.31,0
100015,16.11,170.13,187.75,1,1,44,9.68,100.69,0.83,31.85,0
100016,27.18,194.22,135.84,2,1,12,11.46,147.13,6.11,15.5,0
100017,22.19,90.8,56.56,1,0,0,14.38,92.34,3.54,1.9,0
100018,40.32,354.9,553.44,4,1,24,51.35,63.18,0.94,6.83,0
100019,23.26,113.89,196.05,2,1,25,16.89,170.59,5.35,8.93,0
100020,18.54,318.3,224.07,2,3,0,16.9,43.01,1.87,-32.55,0
100021,67.69,1025.79,174.36,1,2,2,53.62,88.06,4.29,-19.31,0
100022,31.62,299.38,120.14,4,0,27,12.61,63.99,4.73,0.16,0
100023,36.08,498.77,162.5,2,2,0,40.13,149.17,10.38,-3.16,0
100024,18.43,133.29,74.69,4,1,17,12.68,51.0,3.24,-7.63,0
100025,27.4,281.18,629.77,2,2,37,11.57,70.42,4.01,3.83,1
100026,36.79,539.17,91.28,1,0,0,22.88,92.4,3.5,5.56,0
100027,20.85,165.02,102.04,3,1,5,14.56,219.74,2.19,-25.01,0
100028,41.45,255.37,141.29,1,1,16,38.85,65.39,5.81,-22.6,0
100029,26.71,79.73,365.55,2,1,0,15.49,70.76,3.34,-8.22,0
100030,30.69,206.11,181.44,2,0,2,43.13,40.08,3.9,6.44,0
100031,26.7,282.08,91.2,1,0,30,13.77,49.9,6.8,-5.08,1
100032,80.55,904.7,358.83,6,1,0,72.74,115.31,3.97,-10.12,0
100033,34.79,313.36,269.08,1,0,0,8.92,91.75,5.76,19.44,0
100034,21.74,116.12,242.04,5,2,32,15.64,92.64,1.09,8.0,0
100035,50.68,132.03,266.83,1,2,20,42.66,255.84,2.33,-4.63,0
100036,20.21,110.42,671.73,1,0,10,9.5,33.0,5.31,25.09,0
100037,38.45,231.15,598.7,1,1,10,43.25,361.59,2.93,-0.48,0
100038,14.49,86.74,123.38,1,0,30,12.44,182.5,10.46,12.33,0
100039,19.25,183.62,439.7,2,2,17,12.91,74.02,2.3,-16.43,0
100040,38.24,722.48,222.23,1,0,23,32.73,113.81,9.79,-22.97,0
100041,48.8,363.34,236.86,2,0,0,29.36,59.75,1.43,-14.09,1
100042,37.81,237.46,70.97,2,1,0,40.18,109.0,0.91,6.04,0
100043,33.23,204.3,163.9,3,2,23,33.35,326.92,1.41,-3.92,0
100044,30.56,227.68,115.11,1,1,31,25.78,61.07,5.78,-4.56,0
100045,17.99,83.24,283.83,4,0,7,16.25,78.3,1.1,1.53,0
100046,25.32,188.19,324.42,4,1,27,9.64,57.15,1.61,0.28,0
100047,28.45,249.48,57.51,4,3,5,31.77,62.94,2.12,16.44,0
100048,56.32,437.82,177.83,2,0,10,40.84,70.68,7.61,-10.33,0
100049,40.85,359.48,333.61,1,0,43,41.11,46.66,4.59,-23.34,0
100050,15.83,137.66,162.44,2,2,6,14.84,76.83,2.98,22.54,0
100051,40.5,116.88,268.79,3,3,5,40.59,92.98,0.63,-9.01,0
100052,29.43,283.27,218.35,3,2,0,14.36,70.66,3.74,16.07,0
100053,25.81,129.17,217.21,2,4,24,13.42,22.65,1.19,4.05,0
100054,46.09,186.53,155.05,2,0,0,60.47,82.04,3.99,20.04,0
100055,55.66,224.3,92.19,2,0,14,20.6,87.48,4.76,-11.34,0
100056,53.22,462.71,97.14,4,1,6,25.31,280.99,3.92,11.07,0
100057,23.99,150.25,265.89,2,0,3,18.25,91.46,5.87,-6.21,0
100058,30.45,91.94,181.94,2,1,9,23.18,157.77,2.11,-12.03,0
100059,40.63,361.17,166.8,2,0,11,24.99,69.71,6.07,23.21,1
100060,54.29,185.02,142.57,3,0,33,49.08,196.12,2.3,-13.19,0
100061,28.21,211.78,152.19,1,0,39,27.52,51.06,1.54,-13.86,0
100062,32.19,253.91,320.14,2,0,23,24.0,121.85,2.22,-18.77,0
100063,21.27,231.87,149.69,4,0,34,14.53,149.01,3.22,-8.71,0
100064,20.43,348.56,86.09,3,0,27,15.21,136.45,1.4,0.38,0
100065,50.45,178.49,270.96,2,0,20,31.56,329.74,2.97,-4.45,0
100066,64.43,439.36,160.82,2,0,38,20.97,63.38,4.03,3.83,0
100067,33.88,206.58,183.14,2,1,0,27.96,210.2,2.08,-25.7,0
100068,54.98,478.05,435.77,1,1,0,51.76,180.04,5.65,-2.59,0
100069,41.19,321.12,177.98,6,0,0,29.3,92.71,2.91,-23.38,0
100070,26.18,153.65,211.03,1,0,6,4.81,271.34,0.89,-8.6,0
100071,41.18,231.24,94.12,1,1,24,25.0,82.42,2.86,-5.57,0
100072,69.93,280.1,159.52,3,1,0,68.28,91.21,1.12,-2.47,0
100073,34.44,395.07,251.69,4,0,21,13.45,89.7,1.07,3.39,0
100074,70.77,623.25,76.52,3,1,1,65.39,41.93,1.74,-20.93,0
100075,10.77,119.25,201.02,2,0,5,6.88,142.13,5.21,-8.73,0
100076,50.66,303.66,190.26,1,0,15,37.76,129.42,3.77,32.28,0
100077,36.4,183.46,184.13,1,0,42,21.06,84.52,0.83,-3.17,0
100078,30.59,124.9,318.43,3,0,0,14.26,259.13,5.42,-4.89,0
100079,36.48,305.52,216.35,1,1,10,40.44,69.23,7.06,-30.86,0
100080,14.31,59.56,405.81,3,1,0,13.65,31.88,3.54,0.51,0
100081,31.71,559.33,104.22,2,1,0,28.89,281.78,1.98,-25.82,0
100082,41.1,149.63,193.97,4,2,0,40.16,165.09,2.54,-39.22,0
100083,68.06,546.28,188.56,2,0,16,59.6,131.03,4.21,4.6,0
100084,27.72,424.73,99.97,2,0,19,27.33,73.42,0.5,4.51,0
100085,24.33,229.75,304.58,1,0,24,14.21,110.51,2.51,-26.21,0
100086,27.93,213.43,646.47,4,0,0,30.56,42.25,1.17,-23.08,0
100087,52.84,227.91,178.32,7,1,21,56.65,78.63,3.64,-13.73,0
100088,40.58,142.35,237.63,5,1,14,34.3,52.33,1.5,27.13,0
100089,27.58,283.69,188.56,3,1,10,18.7,105.31,8.12,2.19,0
100090,44.09,655.44,121.57,2,0,0,19.58,156.63,4.09,6.65,0
100091,36.56,205.51,66.12,1,0,14,29.51,48.0,3.85,16.44,0
100092,54.12,214.35,122.09,1,0,15,63.39,139.04,2.77,20.85,0
100093,25.52,52.26,83.71,3,2,13,11.73,101.46,1.83,0.17,0
100094,30.2,129.47,459.53,5,2,19,30.34,135.66,1.23,4.85,0
100095,29.34,194.02,168.96,2,1,24,18.55,77.83,4.31,-1.75,0
100096,18.12,282.09,148.81,3,0,0,11.84,137.31,1.25,-31.62,0
100097,39.99,391.93,293.53,2,1,8,18.24,59.28,2.66,2.33,0
100098,39.36,320.95,97.12,3,1,21,22.12,32.8,2.36,-10.19,0
100099,35.08,201.04,118.06,1,2,7,31.98,37.62,5.51,-45.89,0
100100,31.49,164.7,186.87,1,3,29,29.69,66.56,4.66,-13.69,0
100101,18.51,261.69,316.96,4,1,13,14.98,34.2,6.57,-9.41,0
100102,28.96,224.15,237.2,1,1,0,18.1,228.16,1.66,11.74,0
100103,30.0,73.39,206.34,3,1,27,14.22,85.64,2.55,-4.37,0
100104,24.39,121.93,187.9,3,1,9,18.67,156.24,5.04,-13.21,0
100105,32.55,148.35,224.32,2,0,0,21.44,144.32,3.96,-21.84,0
100106,41.98,223.62,201.11,3,3,7,33.7,90.35,2.22,-5.47,0
100107,81.79,758.62,102.15,1,0,0,54.77,751.24,10.93,0.14,0
100108,37.86,251.16,184.62,4,0,25,25.6,521.34,6.64,6.27,0
100109,39.3,264.73,99.73,6,0,11,31.04,207.46,4.07,10.21,0
100110,33.85,456.91,188.21,4,0,0,28.37,52.28,0.9,-23.5,0
100111,14.76,72.94,138.19,2,0,26,15.59,212.64,3.32,1.68,0
100112,34.58,614.88,727.5,1,0,20,23.02,31.52,2.68,-4.6,0
100113,35.96,179.96,176.09,3,0,7,31.88,208.07,5.07,-5.95,0
100114,106.04,776.13,83.15,1,2,0,127.34,19.42,1.66,0.97,0
100115,32.1,195.21,167.19,1,0,0,28.66,74.32,2.45,23.57,0
100116,40.09,298.47,239.51,3,0,0,41.73,185.91,5.29,-6.49,0
100117,34.46,301.25,451.83,1,0,25,20.5,113.4,4.29,-0.48,0
100118,20.69,179.88,130.16,3,0,0,11.79,37.06,1.32,-17.03,0
100119,58.53,281.17,75.39,4,1,11,41.57,99.68,5.77,-18.63,0
100120,49.09,196.01,282.09,2,2,7,36.17,113.43,3.38,-19.37,0
100121,49.96,1222.69,84.24,1,0,30,50.85,101.77,2.46,-25.99,0
100122,23.25,127.75,141.61,2,2,16,13.19,70.49,6.62,-12.11,0
100123,65.8,653.36,156.22,3,1,21,47.89,150.33,2.52,24.42,0
100124,18.63,58.36,173.24,2,0,2,18.97,178.89,4.79,-14.01,0
100125,45.58,277.42,262.96,5,0,0,36.64,82.05,7.73,-7.13,0
100126,93.79,616.07,123.59,2,0,6,70.09,223.99,4.78,-23.3,0
100127,22.41,198.73,154.84,8,0,25,18.15,81.95,3.46,-5.36,0
100128,27.13,48.68,178.59,3,0,25,12.7,67.08,3.87,-18.36,0
100129,36.61,278.43,195.44,5,2,4,16.99,203.15,0.5,-7.19,0
100130,27.9,109.93,189.95,3,0,0,9.85,198.75,4.14,-7.29,0
100131,17.42,143.4,228.78,1,1,0,13.96,62.04,3.15,-3.81,0
100132,36.1,150.5,286.31,4,2,9,35.36,56.86,3.9,14.6,0
100133,21.7,99.04,223.39,1,0,14,20.43,259.42,1.24,24.75,0
100134,43.31,264.43,231.0,2,1,38,44.87,84.62,7.37,24.6,0
100135,23.14,95.71,75.39,2,0,14,25.77,90.18,1.3,-0.38,1
100136,70.3,387.98,185.04,6,1,23,55.27,77.36,1.78,0.59,0
100137,24.6,94.83,234.32,1,0,0,18.06,198.89,4.72,-0.59,0
100138,30.28,84.75,268.77,1,1,12,33.88,325.81,2.42,9.54,0
100139,50.47,587.76,123.0,2,0,14,29.01,93.86,2.57,-12.34,0
100140,20.11,73.65,125.27,2,1,9,9.16,383.92,2.42,-17.26,0
100141,38.77,248.21,131.26,2,0,11,25.79,64.53,2.19,-32.07,0
100142,63.03,642.85,241.77,6,0,14,40.09,75.95,5.01,11.37,0
100143,16.98,87.39,317.85,3,0,20,12.94,134.78,9.25,1.36,0
100144,38.03,176.22,143.86,5,0,33,20.44,55.13,3.3,-14.32,0
100145,39.34,308.38,296.59,2,3,0,33.14,133.75,3.06,22.08,0
100146,49.76,609.14,192.65,4,2,32,30.24,65.94,1.89,-11.92,0
100147,20.06,78.26,168.11,1,0,0,21.2,35.64,3.98,20.63,0
100148,19.32,125.46,160.24,1,0,17,8.72,31.64,2.89,-15.08,0
100149,44.27,130.31,271.4,4,1,54,31.66,74.11,5.67,0.72,0
100150,40.0,230.05,215.3,3,2,11,26.65,115.63,1.44,4.6,0
100151,39.18,278.96,629.33,1,1,15,31.64,39.77,2.75,-9.97,0
100152,40.9,186.76,112.64,4,3,6,40.16,100.18,4.85,-21.36,0
100153,25.77,143.56,239.35,3,0,24,21.05,100.35,4.53,-1.53,0
100154,38.86,134.51,134.54,2,1,18,27.89,81.39,3.3,-13.65,0
100155,39.93,290.52,111.59,1,0,0,36.85,51.63,2.17,-25.75,0
100156,25.38,301.16,178.93,2,0,9,24.38,103.95,2.15,-29.22,0
100157,81.04,327.76,194.12,4,0,0,66.23,82.63,4.61,0.8,0
100158,43.32,222.1,896.01,2,1,9,36.69,162.2,5.6,-36.51,0
100159,20.48,184.28,162.66,3,0,4,18.67,41.43,5.89,-6.39,0
100160,47.03,603.5,96.68,5,0,14,15.94,96.37,2.79,9.35,0
100161,22.57,74.89,209.16,2,3,0,14.95,41.96,2.33,-24.7,0
100162,49.88,320.88,57.51,4,0,8,42.1,78.07,3.9,-22.29,0
100163,58.95,475.42,171.12,5,0,12,39.92,46.65,2.9,2.71,0
100164,24.19,160.92,181.59,2,3,13,16.4,51.91,2.4,-41.85,0
100165,53.99,109.55,278.66,3,1,16,45.56,89.79,2.71,-3.08,0
100166,42.14,379.01,307.49,3,0,8,35.8,64.1,4.46,-9.41,0
100167,50.67,758.13,136.45,1,2,0,43.92,216.98,2.39,19.58,0
100168,82.18,609.81,165.69,2,1,13,45.36,182.6,2.36,21.93,0
100169,31.34,131.01,118.11,2,0,8,12.4,145.86,2.98,2.89,0
100170,24.93,135.03,96.79,1,0,30,23.71,144.14,1.76,-12.6,0
100171,23.45,397.79,213.45,2,2,32,13.24,97.32,4.26,-0.87,0
100172,24.25,267.5,89.34,2,2,0,13.27,196.9,1.84,11.07,0
100173,33.81,325.9,143.3,3,1,23,17.73,75.44,3.04,8.44,0
100174,40.81,341.38,104.13,5,2,26,42.35,321.0,3.5,-37.43,0
100175,39.64,199.38,243.54,2,1,0,31.83,51.14,0.5,-24.15,0
100176,50.78,321.57,484.8,1,0,22,42.44,45.72,2.66,9.23,0
100177,35.21,237.02,87.98,2,0,28,32.47,38.97,4.25,-21.33,0
100178,67.32,620.26,64.96,3,2,0,49.78,43.26,1.37,2.97,0
100179,31.07,462.49,168.05,2,1,7,31.17,33.86,3.09,10.17,0
100180,119.04,1457.54,181.56,3,0,15,53.66,102.34,2.59,6.87,0
100181,46.38,159.67,203.0,1,0,22,22.2,150.22,2.11,5.13,0
100182,23.8,186.33,140.82,4,1,0,11.06,91.86,1.96,-9.43,0
100183,21.62,218.71,161.19,1,1,32,18.49,39.2,2.63,-22.79,0
100184,43.49,414.8,220.32,1,0,0,38.12,67.9,6.0,24.85,0
100185,31.65,161.76,319.0,1,1,35,20.0,149.11,3.96,-31.2,0
100186,48.26,1450.43,61.42,3,1,21,33.39,73.31,3.03,-0.32,0
100187,43.31,160.08,146.94,1,0,0,46.21,55.74,4.91,-10.57,0
100188,33.87,137.95,202.46,2,1,27,19.52,36.29,3.7,17.81,1
100189,23.91,188.1,108.64,3,0,0,19.7,69.84,5.17,-1.59,0
100190,17.7,357.09,466.43,2,1,14,10.24,59.04,2.18,-15.2,1
100191,28.63,131.92,126.91,1,0,16,29.32,85.45,2.8,-9.15,0
100192,51.46,315.36,175.96,1,0,16,46.68,119.78,6.6,11.22,0
100193,38.54,462.32,244.39,2,1,0,15.43,75.97,1.11,13.93,0
100194,19.98,138.62,130.03,3,0,3,13.68,100.55,4.74,7.63,0
100195,37.84,224.05,65.19,3,1,14,8.71,119.46,3.4,-0.48,0
100196,41.63,386.63,142.19,3,1,0,40.59,43.03,2.61,-16.66,0
100197,23.51,188.63,317.08,2,0,16,29.67,279.06,11.11,-13.05,0
100198,37.51,439.51,149.56,2,1,0,7.68,57.68,1.4,4.82,0
100199,35.93,479.71,113.0,2,1,30,14.13,122.7,0.76,13.12,0
100200,20.93,170.79,299.49,1,0,40,16.57,45.52,4.5,-24.35,0
100201,41.11,333.0,150.06,1,2,6,30.65,96.15,1.3,-27.72,0
100202,45.05,350.96,135.96,1,0,28,29.16,98.28,3.92,-5.21,0
100203,56.98,509.38,195.42,3,1,8,17.98,243.54,3.37,1.37,0
100204,56.24,404.66,275.03,1,1,0,46.72,78.28,0.73,0.37,0
100205,18.83,131.76,667.07,3,0,4,18.3,196.27,7.02,5.91,0
100206,22.95,292.23,283.71,3,0,13,33.55,107.13,2.01,-10.16,0
100207,44.13,659.24,340.65,2,0,0,47.52,273.44,3.38,16.41,0
100208,44.1,145.28,136.28,4,2,23,18.76,30.93,9.24,20.6,0
100209,44.13,310.46,102.38,2,3,13,32.97,120.19,8.16,5.86,0
100210,198.16,983.03,186.28,4,0,30,177.95,18.1,8.78,-9.81,0
100211,45.25,271.15,190.93,1,1,22,26.15,86.92,3.79,-43.97,0
100212,58.34,499.46,99.46,3,1,14,55.14,166.07,4.2,-12.14,0
100213,53.77,525.99,163.46,2,0,5,49.78,214.26,1.94,-0.09,0
100214,46.92,310.54,224.21,6,0,39,49.71,140.19,2.17,7.44,0
100215,30.37,81.67,219.46,5,1,51,28.87,75.6,5.79,-7.43,0
100216,49.25,212.78,237.54,1,0,5,40.45,124.82,6.11,-3.73,0
100217,24.72,270.9,211.24,1,3,30,14.6,407.33,1.89,23.22,0
100218,31.46,55.95,136.2,4,1,0,13.43,94.16,2.35,-18.61,0
100219,28.13,356.58,135.68,3,0,1,22.64,160.2,4.86,-27.13,0
100220,36.31,329.88,93.09,2,1,5,23.57,69.56,1.22,-38.09,0
100221,99.18,1340.69,480.38,4,1,24,66.77,171.07,4.51,12.2,0
100222,15.11,95.75,181.34,3,0,0,15.57,155.0,2.01,-22.21,0
100223,47.66,119.03,159.06,3,1,39,52.06,62.4,4.92,-7.43,0
100224,16.94,147.04,108.0,2,0,28,7.47,143.48,6.2,10.16,0
100225,28.3,374.73,904.67,3,0,23,19.74,147.63,2.35,21.06,0
100226,57.13,635.01,99.75,1,1,6,36.66,140.3,2.79,-1.37,0
100227,36.03,181.06,142.18,2,0,26,29.86,87.81,6.7,-17.2,0
100228,21.55,157.54,226.26,3,1,0,3.95,188.15,7.66,3.09,0
100229,25.37,136.04,250.4,3,0,19,9.76,51.36,2.76,-18.03,0
100230,47.52,220.84,304.85,4,1,14,34.24,90.53,3.95,-3.18,0
100231,25.2,284.37,486.45,2,0,0,23.85,96.22,2.0,-23.1,0
100232,38.58,148.4,237.78,3,2,19,29.66,181.75,1.46,-14.68,0
100233,35.73,159.95,100.7,1,0,22,32.79,50.4,1.96,31.64,0
100234,26.11,105.22,156.28,1,1,0,20.87,104.01,3.37,14.02,0
100235,91.85,305.18,213.21,1,1,0,98.19,66.98,2.83,-12.21,0
100236,46.55,350.63,561.43,3,0,49,52.21,96.11,1.37,-8.72,0
100237,14.07,176.04,83.44,2,1,8,7.88,113.88,0.58,8.74,0
100238,38.06,242.92,348.76,4,0,29,36.96,41.79,1.54,-8.28,0
100239,25.99,85.68,198.72,3,1,32,22.79,192.14,4.94,16.17,0
100240,51.36,547.21,285.36,2,1,19,70.69,116.34,5.14,-25.63,0
100241,24.5,398.41,170.18,2,1,30,13.49,53.77,5.84,-3.09,0
100242,33.24,168.43,113.25,4,1,0,23.96,73.34,3.81,-14.08,0
100243,43.93,242.07,272.04,1,3,7,21.61,220.59,8.93,1.8,0
100244,51.67,468.1,257.98,5,0,0,26.19,115.51,2.84,-0.24,0
100245,20.39,321.2,307.23,2,0,0,17.26,50.44,3.13,-1.67,0
100246,30.11,162.52,178.69,1,0,2,24.13,56.24,3.0,4.35,0
100247,28.26,101.63,129.42,1,1,0,25.02,130.93,2.15,2.07,0
100248,26.08,250.38,76.37,2,2,12,22.95,140.71,3.86,-19.13,0
100249,77.46,808.55,282.48,4,1,11,53.53,111.89,0.91,-3.71,0
100250,42.0,294.88,227.26,1,0,14,28.95,75.56,4.62,-3.67,0
100251,19.84,105.09,105.82,1,1,15,10.07,146.29,5.39,-2.78,0
100252,52.9,608.8,133.85,4,0,17,30.4,74.64,5.53,30.94,0
100253,90.95,829.02,139.25,3,2,0,66.92,53.89,1.72,-1.6,0
100254,55.7,265.51,79.62,2,1,0,44.52,233.17,2.02,22.54,0
100255,17.67,126.73,114.8,1,2,11,16.39,120.67,4.0,-31.32,0
100256,28.15,100.23,96.48,1,1,11,25.39,56.2,2.54,-10.81,0
100257,61.9,610.52,143.47,3,0,0,70.52,97.55,5.38,-5.82,0
100258,25.45,156.29,119.9,2,1,31,12.9,91.49,3.04,21.11,0
100259,42.74,240.6,73.56,5,1,25,29.57,72.96,2.28,-34.88,0
100260,49.6,341.52,547.51,2,0,0,26.22,103.54,2.65,12.52,0
100261,23.06,164.73,358.47,2,0,8,24.66,51.56,4.12,6.0,0
100262,34.07,373.13,117.27,4,1,48,21.28,152.02,1.65,6.05,0
100263,8.14,76.57,209.09,1,0,14,8.46,89.67,9.09,-5.08,0
100264,22.07,142.89,226.46,3,0,19,24.57,34.27,5.38,0.32,0
100265,31.24,320.36,346.56,2,2,1,26.66,78.49,2.35,-2.79,0
100266,19.96,170.74,114.75,1,0,6,16.43,62.2,2.14,-12.22,0
100267,72.96,412.63,328.2,2,2,39,55.43,14.96,1.87,11.47,1
100268,18.39,120.94,133.17,1,1,14,12.33,81.97,3.1,-0.81,0
100269,28.71,186.63,86.33,3,1,10,18.39,167.65,1.5,-13.79,0
100270,37.12,334.53,268.07,3,1,12,26.47,84.36,3.05,4.14,0
100271,66.95,390.07,366.09,3,1,57,80.75,137.65,2.71,-5.17,0
100272,18.34,105.63,747.18,2,1,12,8.98,90.46,1.3,-8.73,0
100273,59.07,1106.61,93.05,2,1,0,47.33,68.44,2.49,-27.46,0
100274,35.16,393.76,264.37,3,0,0,32.62,58.02,2.06,-9.86,0
100275,22.5,107.69,143.68,5,2,26,15.28,41.68,3.37,-10.62,0
100276,43.09,401.29,276.94,1,2,0,36.8,156.85,1.26,2.55,0
100277,38.28,284.29,80.17,2,3,20,14.31,139.53,1.17,-7.77,0
100278,26.72,227.45,89.88,3,3,0,28.89,76.16,2.49,38.25,0
100279,36.12,270.79,117.48,1,0,0,37.3,26.72,3.25,-25.03,0
100280,29.43,373.41,187.99,5,1,0,21.35,119.47,2.82,-20.69,0
100281,36.83,306.48,126.52,1,0,12,19.52,52.3,2.32,-10.1,0
100282,47.15,319.95,258.64,3,0,37,44.71,98.11,3.52,3.46,0
100283,71.45,842.24,316.63,1,0,28,33.08,35.7,1.55,-6.91,0
100284,20.05,157.73,250.32,3,3,6,10.0,95.11,1.28,-11.19,0
100285,91.4,679.84,438.47,3,0,29,67.32,83.18,1.12,-19.93,0
100286,14.54,119.08,226.25,2,0,5,16.42,21.2,3.8,4.43,0
100287,32.69,218.36,92.17,3,0,0,29.75,237.6,8.71,39.02,0
100288,45.61,320.73,381.01,1,1,12,26.83,74.02,1.8,-17.89,1
100289,39.72,207.34,129.04,1,0,0,13.09,77.03,1.36,6.62,1
100290,26.45,127.16,296.99,1,0,26,20.11,124.04,4.82,21.54,0
100291,31.87,135.41,427.74,3,0,26,25.91,87.31,5.37,0.11,0
100292,28.04,97.85,231.4,3,0,0,20.52,111.97,2.12,3.07,0
100293,26.85,121.05,79.05,3,1,14,32.26,45.29,2.74,-3.21,0
100294,51.3,329.13,108.63,2,1,14,36.78,82.64,3.29,24.85,0
100295,41.1,302.92,372.59,3,2,27,7.38,28.62,8.23,9.97,0
100296,25.62,156.62,164.01,2,2,0,16.61,78.04,1.43,15.07,0
100297,52.47,113.09,188.05,2,0,22,45.31,214.19,1.73,-3.95,0
100298,40.19,618.21,273.23,1,0,0,34.03,36.46,2.57,8.19,0
100299,50.46,608.07,264.0,2,0,25,35.61,72.92,0.5,-3.12,0
100300,46.46,406.45,209.83,2,1,31,30.87,25.16,3.94,9.58,0
100301,24.1,437.88,160.48,1,1,0,6.03,90.43,3.92,-8.09,0
100302,27.2,116.8,151.56,3,4,33,20.98,119.05,1.64,15.53,0
100303,48.99,881.26,288.53,2,1,0,32.6,113.28,3.2,6.17,0
100304,46.06,199.0,244.06,2,1,31,37.42,62.72,3.91,-8.87,0
100305,34.67,273.48,156.25,2,0,37,30.26,24.86,2.93,11.13,0
100306,36.9,136.61,326.4,1,1,18,39.12,42.73,1.15,-6.73,0
100307,62.2,438.59,167.67,1,0,8,31.79,191.27,5.75,-20.52,0
100308,26.82,227.72,112.68,4,0,17,11.44,152.5,2.1,-6.21,0
100309,44.77,290.07,118.57,2,2,1,27.15,85.2,4.31,-6.07,0
100310,31.96,319.64,105.07,2,1,59,18.09,99.2,4.44,-19.36,0
100311,31.73,233.41,154.95,4,1,1,17.25,48.58,3.72,5.49,0
100312,57.39,309.36,354.78,2,1,35,63.77,195.23,1.83,4.32,0
100313,50.74,267.55,115.6,2,0,0,39.94,58.46,3.21,-2.23,0
100314,50.47,529.96,199.66,6,0,40,62.74,117.0,2.09,10.26,0
100315,62.98,317.94,125.43,2,0,48,47.19,40.57,7.16,-7.48,0
100316,35.33,390.88,155.99,1,0,18,16.15,80.87,0.55,-24.31,0
100317,47.57,613.69,78.45,3,0,17,26.07,190.35,2.81,-11.75,0
100318,30.44,92.51,159.44,1,0,0,30.63,50.99,3.54,-14.48,0
100319,40.5,499.49,161.81,3,0,0,18.89,141.09,1.96,-7.49,0
100320,33.01,647.36,242.29,4,2,17,29.36,47.06,5.84,-0.47,0
100321,36.56,290.3,203.52,2,2,38,24.16,52.39,4.45,28.35,0
100322,45.75,432.08,93.12,2,1,2,23.68,89.52,5.5,-25.05,0
100323,24.22,284.74,326.77,3,1,51,26.56,161.22,4.63,11.33,0
100324,89.74,547.35,202.07,2,0,1,54.1,75.26,1.75,-17.05,0
100325,22.26,170.66,200.75,4,2,16,12.09,130.45,1.49,4.88,0
100326,20.27,73.54,179.09,2,1,16,14.8,178.8,1.12,-11.55,0
100327,58.94,442.18,135.39,2,1,10,36.72,56.66,1.68,1.48,0
100328,49.98,448.79,202.91,2,0,0,65.16,36.04,2.34,22.48,0
100329,46.35,419.97,233.82,1,1,0,47.05,72.71,4.62,-24.24,0
100330,46.44,553.76,68.87,3,0,15,27.97,193.19,1.87,2.66,1
100331,34.81,165.4,133.84,1,0,10,21.97,55.27,3.76,3.29,0
100332,23.37,125.36,156.45,3,0,23,5.73,165.47,2.64,13.35,0
100333,36.21,654.01,207.23,3,1,25,28.4,76.88,4.2,-0.92,0
100334,25.81,167.56,346.98,4,1,7,14.54,258.15,5.16,49.66,0
100335,54.28,419.93,117.74,4,0,0,41.9,346.22,3.44,15.76,0
100336,32.76,221.76,136.88,3,0,39,8.47,167.12,1.31,7.47,0
100337,24.14,112.05,135.78,3,1,0,17.94,33.51,3.61,3.53,0
100338,30.29,477.42,115.83,3,1,1,35.58,21.28,6.51,6.88,0
100339,42.15,226.61,148.71,4,1,0,32.18,93.36,1.64,0.05,0
100340,27.16,108.2,275.03,2,1,25,15.11,155.06,6.23,0.16,0
100341,24.18,135.08,100.82,4,0,35,18.01,121.56,2.0,-24.77,0
100342,39.06,100.49,227.75,3,0,8,28.66,58.3,3.0,6.78,0
100343,39.08,197.52,70.59,3,0,16,50.72,36.9,1.76,6.62,0
100344,27.86,120.19,132.19,3,2,19,18.58,157.23,2.72,3.32,0
100345,28.31,269.89,150.17,2,1,44,12.72,274.5,6.89,3.7,0
100346,38.85,194.22,452.2,3,0,0,29.35,60.21,1.13,9.41,0
100347,18.24,199.04,154.75,1,0,25,14.57,147.66,6.04,4.92,0
100348,18.58,261.69,53.64,2,1,18,16.55,429.05,2.38,-0.69,0
100349,25.33,262.05,59.95,1,1,5,23.78,80.32,2.58,2.96,0
100350,31.79,199.84,183.4,6,0,17,39.39,81.3,1.1,16.46,0
100351,40.26,302.39,252.28,1,0,25,24.2,125.92,1.67,20.01,0
100352,67.98,222.0,221.29,1,0,22,39.32,75.88,4.38,-16.75,0
100353,51.49,337.08,197.38,1,0,50,14.75,201.01,3.92,-7.89,1
100354,32.57,148.27,341.11,1,0,14,29.81,70.63,6.07,12.29,0
100355,34.7,343.73,133.78,2,0,12,18.33,88.34,1.53,6.39,0
100356,22.29,564.81,294.46,1,1,8,21.69,37.88,3.88,-11.55,0
100357,34.71,311.95,73.36,1,1,21,21.77,78.14,2.72,-1.05,0
100358,30.74,79.5,109.42,2,1,11,36.31,49.17,4.74,9.81,0
100359,40.47,236.48,66.63,2,0,12,15.85,110.77,0.56,26.78,0
100360,24.12,179.51,154.75,6,1,12,24.26,33.16,2.91,33.31,0
100361,44.21,323.32,175.48,4,1,9,43.15,162.02,3.35,-29.25,0
100362,69.76,338.86,191.66,3,0,1,61.5,53.36,3.06,10.77,1
100363,33.33,263.74,186.23,2,4,19,15.69,262.51,1.81,-11.39,0
100364,41.93,157.71,108.07,2,0,6,37.02,204.85,4.2,15.31,0
100365,47.75,208.38,162.12,2,1,23,37.32,124.11,3.21,-22.56,1
100366,29.22,282.48,78.99,1,0,13,8.54,35.77,1.2,-12.25,0
100367,38.71,163.08,380.97,2,1,5,44.12,61.75,0.88,-4.61,0
100368,35.2,322.48,152.32,1,0,40,23.36,52.56,3.34,8.06,0
100369,36.57,129.09,137.56,4,1,10,40.97,56.66,1.4,-7.56,0
100370,24.72,418.14,431.33,4,0,23,18.12,231.8,3.16,-12.92,0
100371,35.39,168.2,90.9,3,2,0,35.23,82.12,3.86,-27.65,0
100372,43.79,274.11,96.92,1,0,0,23.43,60.65,0.59,-11.97,0
100373,67.25,555.34,98.5,2,0,1,54.04,57.46,2.42,8.14,0
100374,53.89,284.36,173.4,1,1,0,42.36,65.41,2.08,20.32,0
100375,92.23,693.6,228.23,2,0,7,61.71,123.89,2.23,-17.64,0
100376,24.78,231.28,270.37,3,1,38,13.2,33.9,1.56,-16.24,1
100377,51.83,586.46,740.67,1,0,0,1.0,95.46,5.01,-13.05,0
100378,38.01,395.25,52.24,1,3,0,20.47,116.04,5.52,-3.76,0
100379,93.76,602.31,251.58,1,2,39,86.74,31.77,1.84,0.91,0
100380,24.33,158.26,132.49,1,1,3,9.76,38.45,1.75,-6.6,0
100381,23.99,543.45,130.38,1,2,11,10.86,87.46,0.64,-25.71,0
100382,26.73,300.81,128.01,2,0,26,10.46,213.66,1.67,-32.48,0
100383,13.46,59.42,109.19,5,1,21,10.8,185.2,2.37,-9.4,1
100384,27.63,203.3,454.61,3,2,25,14.55,62.47,1.55,5.98,0
100385,24.87,147.24,286.07,3,0,28,26.24,209.64,1.08,-1.9,0
100386,37.45,245.0,182.31,4,1,0,34.97,74.29,5.92,23.26,0
100387,40.82,154.52,378.42,3,1,0,32.66,73.91,3.33,-24.78,0
100388,81.42,463.86,78.34,3,1,33,67.25,95.22,4.81,-0.47,0
100389,53.68,929.57,86.58,3,2,0,30.02,148.93,2.44,18.92,0
100390,27.0,252.44,54.33,2,0,0,15.1,62.45,1.89,-6.48,0
100391,23.36,47.06,122.52,3,1,0,21.67,70.88,4.23,-21.16,0
100392,43.67,561.71,196.74,3,1,4,42.73,42.56,3.97,-42.57,0
100393,19.32,233.22,190.48,1,0,5,17.88,111.1,1.44,-6.78,0
100394,79.8,466.74,195.41,1,0,0,50.46,157.56,0.5,-9.68,1
100395,59.51,596.24,82.84,4,0,0,38.81,163.46,4.01,-11.74,0
100396,28.34,129.08,279.97,2,2,17,14.65,39.64,3.31,2.49,0
100397,16.19,89.59,205.36,1,0,0,15.25,71.53,2.92,25.23,0
100398,64.37,953.15,269.38,2,1,1,16.71,190.01,2.22,-22.6,0
100399,33.24,203.13,63.56,4,0,0,6.61,103.45,3.02,-16.41,0
100400,61.09,167.91,213.64,1,0,46,15.2,91.86,3.27,-4.21,0
100401,17.08,115.83,93.66,5,0,28,3.66,90.57,3.98,8.81,0
100402,26.73,179.87,144.67,2,1,3,29.11,124.55,3.82,-7.77,0
100403,35.08,447.11,241.5,3,1,0,33.21,106.84,3.02,6.75,0
100404,35.75,252.03,189.25,1,0,12,16.1,63.73,1.96,-23.59,0
100405,28.58,162.06,112.69,2,1,11,20.68,152.7,0.66,-1.29,0
100406,46.32,546.79,180.62,3,1,0,51.72,43.73,3.99,-2.21,0
100407,21.65,160.97,77.53,6,0,0,18.94,198.96,2.9,21.52,0
100408,32.83,157.93,338.87,1,1,2,41.97,52.57,2.85,15.02,0
100409,36.95,460.77,160.78,1,2,0,26.65,125.03,0.94,-0.28,0
100410,44.12,340.22,333.01,3,0,15,25.86,81.53,5.33,-16.25,0
100411,48.21,337.97,134.74,3,0,15,23.13,67.63,2.1,-37.01,0
100412,21.1,161.44,134.96,4,1,0,15.95,203.23,3.93,-15.28,0
100413,17.55,71.92,118.23,4,2,2,17.27,140.55,0.7,30.8,0
100414,62.2,334.42,291.45,4,1,43,48.19,86.87,1.72,-29.18,0
100415,40.65,285.03,121.85,2,1,25,26.84,256.44,1.11,-15.71,0
100416,24.99,158.71,256.59,1,0,3,26.59,162.01,3.56,-0.08,0
100417,70.34,930.28,145.85,2,0,53,62.06,55.51,3.03,16.99,0
100418,36.87,287.73,60.71,2,1,0,26.61,23.19,2.33,-21.18,0
100419,59.5,638.67,131.54,4,1,0,33.22,95.96,1.16,4.96,0
100420,36.08,253.75,94.11,2,1,10,24.76,206.42,7.34,-13.8,0
100421,88.47,1050.2,183.39,2,1,0,76.81,129.83,1.47,-20.28,1
100422,77.11,658.47,93.53,1,0,44,42.79,231.41,2.38,-10.93,0
100423,31.29,220.51,299.54,2,2,15,13.82,62.85,7.34,-2.68,0
100424,54.19,376.84,171.21,5,1,0,34.14,83.89,2.29,-21.04,0
100425,46.79,203.25,163.25,2,0,20,34.52,85.12,5.92,14.73,0
100426,64.8,584.41,258.19,2,1,14,70.68,104.02,3.3,19.74,0
100427,22.67,155.55,305.85,2,3,6,10.43,142.63,5.43,-12.65,0
100428,47.66,259.56,178.02,1,2,0,38.45,239.66,5.54,9.68,0
100429,56.35,685.93,117.78,1,0,0,38.35,271.9,1.36,-24.91,0
100430,15.86,59.43,67.85,1,1,51,10.99,244.63,9.94,-4.77,1
100431,20.55,116.46,123.42,1,2,0,23.32,134.46,5.9,10.56,0
100432,13.98,163.61,128.19,2,1,42,10.77,73.29,2.57,8.76,1
100433,31.0,254.11,190.92,3,0,0,16.17,103.06,5.2,0.18,0
100434,48.34,330.37,148.88,3,1,26,46.99,133.35,2.38,15.99,0
100435,68.81,546.11,262.78,2,1,20,65.64,97.6,5.26,-13.05,0
100436,36.19,277.08,128.49,1,1,23,18.08,52.02,2.41,-0.68,0
100437,72.84,238.84,174.44,3,2,25,32.91,68.2,4.86,-1.21,0
100438,18.81,110.56,345.21,1,0,0,16.04,151.51,3.17,4.3,0
100439,16.26,255.44,217.23,3,2,0,12.06,77.63,5.17,7.09,0
100440,34.14,171.85,174.15,3,1,0,21.59,91.31,2.64,-21.42,0
100441,41.6,248.37,129.27,3,0,15,42.19,85.86,4.77,8.24,0
100442,34.49,184.15,127.06,3,1,0,20.76,52.69,3.11,-20.09,0
100443,13.8,92.52,112.74,1,3,0,11.81,81.21,3.63,11.81,0
100444,33.62,175.84,133.67,4,0,7,35.09,68.38,1.6,24.27,0
100445,19.46,173.75,272.75,4,0,0,12.94,59.43,2.54,-9.51,0
100446,47.31,365.5,159.32,2,1,16,13.85,47.69,5.67,-16.09,0
100447,41.28,425.39,85.68,3,1,0,26.8,84.73,2.54,22.94,0
100448,22.93,94.9,476.02,1,3,0,18.28,130.41,3.18,-3.01,0
100449,27.77,164.0,214.63,4,0,0,27.8,176.29,2.72,-22.18,0
100450,21.73,135.88,83.02,1,0,41,13.47,38.99,3.47,-15.79,0
100451,34.03,299.13,141.17,3,2,0,40.18,235.96,1.3,-14.97,0
100452,53.79,253.27,191.32,3,2,5,22.88,107.29,2.43,16.07,0
100453,22.46,248.52,459.66,2,0,0,17.77,45.77,2.96,-17.18,0
100454,43.91,556.29,97.86,2,1,0,30.31,70.64,0.94,-37.13,0
100455,27.57,117.71,307.9,1,0,43,29.96,29.18,8.98,-2.75,0
100456,24.5,134.16,388.65,3,0,17,9.35,34.01,3.98,2.43,0
100457,33.35,178.95,127.38,3,2,0,28.56,252.82,4.5,6.58,0
100458,21.97,573.4,154.52,3,0,11,15.13,59.16,4.85,-42.67,0
100459,27.28,154.03,101.8,3,0,1,30.89,124.21,3.74,-4.76,1
100460,20.42,330.64,160.94,2,0,10,11.08,84.19,8.26,-8.46,0
100461,84.73,314.84,176.41,2,0,25,72.35,90.97,2.03,4.29,0
100462,35.56,151.76,258.72,2,0,6,19.22,112.24,1.02,-31.8,0
100463,25.55,126.86,327.85,4,0,15,20.36,25.77,2.36,0.25,0
100464,38.54,176.74,119.28,5,1,16,25.34,198.53,5.59,0.72,1
100465,33.27,203.72,61.0,2,0,6,21.75,84.82,1.08,15.03,0
100466,31.69,155.62,177.91,2,0,0,8.02,66.5,2.95,3.31,0
100467,46.14,214.43,211.54,3,1,2,39.39,119.18,1.92,8.43,0
100468,49.22,614.85,206.47,4,1,24,23.6,58.39,5.56,-20.57,0
100469,27.57,355.82,150.4,2,2,26,12.98,101.98,5.18,-3.61,0
100470,27.01,303.93,192.78,2,0,0,9.76,81.5,0.96,17.53,0
100471,30.93,281.32,414.24,2,1,7,15.03,137.88,0.67,-9.49,0
100472,12.42,91.08,222.05,3,0,0,10.87,79.16,2.98,9.6,0
100473,17.7,96.63,146.58,1,4,26,15.27,48.51,3.04,-16.54,0
100474,64.74,281.4,136.71,2,1,3,59.3,111.86,2.47,-5.51,0
100475,73.38,615.84,163.95,3,1,51,36.19,76.51,1.27,-26.35,0
100476,31.29,121.8,442.82,1,1,15,25.15,30.18,1.88,-3.38,0
100477,45.37,193.2,162.74,3,0,33,27.05,101.33,4.52,-14.71,0
100478,40.26,501.59,178.05,3,1,0,39.81,65.19,0.84,15.09,0
100479,139.89,2532.8,138.06,3,1,12,119.81,110.75,5.79,28.42,0
100480,57.93,493.59,329.44,1,1,23,33.94,53.88,2.04,-27.99,0
100481,33.04,402.19,528.94,1,0,0,33.38,43.64,9.79,-20.65,0
100482,22.77,140.94,230.63,2,1,12,19.96,182.71,1.55,11.77,0
100483,16.99,60.92,188.38,1,0,30,6.85,149.26,4.13,-13.58,0
100484,38.36,364.64,183.68,3,1,6,12.74,89.65,12.43,-3.36,0
100485,24.9,231.72,48.5,2,1,0,10.29,117.03,2.15,20.58,1
100486,18.45,133.9,271.18,4,3,44,21.45,146.36,2.88,21.0,0
100487,26.16,162.25,193.78,2,1,0,12.98,89.45,5.92,-21.66,0
100488,21.51,243.63,227.82,5,3,14,26.22,43.58,4.9,26.9,0
100489,74.78,319.77,121.71,1,1,0,36.13,107.72,5.75,7.98,0
100490,52.04,247.42,145.69,1,0,0,23.76,164.21,6.49,13.01,0
100491,34.87,147.47,143.58,2,1,25,33.83,128.47,1.07,-12.1,0
100492,68.12,497.56,315.72,2,0,8,66.86,93.26,3.67,-13.63,1
100493,36.24,147.25,146.15,2,1,19,32.22,126.34,6.42,-28.22,1
100494,23.75,118.1,565.9,6,2,0,21.83,78.72,2.67,-20.74,0
100495,69.46,341.65,228.13,1,0,21,38.17,168.4,3.74,8.21,0
100496,44.61,274.09,89.24,1,3,0,42.74,201.97,3.69,4.85,0
100497,21.95,73.03,167.71,2,2,0,17.78,41.35,2.38,9.76,0
100498,32.13,234.91,125.78,1,0,45,21.16,175.8,2.7,1.48,0
100499,23.6,308.24,53.84,4,1,22,18.26,344.53,1.68,-2.41,1
100500,18.79,140.72,433.84,3,1,16,19.07,123.37,3.04,-12.6,0
100501,53.1,803.28,264.99,3,0,34,45.02,162.4,6.7,-6.31,1
100502,82.65,1127.2,241.34,2,2,16,17.4,61.04,6.56,11.41,0
100503,18.65,192.63,197.14,1,0,0,18.15,66.53,2.17,10.18,0
100504,45.09,327.65,84.17,2,0,8,43.0,79.37,0.83,1.73,0
100505,26.12,184.88,137.96,4,0,0,17.11,70.69,3.13,-16.12,0
100506,28.11,288.29,285.98,1,0,2,21.9,40.96,0.87,-9.28,0
100507,26.81,154.29,100.97,1,0,0,20.86,81.14,2.29,-22.31,0
100508,23.73,64.79,44.72,1,2,0,6.05,148.66,5.63,-7.42,0
100509,35.77,320.25,158.86,3,1,28,23.24,41.29,2.33,-27.1,0
100510,24.08,95.76,166.5,5,2,17,15.88,100.21,4.45,-7.1,0
100511,39.53,171.04,193.93,5,0,2,28.08,98.38,1.4,-12.05,0
100512,34.22,239.55,268.71,1,0,0,21.16,75.11,6.0,-2.22,0
100513,31.43,209.8,255.61,1,1,4,28.78,121.23,2.34,-13.72,0
100514,23.26,80.38,207.53,4,0,0,12.74,114.6,5.41,8.96,1
100515,27.0,205.3,347.41,3,1,14,26.39,71.98,6.03,-26.67,0
100516,49.17,557.94,78.06,1,1,29,44.45,170.09,2.44,-25.93,0
100517,43.85,174.6,237.57,1,0,54,47.8,125.99,1.28,-6.07,1
100518,22.54,298.15,254.06,3,0,0,26.68,231.34,3.07,1.95,0
100519,36.6,117.43,91.03,2,0,28,43.38,86.48,1.41,-8.18,0
100520,49.08,990.34,78.76,4,1,0,22.26,74.2,2.47,-6.92,0
100521,16.51,94.1,119.43,2,1,0,13.81,79.42,3.16,-0.6,1
100522,44.69,336.49,125.1,4,0,0,25.5,182.51,2.95,5.45,0
100523,25.98,70.6,272.42,3,2,14,40.78,82.32,1.16,-8.41,0
100524,45.25,307.03,128.38,2,2,0,40.88,85.39,5.42,0.84,0
100525,24.83,194.81,112.39,4,1,1,27.41,291.89,3.07,12.75,0
100526,15.54,104.17,128.58,4,0,4,13.34,40.17,5.98,-22.53,1
100527,16.83,88.88,333.02,1,1,0,1.53,111.49,5.65,16.97,0
100528,35.77,155.96,181.3,2,0,0,19.82,86.74,5.06,15.83,0
100529,39.34,484.64,163.1,2,0,0,22.76,77.44,9.36,-14.54,0
100530,23.3,165.62,169.43,3,2,13,15.2,50.79,2.34,5.81,0
100531,46.65,705.57,366.35,3,1,13,39.18,60.43,2.21,-25.0,0
100532,16.57,89.15,119.21,2,3,0,14.51,70.45,5.07,2.52,0
100533,33.97,191.35,371.11,2,1,18,3.17,121.18,1.71,18.47,0
100534,20.3,213.6,202.09,1,1,37,14.02,150.1,2.92,-17.69,0
100535,26.1,81.16,164.8,3,0,12,16.41,30.95,4.26,-13.38,0
100536,35.75,136.44,712.27,1,0,35,39.16,43.77,5.8,3.42,0
100537,23.76,287.96,100.72,3,0,52,21.34,125.03,2.98,-7.2,0
100538,29.44,114.69,148.18,4,2,57,20.73,131.52,0.5,0.87,0
100539,55.05,155.18,91.39,3,0,0,44.36,37.4,5.6,34.66,0
100540,27.0,481.03,303.93,1,1,0,8.86,152.08,5.9,-8.22,0
100541,50.98,177.76,455.78,4,0,4,46.66,89.25,2.42,-25.52,0
100542,21.05,161.57,450.98,3,0,14,13.71,140.9,4.44,-11.9,0
100543,44.42,321.89,352.88,1,1,40,24.35,53.99,6.39,0.78,0
100544,66.96,114.97,161.46,3,0,23,72.22,39.09,5.81,-21.19,0
100545,11.51,70.48,147.24,1,0,0,9.42,74.79,4.94,-12.26,0
100546,24.45,214.19,71.79,3,1,0,14.27,76.8,3.86,15.76,0
100547,45.38,379.21,551.53,2,0,11,27.18,74.27,9.76,22.48,0
100548,31.94,351.3,232.97,3,2,0,26.88,71.21,3.43,-7.91,0
100549,41.36,238.54,137.33,3,1,12,34.0,248.52,0.62,-7.52,0
100550,26.67,266.59,373.68,4,1,0,20.2,32.46,2.55,-20.4,0
100551,36.39,180.47,105.42,2,3,0,16.35,54.21,3.07,1.81,0
100552,32.63,112.84,225.11,2,0,0,15.86,70.01,4.12,33.85,0
100553,59.2,216.57,163.7,4,0,19,33.32,91.3,2.28,-7.53,0
100554,39.25,132.25,255.76,3,0,19,27.51,137.88,3.31,-7.0,0
100555,40.74,472.47,173.81,3,1,13,30.14,151.26,5.58,5.44,0
100556,29.08,95.45,81.04,1,1,29,20.65,171.7,8.8,-8.78,0
100557,28.1,225.62,187.64,4,3,27,20.28,120.14,1.33,-8.52,0
100558,28.81,176.56,320.48,2,1,15,35.16,31.87,3.02,18.73,0
100559,41.8,277.95,177.13,3,0,13,40.22,33.15,1.27,-21.39,0
100560,28.96,400.86,275.69,1,0,14,30.32,179.14,2.63,-18.24,0
100561,39.87,224.18,101.28,3,1,9,34.53,172.33,1.9,7.66,0
100562,89.06,846.4,177.42,2,1,0,68.4,131.82,4.18,-4.25,0
100563,51.8,369.46,127.67,4,1,32,44.16,55.02,3.73,-18.13,0
100564,30.22,196.08,271.45,3,0,19,24.37,74.17,2.18,2.36,0
100565,60.09,1328.48,183.14,3,0,0,57.21,70.84,3.14,-7.0,0
100566,29.13,99.18,263.09,2,0,37,14.75,48.67,1.84,0.57,0
100567,13.99,186.54,327.4,4,1,1,13.03,105.13,4.72,-6.24,0
100568,22.24,216.12,263.31,2,0,10,17.61,328.03,3.67,-24.2,0
100569,15.08,83.07,209.18,3,0,30,4.5,66.85,3.57,13.89,0
100570,29.88,472.36,103.95,2,1,15,23.05,195.95,0.78,23.39,0
100571,35.29,98.05,179.72,3,0,36,14.94,52.91,9.6,-15.81,0
100572,74.42,401.33,134.26,3,2,5,45.86,35.8,1.29,22.16,0
100573,40.55,155.11,148.97,2,1,42,28.8,162.76,1.65,-3.59,0
100574,31.71,272.79,146.49,2,0,0,11.84,78.93,8.66,-47.44,0
100575,50.83,203.97,105.0,4,1,35,37.44,192.97,2.17,4.38,0
100576,12.94,112.48,61.34,2,0,0,9.93,217.53,9.52,-35.02,0
100577,38.91,248.16,124.65,2,0,0,36.53,76.15,4.12,-9.33,0
100578,49.51,272.73,200.2,1,1,17,31.52,201.47,1.18,8.6,0
100579,17.99,152.97,85.75,2,0,4,14.73,53.21,4.49,5.13,0
100580,58.56,358.4,181.56,3,0,10,42.52,52.71,1.7,-12.81,0
100581,40.76,165.55,511.89,3,1,12,26.31,171.26,8.62,7.42,0
100582,29.03,824.74,315.97,3,0,0,9.65,35.56,2.25,11.52,0
100583,46.53,255.3,444.48,4,0,0,33.6,89.92,1.64,-11.04,0
100584,97.24,224.59,223.2,1,0,16,91.03,190.49,3.84,-7.12,1
100585,37.98,174.52,342.09,3,0,0,19.62,198.32,2.73,0.99,0
100586,39.14,145.38,120.88,2,0,36,27.22,69.42,5.14,-19.36,0
100587,28.46,301.15,126.29,4,0,8,20.85,164.9,5.43,-14.15,0
100588,23.88,196.3,39.9,3,1,24,24.49,45.88,2.67,12.99,0
100589,50.86,434.53,345.62,4,1,19,38.52,60.3,3.23,32.46,0
100590,23.81,138.52,419.95,1,2,1,19.57,103.34,5.31,7.11,0
100591,36.15,220.04,132.78,1,2,0,27.03,112.9,7.08,1.97,0
100592,28.23,164.16,156.54,1,1,33,17.7,48.0,3.93,25.44,0
100593,43.42,291.84,118.91,3,0,0,20.25,275.11,3.71,-15.89,0
100594,40.67,432.28,222.16,4,1,4,27.6,29.18,4.05,-0.76,0
100595,55.83,462.29,334.18,2,3,9,47.36,92.98,4.2,10.43,0
100596,27.82,250.09,69.02,1,1,11,21.72,101.23,3.15,-14.46,0
100597,31.0,278.55,225.46,1,0,29,34.71,31.55,13.19,-26.59,0
100598,22.53,245.44,154.59,2,1,12,22.23,199.2,3.81,10.34,0
100599,28.66,231.69,191.58,2,1,9,30.38,57.72,0.63,12.28,0
100600,41.48,347.4,231.69,2,0,30,10.03,95.48,1.96,10.65,0
100601,49.2,624.1,162.3,1,2,22,56.33,109.58,2.49,10.92,1
100602,23.11,116.02,170.03,6,0,0,18.88,37.61,1.19,-0.66,0
100603,51.76,236.21,160.02,3,1,0,44.11,47.3,1.48,0.14,0
100604,64.42,249.22,306.93,2,1,0,62.74,229.9,3.7,1.45,1
100605,42.16,323.36,226.62,2,0,11,31.84,86.51,1.36,14.62,0
100606,81.44,225.64,203.22,1,0,0,39.29,17.84,2.27,2.19,0
100607,24.71,217.92,89.47,2,0,13,27.47,75.09,2.02,-0.71,0
100608,19.99,132.5,146.17,2,1,9,11.15,88.24,1.89,3.01,0
100609,15.72,194.06,295.07,2,2,0,7.92,102.66,2.91,4.69,0
100610,68.62,343.27,183.77,2,2,0,47.44,27.13,2.52,-17.88,0
100611,46.98,297.1,258.71,2,1,0,30.7,88.43,1.64,18.83,0
100612,34.14,418.78,475.58,1,1,5,25.63,54.61,7.29,-11.94,0
100613,39.7,554.91,318.68,1,1,31,28.8,102.76,5.22,-0.93,0
100614,21.09,105.08,189.46,3,0,0,22.92,121.95,2.48,-16.08,0
100615,105.21,806.53,135.9,2,1,0,90.99,114.41,4.71,-5.04,0
100616,37.1,300.85,44.19,3,0,9,19.87,208.97,7.88,6.04,0
100617,36.77,310.23,164.08,4,1,0,20.95,335.01,1.43,2.69,0
100618,48.52,297.84,150.45,3,0,0,31.68,45.59,2.85,-10.05,0
100619,43.46,577.32,223.11,1,0,21,28.42,71.57,1.9,-12.31,1
100620,38.71,105.34,165.39,2,1,3,24.05,140.56,2.34,1.9,0
100621,24.52,139.07,150.92,1,0,0,11.64,83.41,7.12,14.21,0
100622,43.27,378.94,67.65,4,2,0,35.6,17.57,3.0,19.51,0
100623,81.64,718.22,107.34,1,1,51,51.93,80.18,7.44,28.22,0
100624,64.12,882.78,233.95,2,0,32,32.83,188.73,3.13,-12.53,0
100625,71.69,913.52,462.53,2,2,3,62.46,38.98,2.99,-13.55,0
100626,27.81,168.75,170.6,1,0,13,26.75,102.73,2.22,-3.77,0
100627,22.42,300.63,215.56,2,0,3,15.44,28.66,3.22,-4.62,0
100628,33.07,162.01,303.94,3,0,21,39.54,151.69,4.65,-23.47,0
100629,35.89,400.13,115.23,1,1,0,46.79,104.04,0.81,10.6,0
100630,57.27,991.19,220.24,2,1,2,50.06,64.0,5.79,-13.63,0
100631,16.34,210.0,119.78,5,1,20,10.34,70.04,0.66,-11.7,0
100632,69.66,514.11,289.63,4,2,38,56.93,36.61,2.35,4.46,0
100633,32.6,193.3,195.63,2,2,25,14.47,164.74,1.34,-19.92,1
100634,28.88,94.15,212.11,1,0,34,15.37,55.71,2.33,-5.8,0
100635,22.2,181.47,117.04,3,1,6,7.31,121.51,3.48,9.11,1
100636,16.62,66.62,265.56,5,1,0,9.85,50.53,5.54,-1.26,0
100637,50.69,238.68,566.54,2,1,0,22.4,336.59,5.33,9.2,0
100638,36.17,139.61,103.4,1,0,13,32.77,229.43,1.29,12.73,0
100639,19.59,108.92,149.32,3,0,18,11.02,312.33,3.49,-3.27,0
100640,19.54,134.89,204.45,2,1,6,16.01,335.0,6.23,-52.28,0
100641,30.09,241.52,277.41,3,0,0,28.2,61.5,3.66,16.43,0
100642,74.17,384.55,132.32,2,0,34,77.35,52.95,4.68,-2.71,0
100643,31.14,372.07,37.89,4,0,23,20.6,303.53,2.31,9.86,0
100644,17.8,112.25,380.13,4,0,35,14.73,82.7,2.81,18.51,1
100645,31.34,147.94,273.48,1,1,0,26.19,148.37,0.5,-29.38,0
100646,30.96,242.66,69.02,2,1,0,33.06,62.02,2.38,-2.06,0
100647,10.4,194.31,128.87,3,0,33,9.84,62.63,2.3,21.15,0
100648,34.16,282.71,426.43,1,1,11,36.75,148.08,1.51,-5.09,0
100649,31.55,184.18,399.11,1,2,1,10.53,27.6,0.85,12.64,0
100650,47.88,156.15,301.63,1,0,3,27.96,143.99,4.79,-18.43,0
100651,80.43,504.51,163.38,1,0,11,81.07,123.28,6.97,5.18,0
100652,58.11,457.45,188.41,4,0,30,52.02,65.48,3.22,-20.77,0
100653,31.01,178.84,167.49,2,1,9,22.29,91.32,2.29,11.52,0
100654,21.27,64.76,334.79,2,1,26,13.43,100.32,2.3,-8.78,0
100655,111.43,509.78,111.19,2,2,20,105.54,103.75,8.13,19.44,0
100656,35.95,520.7,115.56,1,0,0,9.17,136.17,3.53,19.99,0
100657,35.22,504.98,313.75,5,1,0,33.39,55.19,2.82,-11.06,0
100658,34.62,155.57,175.66,4,0,3,26.75,454.16,9.27,23.19,0
100659,38.26,374.94,384.18,2,0,0,24.02,79.56,5.07,-10.79,0
100660,32.8,127.36,124.42,3,1,2,28.72,83.21,5.93,8.19,0
100661,27.04,381.94,174.66,3,0,39,17.67,289.06,2.57,-2.48,0
100662,27.36,216.54,108.38,3,2,11,20.72,30.04,5.58,-8.33,0
100663,34.49,388.13,180.73,2,1,0,25.47,287.25,2.3,10.02,0
100664,27.41,81.38,79.82,1,2,46,25.66,95.19,3.17,-9.68,0
100665,25.4,249.46,137.66,2,0,0,20.06,65.48,5.06,-10.51,0
100666,36.72,256.04,81.7,5,0,0,10.01,45.97,5.05,-1.91,0
100667,31.21,334.45,263.65,3,1,34,12.54,42.03,4.77,11.63,0
100668,68.86,761.65,266.96,1,0,23,32.98,73.31,0.6,1.54,0
100669,10.62,76.8,69.5,1,0,9,9.17,106.34,1.75,-7.38,0
100670,57.2,296.49,374.88,3,0,26,50.86,130.75,2.38,-9.7,0
100671,61.32,633.87,710.9,4,0,17,71.6,105.57,5.01,-5.13,0
100672,13.77,93.52,184.61,1,2,0,6.83,66.27,2.87,6.18,0
100673,30.0,135.73,126.51,3,0,0,32.32,201.04,1.31,-18.11,0
100674,29.61,130.85,850.94,2,0,1,7.86,447.69,3.8,-11.92,0
100675,18.58,62.13,87.14,4,1,31,14.02,220.65,5.4,9.84,0
100676,24.66,133.77,182.0,1,2,4,20.01,72.55,1.16,-14.41,0
100677,21.23,257.97,198.69,8,2,20,17.21,121.64,1.7,-10.64,0
100678,77.0,589.16,377.2,1,1,15,51.79,126.41,1.92,-2.46,0
100679,53.32,286.41,219.38,3,1,0,41.57,235.57,3.04,-14.19,0
100680,62.03,649.29,136.83,2,0,4,27.37,73.47,4.14,-8.9,0
100681,48.43,223.58,106.68,2,0,18,46.8,50.44,3.97,-0.01,0
100682,21.06,154.6,149.15,1,0,0,17.11,177.7,2.66,8.77,0
100683,27.64,176.87,103.46,1,2,5,23.23,114.85,2.97,-13.47,0
100684,43.62,450.81,184.8,1,1,19,29.67,46.27,3.39,-14.31,0
100685,20.19,64.24,131.98,2,1,13,13.49,137.44,6.32,15.1,0
100686,48.24,220.75,79.14,2,1,30,42.51,271.17,6.35,-11.72,0
100687,31.41,96.93,358.99,4,3,18,36.05,59.36,5.36,-13.23,1
100688,29.57,181.78,136.9,1,0,0,11.87,52.73,2.4,-31.95,0
100689,48.2,618.26,89.61,3,0,3,18.75,91.64,1.26,14.61,0
100690,42.75,232.4,164.09,2,1,12,34.9,135.37,4.75,18.62,0
100691,29.75,161.33,186.9,1,0,36,19.84,86.04,2.52,-2.29,0
100692,58.97,638.31,68.88,3,1,3,46.06,177.77,7.21,0.94,0
100693,21.52,256.99,216.02,4,1,0,16.01,105.24,0.98,-1.99,0
100694,46.18,309.25,101.19,3,0,19,41.81,165.14,2.65,-18.43,0
100695,45.71,450.57,461.29,1,1,0,31.01,58.4,8.91,7.31,0
100696,30.45,124.4,240.12,2,0,0,13.64,43.09,4.06,18.5,0
100697,40.53,565.1,144.46,2,2,12,22.4,73.39,1.65,-2.03,0
100698,19.93,408.55,119.48,1,2,29,14.15,40.12,0.5,8.71,0
100699,53.05,481.87,169.9,2,4,1,23.14,115.05,3.68,-15.15,0
100700,32.21,79.51,252.14,2,0,20,23.86,26.84,5.56,-16.49,0
100701,27.66,146.48,177.49,2,2,24,21.17,68.59,7.9,5.02,0
100702,56.11,533.64,159.74,3,0,26,37.07,75.81,1.21,20.88,0
100703,25.49,144.54,185.87,3,1,0,20.45,48.03,5.02,-11.09,0
100704,18.57,245.56,129.13,3,0,0,6.43,74.89,1.27,-4.73,0
100705,17.37,163.18,149.04,5,0,0,8.89,90.23,4.05,5.88,0
100706,45.97,226.04,57.16,2,1,26,21.35,192.74,1.33,-8.68,0
100707,19.67,139.94,307.51,4,1,24,19.08,48.2,4.0,5.28,0
100708,77.09,345.16,212.15,5,1,0,102.27,111.52,0.82,-16.27,0
100709,13.71,87.63,117.63,2,0,50,7.27,125.62,5.17,4.53,1
100710,75.09,398.36,511.46,3,1,0,51.9,88.86,4.67,-5.48,0
100711,38.49,484.73,188.82,2,0,29,22.19,66.75,4.3,-25.96,0
100712,33.51,675.7,101.81,1,0,39,26.99,45.44,2.22,-17.47,0
100713,27.39,93.73,288.35,2,2,13,16.38,281.17,2.98,2.92,0
100714,41.89,112.09,224.05,3,0,0,34.38,94.01,4.68,18.34,0
100715,34.41,213.09,223.63,4,0,0,31.53,74.48,4.61,-21.67,0
100716,57.5,188.39,142.42,1,0,7,25.53,321.42,8.27,13.27,0
100717,36.85,263.95,230.61,3,0,31,30.14,102.84,4.48,4.24,0
100718,37.45,381.21,155.86,4,1,0,11.29,414.02,7.85,12.4,0
100719,29.72,439.09,244.38,2,0,0,20.38,38.48,6.97,-4.31,0
100720,34.11,264.1,63.13,2,2,18,22.83,78.06,2.66,7.46,0
100721,40.2,255.49,141.79,2,3,22,27.85,39.56,1.32,25.74,0
100722,16.21,42.2,464.12,2,0,47,10.89,83.64,2.46,0.86,0
100723,19.08,135.32,118.05,5,1,0,11.95,83.4,0.65,-16.67,0
100724,48.9,354.73,129.13,3,0,9,33.43,68.37,2.3,19.75,0
100725,37.8,364.17,140.69,2,1,32,30.6,92.96,3.3,5.95,0
100726,32.22,158.26,92.28,3,1,14,26.31,70.4,4.24,1.67,0
100727,35.29,198.75,53.43,3,1,8,27.49,84.23,2.53,24.84,0
100728,40.93,136.82,158.56,5,1,26,24.83,57.19,5.32,19.11,0
100729,27.45,61.11,193.97,1,1,1,28.0,213.9,6.88,5.19,0
100730,24.66,99.16,174.88,3,1,27,27.9,46.27,4.95,-15.56,0
100731,38.22,122.02,166.21,1,3,0,16.36,102.23,5.45,-7.52,0
100732,22.54,186.67,184.31,4,1,0,17.83,44.0,3.25,0.86,0
100733,42.06,227.22,315.93,1,0,7,26.62,54.53,6.87,-2.41,0
100734,16.27,87.01,162.1,1,0,0,15.97,58.14,4.78,-9.11,0
100735,55.62,237.98,131.26,2,1,13,41.54,83.16,2.32,-4.91,0
100736,43.29,60.2,154.21,4,0,0,33.05,99.99,6.82,13.77,0
100737,39.27,584.42,247.55,4,0,17,34.32,46.33,1.21,1.1,0
100738,54.47,231.21,391.34,1,2,15,36.8,70.23,3.68,-9.06,0
100739,74.06,421.79,127.42,3,1,10,86.6,49.66,4.95,7.87,0
100740,55.25,186.84,190.07,3,2,19,48.48,48.36,2.28,6.41,0
100741,15.29,173.96,216.82,2,0,15,15.02,177.67,1.83,-2.54,0
100742,19.68,147.99,104.28,3,2,6,13.67,39.04,7.33,-18.64,0
100743,26.42,122.35,182.03,4,2,44,19.0,94.12,0.5,-3.8,0
100744,35.41,203.75,80.39,3,0,19,33.75,249.3,0.81,-2.16,0
100745,44.18,715.72,68.03,2,1,25,40.99,185.58,5.56,11.22,0
100746,25.25,170.41,220.23,2,0,31,11.05,116.17,1.94,-12.73,0
100747,38.07,243.33,145.74,1,3,24,29.77,89.13,2.2,-6.15,0
100748,24.91,108.92,201.18,4,2,49,21.64,140.02,1.83,21.07,0
100749,26.58,72.15,178.24,3,1,14,19.07,112.33,1.86,-5.57,0
100750,18.58,120.09,105.21,2,1,11,15.7,211.32,2.94,-2.43,0
100751,23.1,190.29,175.58,3,0,0,16.82,83.06,8.2,25.39,0
100752,19.05,231.09,91.35,2,0,7,3.59,164.1,4.18,-15.42,0
100753,22.56,51.31,386.83,2,3,0,9.53,74.02,4.69,17.74,0
100754,56.23,224.27,85.39,4,0,24,55.88,280.31,4.36,-7.73,0
100755,22.83,119.54,161.62,3,0,0,15.73,81.67,0.5,1.26,0
100756,114.43,799.58,101.46,6,0,13,91.25,34.07,2.4,2.39,0
100757,43.7,284.5,246.33,2,2,22,32.73,94.3,4.51,-5.49,0
100758,38.04,250.53,150.01,3,0,14,20.68,142.39,3.08,-16.12,0
100759,23.79,204.19,135.33,1,0,0,15.06,239.13,1.24,-11.91,0
100760,47.97,213.74,287.79,5,0,24,39.92,49.51,0.99,-5.05,0
100761,27.01,301.66,182.94,2,2,10,23.17,31.6,1.8,-13.73,0
100762,36.98,321.47,239.15,2,1,0,47.96,121.25,2.32,-2.08,0
100763,110.76,660.75,104.92,2,0,0,69.84,119.02,3.44,-13.38,1
100764,33.52,522.43,83.12,1,0,37,39.14,38.6,1.07,-15.48,0
100765,58.7,894.83,190.93,4,3,38,31.4,73.85,0.63,-25.75,0
100766,25.51,284.65,151.05,4,1,21,22.25,75.87,2.9,23.27,0
100767,34.45,53.32,254.04,2,0,26,27.37,147.48,3.89,-3.48,0
100768,77.65,1197.02,172.26,2,0,0,55.79,70.22,1.6,-12.11,0
100769,26.4,274.93,201.49,1,1,7,19.76,69.3,3.04,-16.7,0
100770,79.12,1510.3,73.71,5,1,34,47.02,96.41,6.51,-10.18,1
100771,48.13,625.45,508.57,2,0,19,46.97,39.37,1.55,-29.95,0
100772,27.17,418.77,164.45,2,0,13,14.66,281.54,5.83,-11.01,0
100773,46.52,505.31,264.18,3,0,8,38.58,157.63,2.02,8.63,0
100774,54.22,744.9,113.65,2,0,33,50.91,59.07,1.18,-11.69,0
100775,46.3,878.43,213.23,2,1,32,50.75,46.03,1.82,7.27,0
100776,17.27,134.68,87.92,4,1,23,17.14,48.22,5.06,11.74,0
100777,25.23,80.47,230.81,2,0,13,22.54,127.98,1.91,7.66,0
100778,31.31,187.94,147.99,4,0,5,18.49,49.09,5.57,-1.49,0
100779,33.85,287.94,182.91,1,1,24,18.74,77.49,2.73,15.63,0
100780,46.28,336.3,264.24,2,0,0,21.54,32.63,1.24,14.86,0
100781,37.91,142.3,91.38,1,1,0,16.74,124.53,1.79,-12.6,0
100782,19.19,59.43,123.53,2,1,0,14.39,127.37,3.34,-14.99,0
100783,41.53,200.69,231.48,1,1,34,23.6,80.57,1.97,-8.61,0
100784,46.07,482.94,570.77,3,1,0,48.36,101.08,2.32,-6.66,1
100785,45.03,694.6,166.84,5,0,19,27.25,145.08,0.74,15.58,0
100786,56.92,630.11,249.16,3,2,9,44.03,99.47,2.7,9.98,0
100787,50.94,605.01,169.72,4,0,64,34.83,143.79,2.79,0.03,1
100788,43.03,289.3,523.84,3,0,19,17.17,44.66,1.26,0.57,0
100789,33.91,99.35,68.85,3,1,0,34.67,112.96,3.85,-18.36,0
100790,16.58,92.41,189.62,3,0,33,15.31,101.08,5.08,14.49,0
100791,42.46,261.18,73.62,4,1,5,40.45,185.12,6.55,0.68,0
100792,38.43,209.81,45.35,1,0,8,34.54,91.66,3.39,-17.72,0
100793,39.55,284.52,211.99,1,0,0,22.15,84.89,4.75,-27.26,0
100794,19.7,171.99,194.35,2,1,15,11.13,64.43,4.71,-21.07,0
100795,21.52,230.74,153.9,4,1,15,18.57,220.2,4.19,-0.89,0
100796,56.22,342.45,169.79,1,0,0,63.85,21.89,3.94,-40.18,0
100797,34.38,92.91,989.32,2,1,2,29.1,122.3,1.09,-19.53,1
100798,47.56,261.52,156.17,1,0,13,47.31,88.91,1.14,5.21,0
100799,35.45,253.62,238.3,5,0,0,21.93,80.61,5.18,-8.55,0
100800,35.47,457.63,125.94,2,0,0,36.34,73.86,8.85,-28.63,0
100801,53.39,281.35,211.73,2,1,42,34.44,87.03,2.4,-11.47,0
100802,27.75,250.96,157.89,1,1,17,22.48,119.93,4.97,-3.46,0
100803,36.55,295.76,143.62,4,2,2,24.06,55.86,3.5,12.09,1
100804,28.43,203.4,489.48,4,0,0,27.64,97.59,2.78,4.82,0
100805,28.78,320.86,343.92,3,0,10,28.08,111.08,4.76,4.28,0
100806,30.45,153.19,194.06,2,0,29,11.6,50.78,2.35,8.79,0
100807,38.68,203.09,50.69,4,2,59,41.83,121.77,4.27,-27.12,1
100808,28.22,196.34,147.58,3,2,46,37.93,111.63,3.81,16.67,0
100809,61.59,313.02,796.02,4,0,0,40.72,55.73,3.7,16.71,0
100810,23.4,211.18,158.55,3,0,3,16.81,44.12,5.99,-11.18,0
100811,32.18,157.68,330.21,1,1,0,34.1,55.29,1.61,-46.93,0
100812,28.72,225.1,397.83,3,2,0,22.02,97.62,1.62,17.94,0
100813,67.12,446.89,203.04,3,1,8,50.27,85.99,2.82,-43.27,0
100814,38.24,298.02,113.29,3,0,5,46.81,207.71,1.96,3.68,0
100815,55.68,309.74,47.16,4,3,48,22.91,72.21,2.98,-8.76,0
100816,17.94,105.98,262.24,2,0,0,9.91,52.79,2.42,-11.02,0
100817,39.47,289.87,114.99,2,0,11,33.72,133.49,3.2,-8.48,0
100818,52.23,404.49,198.31,2,1,0,18.03,49.99,5.31,-0.01,0
100819,36.32,253.71,90.52,3,1,17,23.85,56.0,1.77,-34.16,0
100820,56.53,928.35,155.57,3,0,0,37.0,56.44,1.63,-4.86,0
100821,27.73,118.29,183.37,2,1,31,27.47,14.9,4.23,-23.42,0
100822,65.99,447.36,208.66,1,1,6,60.93,126.46,1.5,-9.56,0
100823,98.48,313.86,97.5,3,0,0,32.42,158.19,7.32,0.43,0
100824,29.73,250.64,347.67,1,0,0,17.14,155.99,6.15,11.14,0
100825,28.64,114.8,129.63,1,2,0,16.54,278.96,7.42,-13.03,0
100826,67.31,409.99,71.66,3,0,16,46.84,222.3,1.36,24.85,0
100827,71.25,414.07,169.52,1,1,19,33.89,73.66,3.52,-15.4,0
100828,27.66,222.83,183.44,1,4,3,23.87,175.1,1.64,-15.02,0
100829,28.97,153.82,196.62,2,0,28,16.7,84.88,7.73,13.43,0
100830,30.83,160.26,380.74,2,0,0,27.66,69.7,2.93,-5.72,0
100831,19.11,274.29,158.05,3,0,0,14.32,57.19,3.66,0.7,0
100832,23.15,186.82,168.54,2,1,17,11.73,76.65,2.41,-9.34,0
100833,22.28,117.79,98.12,4,2,35,24.44,109.64,4.33,-7.61,0
100834,24.78,152.98,282.66,2,0,35,27.36,232.41,2.97,3.25,0
100835,34.46,549.13,199.2,3,0,0,28.34,139.35,4.37,17.07,0
100836,38.89,242.03,142.87,1,0,2,26.84,56.66,3.4,0.1,0
100837,70.32,348.75,63.14,2,1,25,34.17,48.1,5.34,4.43,0
100838,22.33,111.0,398.37,2,2,0,22.73,126.59,4.82,12.72,0
100839,54.51,289.93,91.63,2,0,13,52.09,154.66,7.99,-8.98,1
100840,31.79,165.29,130.03,7,1,0,17.37,187.97,2.25,-16.69,0
100841,34.23,126.37,219.21,3,0,0,19.79,76.6,5.44,-17.36,0
100842,47.42,189.2,93.21,2,3,0,40.98,119.28,3.31,-15.29,0
100843,21.12,97.65,79.16,3,1,29,9.63,150.4,5.04,-17.66,1
100844,41.57,391.16,55.97,5,1,12,24.68,40.01,2.46,14.5,0
100845,37.72,218.23,267.6,2,0,34,18.48,106.32,1.51,-30.26,0
100846,43.68,275.69,133.37,2,3,21,21.75,154.84,4.37,6.86,0
100847,39.86,526.59,900.5,3,1,40,22.72,122.25,2.31,-20.38,0
100848,105.66,1413.25,104.17,2,1,26,103.18,85.75,1.7,24.87,0
100849,26.27,159.69,108.44,2,0,25,8.18,430.86,2.75,4.04,0
100850,27.56,140.73,131.89,2,2,9,23.66,286.61,4.29,-15.14,0
100851,26.44,120.14,205.75,1,0,66,21.54,90.51,8.18,-10.12,0
100852,27.26,269.8,138.98,1,2,14,27.04,80.32,2.94,-3.26,0
100853,26.27,166.02,252.08,1,1,0,21.39,137.0,3.18,7.53,1
100854,59.76,344.84,105.08,1,0,16,39.16,86.95,2.88,3.04,0
100855,66.33,309.1,84.19,2,2,0,36.23,193.01,2.84,-2.2,0
100856,27.07,128.97,66.95,4,0,30,27.01,42.08,2.85,-12.6,0
100857,24.07,197.7,52.98,3,0,25,21.04,77.9,3.74,-6.35,0
100858,43.27,156.91,135.37,5,1,8,27.12,135.77,2.71,18.13,0
100859,27.3,314.25,152.54,1,1,0,26.68,164.36,5.56,29.92,0
100860,46.53,249.42,127.19,1,2,14,29.71,37.01,3.78,14.54,0
100861,38.35,249.08,356.68,3,1,0,28.75,50.77,2.53,-16.34,0
100862,17.69,63.48,353.67,2,0,26,10.6,32.92,3.98,19.49,0
100863,70.23,488.56,149.73,3,1,22,62.04,53.3,6.39,-6.96,0
100864,78.53,466.49,67.11,1,0,64,39.38,41.82,6.15,-1.95,0
100865,26.56,181.36,131.8,2,1,3,17.94,124.37,4.43,-20.93,0
100866,29.4,429.51,129.42,1,0,6,17.24,103.26,7.67,-0.3,0
100867,39.8,304.52,125.4,1,1,9,32.48,82.07,7.92,-13.78,0
100868,40.68,191.41,122.63,3,1,10,34.46,91.42,2.09,18.63,0
100869,47.07,230.89,125.66,3,1,30,22.31,184.26,3.61,36.16,0
100870,86.48,815.19,145.53,2,0,7,73.65,48.16,7.78,-2.02,0
100871,32.32,433.1,126.9,1,1,47,12.31,28.27,2.5,5.16,0
100872,24.44,196.96,201.85,1,1,22,31.72,137.84,4.56,-6.62,0
100873,18.81,185.85,219.46,3,0,3,11.71,71.18,2.71,-0.2,0
100874,25.19,239.18,109.08,3,0,0,25.5,48.85,1.66,-10.87,0
100875,34.48,490.72,362.14,5,1,30,27.6,125.49,2.37,2.67,0
100876,78.48,207.27,105.0,2,1,12,63.61,27.64,2.44,4.03,0
100877,27.73,270.95,73.93,3,1,12,12.71,53.8,5.94,2.48,0
100878,38.71,443.12,221.94,3,0,1,37.19,21.47,6.83,9.2,0
100879,34.74,124.52,114.82,1,2,10,26.48,105.14,2.19,-7.47,0
100880,59.75,268.59,214.79,3,0,0,51.83,231.37,0.61,38.35,0
100881,109.12,499.19,47.99,1,0,36,79.37,63.81,7.04,-11.79,0
100882,27.56,134.02,387.15,2,1,24,21.57,55.97,1.19,-11.94,0
100883,28.08,154.49,260.53,1,0,8,14.83,262.58,4.2,-39.74,0
100884,55.99,442.5,78.86,3,0,8,39.85,131.14,8.19,9.38,0
100885,47.57,513.34,79.81,4,1,13,30.68,375.43,1.14,-44.9,0
100886,80.35,965.78,451.56,5,2,11,46.09,99.12,5.01,-7.13,1
100887,45.52,209.58,119.99,3,1,0,35.67,103.11,2.87,-13.28,0
100888,29.77,136.62,113.77,2,1,0,25.04,214.16,3.43,-23.58,0
100889,45.66,617.06,51.76,1,0,0,37.1,82.32,2.9,-1.04,0
100890,57.64,557.55,148.42,1,0,9,41.76,104.39,1.65,24.51,0
100891,50.63,369.41,158.81,2,1,0,43.18,21.05,5.08,8.95,0
100892,43.98,390.02,266.79,2,0,26,35.64,255.3,3.31,-13.44,1
100893,56.56,390.08,83.38,2,2,7,43.8,113.79,1.56,27.85,0
100894,59.24,539.01,78.01,5,1,45,46.89,84.38,10.61,-12.99,0
100895,65.19,385.75,230.67,1,0,1,68.17,155.12,2.57,14.4,0
100896,46.86,375.25,313.14,3,2,14,21.03,44.3,1.83,-28.06,0
100897,32.46,106.78,75.85,3,0,6,21.76,64.65,3.6,-5.48,0
100898,37.39,185.56,326.29,1,0,19,31.2,125.44,0.59,-19.83,0
100899,60.24,300.57,183.76,2,1,31,21.34,92.41,1.64,29.16,0
100900,24.23,140.67,328.14,2,4,22,26.55,117.66,4.1,-12.38,0
100901,41.32,181.98,173.18,1,0,0,33.62,104.52,2.72,-17.31,0
100902,29.32,157.19,44.96,2,1,20,29.01,131.39,0.5,4.98,0
100903,35.46,116.39,165.57,3,0,0,36.52,40.74,2.16,-5.74,0
100904,62.22,573.01,322.48,2,1,6,53.08,193.77,2.44,30.2,1
100905,38.14,256.21,110.1,3,1,24,7.32,67.32,3.85,2.63,0
100906,35.74,106.65,145.41,4,0,0,28.12,93.17,4.4,-1.02,0
100907,18.98,87.52,163.38,1,1,32,15.24,62.76,4.0,8.81,0
100908,48.97,405.6,36.53,4,1,5,23.42,75.74,5.3,-5.33,0
100909,46.8,249.69,451.33,1,0,51,14.16,103.26,3.29,1.57,0
100910,92.65,457.72,109.64,3,1,13,80.18,139.9,1.77,-14.56,0
100911,30.47,205.5,237.72,1,0,42,13.34,154.55,4.47,-11.33,0
100912,38.63,321.07,171.62,2,0,33,48.88,116.67,1.15,-15.71,0
100913,39.16,133.66,359.48,4,1,1,31.94,62.95,4.73,3.85,0
100914,71.18,656.01,225.04,5,0,0,77.43,112.33,1.28,-11.98,0
100915,33.53,157.31,158.18,4,1,14,25.41,103.96,2.66,9.7,0
100916,39.68,275.3,110.11,3,1,1,37.22,93.25,4.51,-14.98,0
100917,46.01,316.43,279.16,1,1,40,35.12,124.01,1.84,-16.5,0
100918,38.07,204.73,64.24,3,1,7,38.12,41.86,7.11,1.58,0
100919,28.63,120.13,256.77,4,0,6,6.88,26.67,1.2,0.08,0
100920,38.19,231.77,98.35,2,1,0,37.13,183.79,3.56,10.85,0
100921,56.74,895.21,358.42,2,0,19,52.04,83.18,3.03,-19.74,0
100922,22.05,78.14,196.7,3,0,0,15.69,115.51,3.91,-25.08,0
100923,37.16,606.22,256.52,2,0,19,24.07,53.48,2.88,16.24,0
100924,25.54,157.02,188.3,3,1,22,17.25,191.93,11.1,-22.31,0
100925,59.93,426.97,68.66,1,3,0,49.18,111.04,6.16,10.45,0
100926,17.64,71.7,112.12,1,0,29,18.58,80.81,4.03,-37.27,1
100927,27.22,129.56,260.54,2,1,7,16.78,106.83,7.41,6.52,0
100928,41.48,225.78,197.28,1,1,0,13.46,31.65,4.39,-2.17,0
100929,70.8,293.8,344.64,2,1,39,97.07,112.58,3.81,4.07,0
100930,33.98,214.26,224.7,1,0,0,31.19,219.62,1.62,9.51,1
100931,27.26,155.7,105.77,2,1,21,17.78,108.74,7.14,12.21,1
100932,81.6,1441.11,116.18,3,1,19,85.46,100.63,0.75,4.98,0
100933,18.24,71.28,190.48,4,1,19,17.94,74.41,5.3,10.52,1
100934,13.01,95.88,50.41,2,4,18,11.36,172.34,4.88,14.85,0
100935,42.66,338.05,451.85,4,3,0,26.91,188.37,4.64,17.11,0
100936,27.92,114.45,229.5,1,0,42,25.6,69.45,0.88,5.78,0
100937,22.1,218.14,353.48,3,1,29,22.6,111.61,2.86,-16.21,0
100938,48.14,276.13,75.46,1,1,20,15.4,103.46,2.9,-5.77,0
100939,39.06,78.63,356.9,3,0,0,31.49,114.53,2.48,-3.49,0
100940,27.15,264.37,614.18,1,4,0,22.39,56.61,0.77,-12.2,0
100941,19.67,78.78,87.05,2,1,23,16.06,178.66,2.78,-19.19,0
100942,51.83,214.86,275.13,3,4,0,39.47,126.34,1.72,11.88,0
100943,46.9,463.03,180.11,4,0,18,49.08,185.17,4.1,2.5,0
100944,33.47,196.97,76.98,2,1,0,23.34,46.09,4.57,-12.03,0
100945,80.35,889.92,236.05,2,1,0,60.2,47.74,3.11,-1.43,0
100946,21.62,277.22,284.7,1,2,0,17.92,309.65,2.52,2.51,0
100947,17.62,89.33,129.33,2,1,16,12.43,179.13,1.44,-19.3,0
100948,25.64,266.81,341.79,2,2,32,10.34,55.19,1.72,-13.97,0
100949,34.29,164.52,71.97,2,0,18,27.55,151.52,4.65,-6.71,0
100950,39.05,834.91,79.11,5,0,20,31.49,68.06,1.59,-4.32,0
100951,31.4,155.43,194.04,2,3,15,20.68,32.48,6.31,-25.93,0
100952,41.01,479.49,182.53,1,1,24,29.4,25.53,4.38,9.19,0
100953,19.93,212.72,121.37,6,0,20,1.0,88.82,3.27,-1.53,0
100954,67.02,549.49,280.97,3,0,0,70.52,229.59,4.32,-5.72,0
100955,33.73,168.85,241.04,1,1,28,32.9,224.22,2.29,-12.72,1
100956,57.87,375.53,288.57,3,0,26,24.05,191.69,6.63,-17.2,1
100957,40.84,97.39,168.21,2,0,5,23.73,148.09,0.76,-1.76,0
100958,42.99,336.64,250.73,6,0,0,47.81,108.88,3.51,0.36,0
100959,45.23,377.08,140.87,3,0,16,20.86,179.65,1.13,27.54,0
100960,42.81,320.37,557.0,1,1,17,37.23,26.93,4.61,28.89,0
100961,46.74,73.98,115.13,3,0,4,29.3,162.99,3.19,-10.01,0
100962,63.65,236.64,572.99,2,0,15,54.27,45.93,4.47,-16.38,0
100963,38.24,184.13,183.49,1,1,31,29.16,52.05,1.1,-20.99,0
100964,48.15,390.0,84.47,2,2,55,32.71,136.64,6.97,-0.68,0
100965,33.61,271.93,381.99,3,0,14,28.48,157.13,1.32,-20.72,0
100966,66.91,430.18,192.91,2,0,18,41.94,62.43,2.12,-22.69,0
100967,25.82,248.27,287.46,5,2,0,7.85,132.62,5.33,-13.02,0
100968,78.71,329.82,352.86,3,0,2,40.78,126.16,4.11,-11.15,0
100969,34.37,326.46,216.77,2,1,9,16.78,74.7,3.81,-13.11,0
100970,18.38,163.17,129.96,3,2,33,6.42,98.7,3.99,-26.26,0
100971,37.08,313.46,307.85,3,1,26,31.23,313.67,0.57,-3.36,0
100972,25.76,164.64,180.07,2,1,46,18.21,76.01,1.13,-3.63,0
100973,51.09,893.3,262.48,2,0,0,42.84,77.6,1.53,18.07,0
100974,26.09,233.73,55.06,4,1,0,22.97,98.48,1.95,-20.63,0
100975,28.63,123.51,230.17,3,0,31,26.89,80.64,2.93,5.9,0
100976,14.96,118.52,126.69,1,1,38,12.74,144.62,0.97,24.77,0
100977,28.55,291.19,446.87,3,1,12,14.42,217.32,0.58,-23.85,0
100978,11.76,61.34,253.57,4,1,0,10.52,77.62,1.02,-18.36,0
100979,17.16,207.09,205.38,2,0,0,13.82,53.83,5.56,-20.87,0
100980,49.28,417.57,235.2,3,2,18,63.94,294.35,0.72,4.71,0
100981,49.85,108.16,103.94,2,1,0,37.48,96.71,1.6,4.11,0
100982,42.39,344.66,439.55,2,1,15,35.85,32.37,2.73,12.3,0
100983,22.65,129.43,538.19,2,0,46,16.45,275.11,2.7,-0.81,0
100984,34.26,313.68,223.42,4,0,37,26.11,176.89,4.42,25.01,0
100985,34.94,392.19,431.68,2,0,26,26.04,235.24,2.05,6.12,0
100986,20.78,160.38,131.62,4,0,10,13.33,212.8,2.39,16.88,0
100987,68.85,1108.11,116.11,1,4,3,54.69,440.01,2.71,0.33,0
100988,51.94,332.53,184.1,2,0,25,47.03,48.31,3.34,-7.79,0
100989,31.69,303.15,228.65,5,2,12,20.44,55.84,3.58,-4.65,0
100990,35.43,370.86,144.93,3,1,13,33.97,66.98,1.53,18.58,0
100991,38.44,256.3,241.95,2,0,0,35.7,65.84,2.47,9.92,0
100992,13.97,144.3,213.04,2,0,0,7.4,96.89,2.95,9.0,0
100993,31.32,162.83,103.95,2,0,25,15.94,67.08,4.97,12.88,0
100994,25.75,145.92,239.44,3,1,0,22.2,44.08,1.3,1.96,0
100995,22.3,80.99,289.43,3,1,16,13.45,53.26,6.87,40.23,0
100996,30.84,243.59,197.8,2,2,19,15.07,75.46,2.31,-5.36,0
100997,78.59,647.32,339.31,1,0,20,92.68,178.82,2.48,-0.37,0
100998,46.7,589.5,92.15,2,2,22,23.74,63.73,1.13,-8.73,0
100999,27.07,281.41,232.83,4,0,23,9.99,146.32,2.72,5.48,0
101000,45.29,274.93,94.57,2,0,0,25.09,40.73,0.88,-28.38,0
101001,65.7,255.16,97.54,3,0,0,53.08,13.2,4.97,-46.39,0
101002,53.06,461.17,127.22,1,0,0,40.77,83.09,7.75,-11.7,0
101003,35.95,438.55,107.21,2,1,25,43.93,62.41,4.04,6.76,0
101004,26.16,267.13,133.16,3,2,0,14.59,53.03,5.49,13.4,0
101005,47.92,576.92,160.0,3,0,0,38.77,49.43,5.3,-20.91,0
101006,41.78,263.06,285.26,4,1,0,43.12,58.87,4.02,-26.99,0
101007,52.36,290.26,150.86,1,0,0,30.64,49.77,4.51,-12.84,0
101008,46.58,225.57,75.25,3,0,0,43.13,52.55,3.25,-13.1,0
101009,56.13,382.07,336.97,1,2,30,16.39,39.83,4.19,1.26,0
101010,27.51,185.14,113.59,4,1,0,32.73,25.08,3.96,-0.12,0
101011,63.32,491.48,174.28,4,2,0,63.24,23.91,6.01,20.0,0
101012,38.25,251.02,230.11,2,0,2,22.18,394.04,3.07,-8.21,0
101013,89.05,583.07,200.89,3,1,21,85.26,86.65,7.78,-21.95,0
101014,25.67,121.85,328.57,1,0,0,27.68,224.65,2.99,2.58,0
101015,76.44,856.84,234.25,1,1,29,32.7,80.9,2.51,-16.49,1
101016,38.26,278.27,112.08,4,1,0,22.96,82.54,5.6,-16.25,0
101017,26.11,167.49,596.55,2,2,4,28.37,108.18,3.12,23.48,0
101018,28.15,135.61,200.3,1,1,4,21.59,132.14,2.27,11.96,0
101019,30.3,108.98,165.99,2,0,1,26.03,42.6,1.85,-8.4,0
101020,42.36,570.27,305.86,1,0,10,32.51,71.66,3.01,25.33,0
101021,44.28,409.06,206.47,1,0,26,43.08,108.06,2.37,10.45,0
101022,27.04,84.03,224.2,5,0,11,23.74,28.21,5.62,3.82,0
101023,34.62,354.91,708.86,2,1,1,26.88,196.02,4.63,-12.17,0
101024,91.78,1018.94,154.72,6,0,20,20.61,170.28,3.89,-32.88,0
101025,76.15,567.27,151.14,2,2,15,69.3,25.5,10.18,-14.83,0
101026,42.59,662.92,191.92,1,0,0,39.71,53.11,6.1,-9.37,0
101027,35.6,277.75,324.5,3,0,12,15.67,95.84,8.43,-19.95,0
101028,36.94,127.34,78.6,2,1,0,16.89,149.14,2.11,-0.14,0
101029,46.13,387.58,61.06,2,0,0,40.57,224.86,6.73,-32.57,0
101030,22.09,174.77,130.33,4,2,26,17.64,61.4,4.63,17.96,0
101031,31.17,161.38,73.28,1,0,20,7.99,366.03,2.12,-8.86,1
101032,16.52,154.03,142.49,2,2,25,8.99,87.41,1.59,9.09,0
101033,41.89,127.37,237.3,2,1,23,34.7,78.68,3.61,8.91,0
101034,46.83,537.96,110.28,2,2,0,43.05,126.07,3.25,-20.51,0
101035,28.16,127.07,82.12,1,1,30,17.01,108.45,0.93,-28.11,0
101036,71.07,304.02,187.0,1,2,6,50.68,104.87,2.52,-11.6,0
101037,20.16,133.32,289.27,2,2,28,10.69,298.12,1.01,3.63,0
101038,18.11,157.4,70.86,2,1,9,19.57,104.4,2.16,0.05,0
101039,38.72,294.19,282.61,1,0,17,30.73,49.86,4.33,15.49,0
101040,56.07,270.73,282.16,2,2,18,32.69,54.38,5.96,3.89,0
101041,74.67,405.85,304.21,3,2,26,34.42,217.76,5.83,4.99,0
101042,28.47,113.1,351.82,3,1,0,12.34,135.65,1.66,-14.13,0
101043,56.87,355.78,604.3,1,2,0,68.41,35.37,1.31,-5.82,0
101044,34.4,412.17,147.98,2,1,24,24.31,34.35,1.28,-5.42,1
101045,32.38,226.21,191.18,3,2,18,21.05,91.36,3.41,7.27,0
101046,52.09,560.38,143.15,4,3,0,36.29,130.28,10.18,9.3,0
101047,46.94,680.28,180.2,2,1,18,27.81,59.92,1.62,-5.49,0
101048,17.22,89.83,418.23,5,0,0,12.45,32.84,5.61,-4.99,0
101049,68.02,433.73,85.9,3,1,70,51.61,45.82,1.89,3.27,0
101050,65.13,1350.05,112.1,2,0,35,49.09,241.59,1.13,26.99,0
101051,26.41,380.67,383.91,2,2,23,11.47,121.27,0.81,-28.09,0
101052,41.82,126.87,315.44,1,0,13,40.7,164.0,2.56,-15.86,0
101053,43.71,371.35,147.41,3,0,0,26.74,181.06,2.8,-15.25,0
101054,39.36,275.57,287.98,2,1,0,23.04,61.82,4.98,-21.74,0
101055,27.32,289.12,217.16,2,1,9,15.68,71.95,11.79,-13.93,0
101056,25.87,124.78,410.8,1,1,0,12.6,81.37,4.04,3.65,0
101057,34.6,159.17,187.53,3,0,0,28.27,115.56,7.1,12.19,0
101058,59.33,296.18,316.41,3,0,0,57.77,173.04,3.93,1.45,0
101059,44.7,235.08,769.75,1,1,16,25.45,276.37,3.06,1.15,0
101060,29.62,311.73,250.11,2,0,5,8.57,146.7,13.75,-15.78,0
101061,49.53,192.08,184.95,4,0,21,24.43,147.34,1.03,-41.95,0
101062,9.71,49.8,267.82,2,0,20,6.2,285.94,3.62,3.62,1
101063,58.69,167.96,147.24,3,1,16,25.95,79.58,4.11,18.01,0
101064,16.0,185.29,669.37,2,0,59,9.6,183.68,2.67,12.38,0
101065,29.73,392.95,198.74,1,1,26,18.2,127.33,5.33,-3.42,0
101066,21.15,125.7,154.91,3,1,0,15.78,130.16,2.3,-0.84,0
101067,19.55,117.88,113.67,1,1,20,7.55,79.13,1.05,19.06,0
101068,59.01,518.14,329.12,2,0,11,52.82,38.99,2.16,-12.44,0
101069,28.36,414.9,290.01,3,1,0,33.04,110.69,6.31,-8.79,0
101070,40.91,351.25,136.92,9,1,0,45.29,110.97,3.13,-29.0,0
101071,34.27,169.25,247.15,1,0,20,20.7,63.72,1.2,4.98,0
101072,43.38,135.17,78.51,4,2,24,39.79,84.93,2.52,-9.5,0
101073,36.23,145.22,199.28,4,1,0,32.16,53.02,5.97,-6.48,0
101074,19.65,142.67,230.9,3,0,29,14.52,53.29,1.51,8.23,0
101075,54.8,276.42,460.35,2,1,17,43.52,67.44,1.39,-13.28,0
101076,28.03,216.28,117.8,1,0,33,25.81,40.56,2.69,5.47,0
101077,17.37,92.23,89.11,2,0,31,16.87,63.42,4.62,6.24,0
101078,28.87,119.05,110.0,1,1,9,15.79,138.11,4.63,-7.41,0
101079,68.76,267.22,86.3,4,1,41,64.43,215.61,1.93,10.59,0
101080,51.31,784.49,375.45,6,0,0,59.86,312.65,2.46,-3.55,0
101081,29.92,326.64,421.87,2,2,55,29.04,70.79,2.94,8.73,0
101082,29.91,497.38,214.66,2,0,0,33.92,184.91,0.5,-11.24,0
101083,30.28,277.69,352.37,1,1,11,3.15,110.11,3.81,6.78,0
101084,89.11,503.11,193.76,1,2,1,80.1,78.05,3.04,-7.32,0
101085,41.56,563.86,170.83,2,2,5,33.92,114.56,5.48,3.03,0
101086,42.47,292.44,149.87,3,0,64,42.76,174.35,2.78,3.3,1
101087,55.64,434.98,151.75,2,0,3,26.07,66.74,3.37,-7.98,0
101088,38.97,267.01,76.84,3,0,27,24.3,65.83,4.47,-8.42,0
101089,31.15,49.96,208.16,3,1,7,30.37,70.38,1.88,-5.18,0
101090,32.04,500.33,176.05,3,2,28,15.54,61.79,1.69,-0.92,0
101091,33.89,303.24,271.21,2,1,2,27.47,184.78,4.28,6.61,0
101092,34.42,284.13,189.5,2,0,16,25.67,56.91,3.92,1.56,0
101093,48.56,329.57,164.59,3,1,23,34.04,63.26,2.55,-46.98,0
101094,35.83,272.15,111.48,2,1,0,32.0,108.48,3.64,10.83,0
101095,48.67,252.73,187.29,2,0,61,22.93,103.34,3.94,4.05,1
101096,33.75,321.57,270.15,4,1,24,18.73,70.38,3.14,15.67,0
101097,36.26,132.04,95.98,2,1,7,25.93,247.15,3.58,10.73,0
101098,14.24,109.41,188.87,3,0,0,6.4,61.65,4.67,-8.34,0
101099,52.86,489.99,204.62,3,0,13,55.91,81.22,5.71,-19.5,0
101100,40.91,259.26,121.27,3,1,0,22.51,28.33,3.23,25.1,1
101101,54.84,462.11,130.27,4,0,44,51.91,74.95,3.53,17.25,0
101102,9.51,40.54,204.34,1,1,19,5.05,40.69,1.78,9.2,0
101103,89.58,386.88,96.5,2,1,10,82.95,51.94,5.79,-13.94,0
101104,32.87,258.99,218.2,3,1,30,11.43,27.83,3.94,-21.53,0
101105,57.63,566.35,110.0,3,0,0,63.52,52.68,2.9,-8.52,0
101106,21.92,60.09,322.96,2,0,0,22.66,86.04,2.44,10.9,0
101107,46.11,419.06,651.16,4,0,9,28.21,77.73,4.66,-38.1,0
101108,21.79,116.24,112.12,2,0,14,11.84,70.17,8.32,-12.9,0
101109,26.43,168.03,241.48,5,1,21,22.85,74.06,5.0,38.17,0
101110,82.82,296.73,120.69,3,0,0,30.52,66.47,1.87,-7.34,0
101111,32.12,146.88,319.09,4,1,3,24.37,88.15,1.87,-1.44,0
101112,38.6,437.98,89.75,1,0,0,21.16,84.24,2.47,-2.39,0
101113,51.77,368.42,234.46,2,0,0,35.54,106.14,2.43,23.87,0
101114,43.75,252.88,111.36,2,2,24,25.77,79.78,3.4,-6.84,0
101115,37.45,247.32,160.63,2,0,29,20.61,69.38,4.12,-28.95,0
101116,41.25,368.74,102.09,2,0,0,48.51,143.56,6.38,13.46,0
101117,103.22,900.58,282.94,1,0,6,97.56,129.22,9.38,-18.04,0
101118,34.1,229.94,113.59,3,1,12,12.96,88.27,2.02,-24.39,0
101119,38.32,463.23,243.85,4,0,31,20.35,184.36,12.89,20.89,0
101120,56.16,638.6,148.96,5,3,39,54.16,94.58,4.05,9.15,0
101121,57.56,495.43,169.02,2,0,14,57.11,81.7,0.89,-7.48,1
101122,59.71,429.55,195.24,2,0,7,24.11,86.37,3.22,15.32,0
101123,46.65,453.66,118.39,1,0,0,43.14,99.37,3.65,12.63,0
101124,20.93,171.41,202.08,1,1,13,17.08,51.91,1.25,-12.24,0
101125,73.0,868.44,417.65,2,1,49,19.31,29.24,1.95,0.86,0
101126,20.89,229.33,117.33,2,0,35,13.56,106.56,6.51,-3.6,0
101127,40.11,168.73,342.9,3,0,15,28.71,148.45,2.19,-11.97,0
101128,24.93,101.38,410.31,1,0,17,19.0,49.36,10.01,-1.34,0
101129,34.0,167.63,114.9,2,2,0,14.28,171.34,1.95,9.52,0
101130,40.58,462.79,80.86,3,1,5,22.69,33.51,10.87,-16.02,0
101131,40.45,128.73,212.52,2,1,14,24.04,64.36,3.23,10.34,0
101132,42.32,360.86,133.2,3,2,14,26.07,250.49,2.47,-29.86,0
101133,72.35,607.1,503.05,3,2,30,44.88,111.43,6.81,1.3,0
101134,42.92,537.36,183.48,2,0,29,30.77,75.06,1.27,-13.05,0
101135,31.36,240.22,115.79,5,0,21,25.95,104.71,3.59,21.67,0
101136,54.01,193.15,95.78,2,1,0,64.47,184.49,2.34,-26.18,0
101137,59.78,259.0,327.8,4,3,0,57.85,37.82,4.29,-5.59,0
101138,20.14,78.09,131.47,4,1,0,21.74,198.45,5.27,-14.49,0
101139,45.8,244.97,184.39,1,2,16,28.84,67.07,5.48,-10.51,0
101140,47.98,306.54,304.49,5,2,0,23.95,137.67,4.91,-19.07,0
101141,30.61,119.66,137.91,3,1,11,29.09,62.26,1.96,0.59,0
101142,65.0,949.24,175.51,3,0,37,48.49,247.16,2.5,1.41,0
101143,32.71,118.05,178.37,1,0,24,30.51,88.33,4.28,-27.93,0
101144,37.03,508.17,262.12,2,1,5,19.61,40.55,4.31,7.35,0
101145,32.38,409.92,249.1,3,2,0,29.53,119.33,9.6,-25.79,0
101146,35.25,386.61,159.48,4,1,26,24.89,196.48,1.41,-1.56,0
101147,21.37,105.75,186.41,2,1,17,13.57,183.6,7.8,24.43,1
101148,18.31,152.09,146.71,2,1,7,12.05,95.19,1.86,-14.9,0
101149,71.73,265.1,79.86,1,0,1,62.59,146.5,2.95,-6.48,0
101150,23.91,263.9,207.4,1,1,13,22.56,69.89,5.82,-13.83,0
101151,22.4,151.13,509.62,2,0,6,14.75,128.31,2.07,-12.06,0
101152,13.28,75.76,110.71,1,0,26,11.1,111.89,4.47,2.66,1
101153,26.25,99.67,117.66,1,0,34,21.93,15.84,4.8,22.2,0
101154,19.3,39.14,111.5,1,0,0,18.03,49.38,4.09,-2.53,0
101155,73.28,305.18,268.13,2,2,0,73.04,101.95,6.39,15.89,0
101156,55.13,673.22,230.36,3,0,36,66.32,99.37,10.28,-12.88,0
101157,25.68,146.96,164.97,4,1,14,16.27,88.44,6.06,14.63,0
101158,96.44,620.29,108.64,3,1,0,107.53,94.96,1.2,22.94,0
101159,54.44,528.92,189.38,2,1,29,42.43,185.75,2.99,16.28,0
101160,30.24,522.13,76.13,4,1,18,14.4,111.31,3.11,8.94,0
101161,11.37,154.32,194.77,2,0,51,6.68,22.2,5.41,7.48,0
101162,98.13,422.43,290.7,5,0,7,85.03,289.58,0.64,-13.38,0
101163,18.73,49.63,90.45,2,2,31,17.44,28.67,0.67,-24.13,1
101164,16.69,380.18,77.48,2,2,0,8.28,159.92,7.79,7.97,0
101165,55.45,1207.02,429.08,3,0,37,31.0,35.21,2.37,-13.79,0
101166,104.92,807.04,128.57,4,1,28,64.71,211.43,1.81,-12.6,0
101167,65.25,242.0,336.21,1,1,40,34.86,76.17,2.85,-24.31,0
101168,45.11,511.13,165.38,2,1,31,12.63,113.34,1.89,-10.62,0
101169,45.74,303.36,164.66,1,0,10,8.93,27.33,3.21,14.3,0
101170,51.39,339.95,229.08,2,0,0,33.64,139.43,3.08,12.34,0
101171,49.25,539.16,110.69,3,0,1,40.04,115.54,3.03,-21.78,0
101172,39.72,328.65,193.61,3,1,0,36.3,130.35,0.74,-16.5,0
101173,36.68,141.92,145.93,3,2,0,15.02,159.11,5.34,-29.0,1
101174,34.03,202.5,87.07,4,0,19,14.08,100.17,5.7,3.48,0
101175,24.93,242.88,216.71,1,0,11,15.41,79.31,2.98,0.81,0
101176,30.85,278.68,155.73,2,0,7,23.16,55.33,3.71,2.09,0
101177,16.34,130.38,165.11,3,1,0,16.37,68.99,3.39,-8.65,0
101178,33.48,373.8,92.51,1,1,0,31.12,185.62,8.43,7.86,1
101179,22.43,131.04,431.91,2,1,15,14.76,54.44,2.26,-6.36,0
101180,21.3,163.04,291.53,4,0,18,17.89,29.78,3.15,12.36,0
101181,37.95,49.13,305.9,4,2,0,20.46,49.76,11.54,-18.43,0
101182,65.48,366.07,152.16,1,0,2,50.33,129.47,2.75,11.05,0
101183,52.91,542.64,69.54,3,2,39,38.86,75.05,1.03,4.49,0
101184,17.26,99.42,526.93,2,0,32,19.01,129.35,3.09,7.9,0
101185,22.42,124.31,174.05,2,4,0,19.58,27.1,7.73,-6.87,0
101186,53.45,222.27,119.24,5,1,10,29.79,15.03,5.75,24.31,0
101187,22.49,260.04,226.38,1,3,38,12.59,105.45,2.87,-12.72,0
101188,31.63,291.31,342.02,1,0,8,21.09,164.45,5.07,32.22,0
101189,44.83,474.13,177.73,1,0,7,16.09,32.24,8.59,4.7,0
101190,22.64,66.85,363.64,2,1,31,15.68,123.4,0.5,15.19,0
101191,36.7,237.09,326.56,4,1,29,26.21,183.82,1.99,19.82,0
101192,19.2,116.85,99.58,2,0,28,16.64,89.76,2.49,9.69,0
101193,26.7,162.45,124.26,3,1,7,24.11,154.54,1.97,26.14,0
101194,40.42,207.92,304.78,2,0,23,31.31,100.89,5.18,12.21,0
101195,17.09,100.62,40.49,1,1,38,5.85,76.86,6.49,9.01,0
101196,42.67,456.82,165.8,3,0,11,18.98,147.29,5.57,5.07,0
101197,34.69,93.32,81.94,4,0,4,20.77,283.58,3.54,3.75,0
101198,44.88,763.97,138.5,3,1,34,40.98,64.4,6.9,14.8,0
101199,38.71,345.14,152.72,2,2,48,35.02,85.39,3.1,-14.55,0
101200,64.66,443.17,147.81,1,0,50,44.47,49.67,5.62,-4.27,0
101201,37.03,407.9,132.85,3,0,5,49.62,98.78,2.48,5.64,0
101202,28.85,97.72,98.45,3,1,7,32.9,81.94,2.33,-12.88,0
101203,36.98,185.66,634.93,3,1,0,39.2,180.35,0.77,12.48,0
101204,44.69,294.48,502.73,2,0,14,41.35,210.96,3.96,-5.16,1
101205,35.78,495.73,94.99,3,0,0,30.93,144.4,3.81,-21.16,0
101206,35.65,243.78,429.71,3,0,2,30.17,168.66,1.56,-11.07,0
101207,25.52,223.72,144.5,2,0,24,7.62,58.96,1.08,12.42,0
101208,25.97,135.39,193.25,4,3,19,12.65,50.75,2.61,-17.63,0
101209,18.62,166.25,173.84,5,0,0,12.93,116.97,3.23,-16.42,0
101210,76.91,1245.37,125.22,1,0,40,60.14,91.09,3.52,5.79,0
101211,20.0,230.28,309.23,5,0,0,14.38,298.67,3.15,-21.75,1
101212,25.62,172.21,192.9,2,1,0,20.96,28.41,4.75,6.5,0
101213,25.33,248.57,138.5,4,2,0,5.68,130.52,2.62,-32.89,0
101214,52.36,489.18,87.83,4,2,0,45.89,129.24,4.34,5.13,0
101215,30.65,276.39,110.11,6,1,0,23.46,56.98,1.99,-3.4,0
101216,61.36,748.98,72.98,1,1,0,43.15,50.36,3.49,22.51,0
101217,25.85,314.32,181.21,2,0,0,25.38,73.42,3.65,-31.24,0
101218,39.68,260.66,93.2,1,1,14,19.39,33.61,2.84,-11.69,0
101219,24.03,231.9,155.54,3,0,16,16.6,215.77,3.56,5.77,0
101220,91.9,531.14,382.42,3,0,52,75.46,454.98,1.02,-2.72,0
101221,20.51,90.5,348.13,2,0,20,11.01,73.34,2.87,-9.49,0
101222,40.24,246.15,176.83,3,0,3,10.03,61.33,0.5,-28.53,0
101223,46.55,313.66,171.58,2,2,0,21.49,40.99,1.56,4.31,0
101224,42.16,128.6,506.18,1,4,10,30.94,46.62,3.03,31.97,0
101225,32.2,346.56,239.7,3,2,20,22.15,63.19,3.38,-13.06,0
101226,33.01,57.93,150.3,3,1,2,24.61,185.87,2.52,-0.87,0
101227,35.7,971.05,82.16,1,2,13,20.89,611.32,1.98,3.27,0
101228,32.76,485.92,223.54,3,0,46,13.82,58.33,5.78,-8.0,0
101229,54.01,331.79,284.03,4,0,5,42.35,52.38,2.57,-2.64,0
101230,94.64,665.61,127.17,5,3,0,67.04,44.66,8.7,-17.54,0
101231,27.23,221.82,211.27,2,1,27,24.77,117.95,4.75,-22.8,0
101232,18.9,98.52,147.38,4,0,17,10.64,110.65,5.76,20.55,0
101233,33.64,259.26,162.67,3,0,0,8.23,95.62,1.81,-3.84,0
101234,111.74,727.87,45.82,2,1,19,11.05,68.94,3.66,6.23,0
101235,24.38,162.79,159.33,1,0,0,15.84,203.43,1.48,4.58,0
101236,73.18,560.93,306.77,3,0,19,57.23,142.36,2.66,-16.31,0
101237,74.46,270.28,127.19,2,0,46,51.52,138.7,1.75,-21.58,0
101238,27.28,194.79,185.28,6,2,8,16.61,112.39,4.34,-11.25,0
101239,45.21,343.44,118.77,1,2,31,15.92,80.33,2.73,1.33,0
101240,72.83,543.73,219.47,2,0,0,20.22,58.6,2.16,-14.41,1
101241,29.51,185.44,159.79,4,1,0,24.84,122.95,3.64,-9.02,0
101242,31.94,394.88,107.38,2,2,48,22.13,116.01,2.41,-32.14,1
101243,26.94,158.01,374.6,1,0,17,17.76,126.49,9.46,-2.58,0
101244,22.17,173.87,300.03,1,0,23,8.08,35.2,2.11,-0.87,0
101245,26.13,349.93,129.06,2,0,32,13.29,110.32,1.16,-2.06,1
101246,20.18,135.75,236.69,2,2,2,15.36,74.78,3.4,-17.13,0
101247,35.54,276.95,241.9,4,1,26,29.18,53.13,2.72,-16.79,0
101248,24.75,165.1,256.27,3,0,24,17.55,139.33,2.89,-18.38,0
101249,38.88,505.3,70.89,3,2,0,42.57,100.1,1.79,-8.37,0
101250,17.38,106.94,313.12,1,0,39,10.53,369.55,2.69,-12.69,0
101251,40.62,540.14,131.58,3,1,35,43.53,120.36,2.91,19.17,0
101252,50.93,338.51,147.84,4,2,0,40.96,75.3,6.06,25.08,0
101253,14.27,65.0,768.0,3,0,15,11.09,84.34,5.89,11.57,0
101254,41.42,407.19,212.51,1,1,7,40.72,44.55,1.62,-0.52,0
101255,60.81,365.54,145.54,3,1,37,36.12,188.35,7.92,-6.76,0
101256,20.31,193.87,53.52,3,1,0,13.56,108.72,5.09,-14.62,0
101257,74.29,132.85,386.58,4,0,76,32.99,109.85,6.27,-1.01,1
101258,42.26,296.61,85.89,1,1,8,41.58,47.53,5.67,-4.45,0
101259,25.49,141.77,103.65,4,0,25,21.25,143.63,1.8,-17.51,0
101260,34.13,140.41,150.01,2,0,36,34.97,51.35,3.62,-13.87,0
101261,45.0,238.86,392.28,3,1,8,36.05,64.55,4.91,-31.19,0
101262,36.22,190.3,275.4,4,1,9,37.15,97.04,0.5,-17.24,0
101263,44.6,304.82,165.03,2,1,2,25.12,63.51,6.09,3.98,0
101264,23.13,81.72,213.26,1,1,0,23.05,55.95,2.35,13.49,0
101265,37.77,309.7,129.38,2,0,16,24.57,87.33,0.78,5.91,0
101266,18.53,256.77,194.37,2,2,9,13.91,164.98,2.41,-9.55,0
101267,33.29,268.18,187.41,2,1,2,31.03,153.99,6.71,-26.96,0
101268,23.3,244.45,306.67,3,0,3,31.04,137.59,2.07,-19.94,0
101269,25.14,304.16,306.4,3,0,22,24.01,120.49,3.01,4.62,0
101270,61.04,792.94,236.19,5,3,0,59.74,67.66,1.73,4.1,0
101271,57.19,1019.86,147.48,4,0,7,35.1,176.33,4.49,-11.76,0
101272,46.04,251.08,270.69,4,0,28,36.34,31.76,1.67,-8.09,0
101273,21.41,104.63,171.12,1,1,16,15.54,116.76,5.88,26.89,0
101274,30.36,314.38,99.28,3,0,0,33.45,149.1,1.17,-28.43,0
101275,60.42,602.62,144.19,2,2,11,43.11,85.25,3.1,-1.85,0
101276,37.3,384.86,188.57,2,0,19,40.37,58.35,1.74,-20.21,0
101277,99.39,1789.33,296.95,2,0,29,42.2,88.02,6.04,-19.29,0
101278,41.78,294.1,162.72,1,2,0,45.94,57.13,2.79,4.26,0
101279,38.16,330.55,92.56,1,1,1,20.4,122.53,3.1,23.45,0
101280,30.45,130.58,185.71,4,0,0,29.34,158.74,3.62,7.27,0
101281,37.17,756.73,191.59,1,0,0,19.84,117.66,5.87,21.44,1
101282,32.68,193.33,199.37,4,0,19,29.56,113.53,2.33,-30.98,0
101283,48.13,288.82,298.53,3,2,22,24.52,142.02,5.32,5.37,0
101284,53.83,316.84,315.25,4,2,30,54.32,152.22,3.61,11.59,1
101285,24.57,124.6,129.82,4,2,10,23.62,56.42,5.43,-5.67,0
101286,19.23,93.46,128.26,3,1,0,11.53,35.77,4.38,10.46,0
101287,15.32,82.53,101.58,1,0,24,13.7,106.33,4.66,36.69,0
101288,43.99,155.55,264.36,3,2,14,43.41,156.72,3.84,0.25,0
101289,21.3,100.69,399.34,2,0,13,11.06,34.86,1.69,-7.88,0
101290,13.28,246.4,151.36,2,1,0,6.53,93.79,2.11,15.04,0
101291,41.69,421.55,157.62,2,0,8,20.1,177.12,2.59,14.63,0
101292,107.47,1195.19,403.3,2,0,0,48.01,83.93,6.28,-6.05,0
101293,34.9,440.16,237.7,1,0,20,16.79,224.19,1.5,-10.29,0
101294,51.04,893.95,228.81,3,0,4,50.08,200.36,3.73,14.6,0
101295,36.31,104.83,93.5,1,1,2,32.3,80.66,5.54,-8.55,0
101296,33.48,126.7,261.45,2,5,0,10.91,72.18,1.66,-2.81,0
101297,52.93,247.89,107.98,3,0,30,32.95,72.98,3.22,2.57,0
101298,30.71,170.0,96.47,3,0,7,14.15,97.58,4.02,-4.79,1
101299,39.48,237.77,148.74,2,0,13,38.11,44.51,4.75,-1.69,0
101300,40.45,226.45,130.42,3,2,0,25.79,39.84,2.83,-14.38,0
101301,25.91,202.41,159.35,1,1,0,9.43,23.03,4.06,6.44,0
101302,54.69,389.68,81.48,1,0,2,43.35,88.86,0.78,-8.08,0
101303,32.35,157.77,305.0,2,2,5,29.17,305.86,4.62,20.99,0
101304,24.91,58.76,334.68,2,2,17,12.74,27.26,4.36,-0.23,0
101305,44.56,189.85,61.68,2,1,5,30.47,80.58,1.61,13.44,0
101306,23.36,124.25,308.31,2,0,0,12.25,79.15,2.82,7.44,0
101307,35.45,219.29,115.26,1,3,0,37.61,82.15,1.84,14.81,0
101308,34.86,138.7,288.38,1,1,12,22.38,191.31,0.5,-8.72,0
101309,57.05,312.47,173.35,3,2,0,32.49,52.81,1.02,-19.76,0
101310,43.34,172.32,182.87,2,1,35,31.95,28.0,1.13,-15.47,0
101311,34.61,227.49,162.58,3,0,14,24.16,65.32,3.03,-16.58,0
101312,50.57,207.0,350.59,2,1,22,46.63,60.29,1.87,-14.27,0
101313,65.43,299.59,91.03,4,1,7,68.96,23.6,1.85,-19.62,0
101314,44.99,163.68,251.46,4,1,15,47.5,104.28,4.39,-3.74,0
101315,35.16,227.96,329.87,2,3,0,23.02,44.18,2.59,9.21,0
101316,19.4,88.03,266.92,2,1,0,16.03,85.62,10.16,-21.39,0
101317,21.67,238.73,646.48,3,0,12,24.32,72.39,4.88,-12.09,0
101318,30.51,261.6,134.56,2,0,22,34.53,47.25,1.43,13.34,1
101319,26.6,179.84,304.74,2,1,0,14.13,153.57,2.94,-25.21,0
101320,32.18,151.17,169.8,1,0,3,28.9,76.02,1.69,-2.01,0
101321,35.9,303.99,354.72,2,0,45,30.73,92.98,3.46,6.84,0
101322,44.42,439.21,179.24,5,2,20,43.6,127.95,6.59,29.29,0
101323,33.91,254.9,145.42,2,1,39,35.97,107.01,5.66,-37.41,0
101324,43.57,679.96,369.18,4,0,0,21.34,98.18,2.02,-21.77,0
101325,36.03,317.38,137.36,4,0,3,20.8,54.89,1.04,2.39,0
101326,14.39,159.03,82.76,2,0,29,14.06,46.18,3.78,-7.61,0
101327,22.93,171.63,135.46,3,1,23,18.05,98.94,4.02,-43.11,0
101328,32.8,321.9,253.01,1,2,10,6.34,50.53,7.79,-8.68,0
101329,20.31,95.44,387.06,3,0,0,6.77,144.96,3.51,-15.6,0
101330,45.85,255.19,191.34,4,1,32,41.98,83.27,7.55,-26.74,1
101331,69.7,581.02,371.65,1,0,57,66.9,132.82,2.89,-7.71,0
101332,60.57,503.08,85.28,4,0,0,24.99,49.82,8.94,-21.88,0
101333,31.79,286.87,141.06,2,2,37,32.58,45.38,9.47,-14.98,1
101334,68.45,830.71,153.58,6,0,3,47.97,246.44,3.9,17.49,0
101335,37.42,128.47,169.01,3,0,5,18.5,82.28,5.55,25.97,0
101336,30.07,129.33,188.52,2,0,16,18.34,155.67,3.77,-15.53,0
101337,26.56,208.52,263.21,3,1,0,11.8,38.58,4.56,-0.27,0
101338,30.55,148.85,140.94,6,0,11,18.21,75.94,3.96,7.35,0
101339,29.39,1113.72,194.3,1,0,0,8.31,196.61,1.41,-14.69,1
101340,37.79,342.34,175.59,3,0,20,27.64,35.2,1.6,-16.55,0
101341,37.62,253.24,108.17,1,0,52,33.74,352.48,2.19,7.54,0
101342,35.05,189.6,169.09,1,1,0,14.48,101.63,4.31,-5.43,0
101343,42.6,234.58,166.33,3,0,8,32.13,55.06,5.21,-5.23,0
101344,59.81,425.01,164.38,2,0,9,32.82,111.16,4.47,-19.55,0
101345,53.66,397.24,183.17,4,2,29,49.22,175.09,6.91,-17.34,0
101346,17.94,99.95,187.65,3,0,19,3.08,54.84,4.55,-1.06,0
101347,11.09,67.72,141.91,4,0,28,10.29,59.78,0.88,-8.54,0
101348,53.29,730.58,362.47,1,2,2,15.75,104.51,10.65,-0.62,1
101349,18.92,264.65,94.61,3,1,19,13.2,118.82,2.11,12.11,0
101350,31.63,251.17,121.08,3,0,0,18.12,79.9,3.4,0.23,0
101351,20.67,74.0,830.42,1,1,24,13.64,114.57,6.76,-11.75,0
101352,15.56,142.54,101.7,3,1,0,5.72,150.2,3.43,11.58,0
101353,44.66,679.98,85.49,3,0,6,52.03,99.86,5.35,-2.5,0
101354,49.25,683.87,269.59,3,0,25,21.1,59.44,7.84,17.66,0
101355,27.0,272.88,57.43,3,0,0,12.1,88.88,6.43,-12.67,0
101356,10.91,155.48,158.15,6,1,31,13.07,258.15,3.95,-3.73,0
101357,27.37,196.79,585.91,4,2,9,22.74,109.91,1.25,-7.12,0
101358,41.75,400.06,76.96,3,0,38,18.22,189.42,3.08,-0.43,1
101359,17.99,89.6,60.51,1,2,0,12.91,66.1,3.02,1.47,0
101360,38.01,307.94,78.92,1,0,0,26.27,105.36,7.15,-2.12,0
101361,34.76,473.02,295.02,2,1,11,11.4,144.95,3.64,10.09,0
101362,45.42,236.8,334.15,2,1,22,25.46,221.07,4.6,4.13,0
101363,36.93,168.06,135.78,5,1,24,27.46,187.99,0.54,34.66,0
101364,22.59,166.02,262.1,2,2,0,24.09,45.98,6.32,37.07,0
101365,59.97,374.8,386.68,3,1,0,42.14,179.63,6.01,-12.56,0
101366,32.59,315.61,481.06,5,0,6,23.52,247.5,2.05,-9.92,0
101367,34.57,192.93,157.19,2,1,21,18.88,63.74,5.16,-21.29,0
101368,23.0,380.13,50.76,3,0,20,23.55,52.62,2.06,22.2,0
101369,28.67,105.31,114.6,6,1,40,27.97,88.69,4.73,-8.61,0
101370,23.5,307.96,142.34,2,1,5,22.27,100.23,5.59,1.79,0
101371,32.38,154.63,156.11,3,0,0,25.19,72.95,4.43,-20.12,0
101372,75.61,215.62,162.33,1,0,33,26.49,44.16,7.48,-0.18,0
101373,18.88,148.84,333.07,2,1,15,19.29,217.73,3.9,-28.5,0
101374,16.93,104.36,362.81,1,1,17,12.94,53.72,2.02,15.91,0
101375,67.86,272.73,163.78,2,0,25,45.66,66.4,3.95,25.5,0
101376,31.85,96.19,329.35,2,1,34,27.46,96.09,2.17,8.48,0
101377,25.9,180.55,219.13,1,0,11,20.88,37.2,4.14,-16.23,0
101378,55.89,637.23,186.5,2,1,33,26.98,35.53,0.5,6.31,0
101379,26.65,249.94,296.35,1,1,21,17.85,69.46,2.48,0.96,0
101380,79.6,573.25,187.3,2,1,0,21.81,147.7,3.97,18.85,0
101381,47.49,422.31,558.22,2,1,7,36.64,100.75,2.44,10.69,0
101382,28.1,194.05,81.6,3,2,23,30.42,26.16,3.19,-18.11,0
101383,92.4,316.46,135.59,1,1,0,27.82,207.16,2.24,15.44,0
101384,26.65,91.67,167.9,2,1,27,20.84,145.22,3.82,-3.21,0
101385,48.88,309.09,229.21,2,0,14,44.83,100.93,3.32,17.74,0
101386,40.05,258.69,361.53,3,2,18,38.21,99.32,2.02,-25.48,0
101387,62.87,673.53,177.6,3,0,37,35.43,134.81,1.41,5.9,0
101388,70.67,722.41,82.33,4,1,18,33.53,363.44,1.81,-6.42,0
101389,35.51,336.37,286.1,4,1,13,21.42,152.65,2.67,-0.57,0
101390,24.94,151.73,272.65,1,1,10,26.13,107.5,0.84,-12.18,0
101391,43.05,151.1,61.86,3,0,9,13.89,43.1,5.06,5.52,0
101392,25.8,221.92,179.62,1,1,17,11.51,99.34,8.03,-16.04,0
101393,86.61,788.29,75.07,1,1,36,55.02,143.14,7.53,-25.48,0
101394,37.22,78.92,124.89,3,0,0,18.84,83.99,2.95,-13.25,1
101395,29.69,136.96,109.55,2,1,0,21.96,65.77,6.53,-13.09,0
101396,38.03,188.45,280.92,2,0,35,41.97,125.46,4.46,-6.72,0
101397,19.09,141.77,191.95,2,2,1,8.57,49.75,1.86,8.69,0
101398,22.6,105.88,88.76,4,0,15,16.13,151.5,0.95,-16.0,0
101399,60.07,412.56,292.07,3,1,1,44.93,69.3,1.88,9.85,0
101400,26.04,164.09,81.81,1,0,0,17.35,25.19,2.49,6.7,0
101401,21.85,141.26,215.84,3,0,15,7.77,68.51,3.61,13.12,0
101402,44.56,218.01,115.04,1,1,32,26.31,86.97,3.96,-7.52,0
101403,59.68,303.49,147.21,4,0,10,35.29,125.37,1.34,21.39,0
101404,48.37,197.29,237.53,2,4,0,43.94,116.98,4.09,-6.47,0
101405,54.79,463.83,239.79,4,0,13,46.84,41.49,3.39,11.46,1
101406,24.9,231.89,375.51,6,0,0,9.01,96.84,3.36,23.1,0
101407,18.46,87.89,172.04,3,0,0,12.06,65.33,3.35,16.08,0
101408,68.78,1029.86,213.05,4,2,10,42.98,72.51,5.09,-3.73,0
101409,30.27,181.05,141.49,4,1,21,37.49,49.45,7.63,-18.64,0
101410,31.26,470.35,198.95,3,0,33,25.73,87.29,5.1,-16.36,0
101411,63.63,323.07,229.22,3,1,43,30.58,589.5,11.14,-16.84,1
101412,44.95,114.24,170.53,3,2,23,24.99,274.15,4.24,-12.31,0
101413,42.97,367.79,66.75,1,0,28,28.16,49.43,3.63,-2.52,0
101414,92.72,734.93,216.0,5,1,0,77.94,93.63,2.85,7.65,0
101415,26.2,186.58,219.96,3,0,41,22.83,74.55,7.2,9.69,0
101416,53.14,269.8,123.82,4,0,34,42.52,98.01,1.9,12.42,0
101417,35.91,247.06,88.81,5,0,5,25.05,155.96,6.91,11.52,0
101418,39.5,214.11,405.33,1,1,24,28.28,83.28,1.92,-3.85,0
101419,69.63,419.01,235.86,2,1,22,49.98,58.7,3.73,7.77,0
101420,43.99,469.0,158.69,2,0,38,13.38,180.13,4.31,-5.98,0
101421,44.59,342.27,96.31,3,1,9,32.76,42.92,1.99,2.56,0
101422,56.71,538.54,114.54,2,0,0,34.35,100.83,3.7,-5.41,0
101423,29.7,185.14,368.48,4,0,3,10.0,36.9,4.66,-2.34,0
101424,23.99,141.54,194.16,3,2,28,32.5,48.63,1.8,-7.17,0
101425,21.87,86.0,132.97,1,1,0,18.11,140.71,1.83,-28.69,0
101426,14.45,84.05,238.24,3,1,0,10.88,59.87,10.16,-6.04,0
101427,88.29,117.45,115.01,2,1,28,58.03,29.19,5.04,7.04,0
101428,21.3,111.02,410.93,2,0,16,19.87,58.33,5.06,12.24,0
101429,31.68,212.89,378.8,4,0,12,14.56,54.7,2.4,5.35,0
101430,30.9,286.73,139.26,1,2,0,20.76,42.2,4.03,-16.35,0
101431,40.19,245.98,127.38,4,1,0,20.58,125.19,3.44,-9.53,0
101432,50.52,420.81,42.65,2,1,0,47.01,35.58,1.68,-26.07,0
101433,51.55,121.34,79.69,3,0,18,28.01,63.25,12.82,8.18,0
101434,26.92,183.18,86.16,2,0,1,27.6,97.5,4.33,-15.38,0
101435,32.46,98.13,193.89,6,0,28,23.54,73.27,4.18,3.58,0
101436,39.75,152.06,150.43,3,2,0,37.51,70.62,4.39,4.73,0
101437,31.29,199.49,85.89,3,0,2,26.6,58.33,1.76,-15.33,0
101438,72.14,955.94,154.21,3,1,24,73.21,43.32,12.56,2.07,0
101439,43.65,367.9,237.67,3,1,5,22.53,61.42,2.46,25.16,0
101440,48.72,344.15,240.63,5,2,6,47.57,133.53,2.46,-7.26,0
101441,47.16,326.94,63.32,2,0,0,13.41,69.37,4.44,14.27,0
101442,59.35,290.76,167.74,1,0,0,45.15,99.48,2.39,1.99,0
101443,37.97,202.5,84.11,1,0,18,23.3,175.93,3.23,2.59,0
101444,19.53,169.25,295.57,2,0,20,7.79,128.98,3.9,-3.37,1
101445,41.9,146.71,277.06,4,2,16,22.06,41.85,3.82,11.99,0
101446,26.11,245.84,109.84,2,2,0,15.4,117.75,2.99,-4.36,0
101447,27.59,159.04,118.11,3,1,8,19.34,168.75,1.81,7.01,0
101448,45.57,481.98,139.67,3,2,40,28.2,63.47,5.4,12.02,0
101449,61.1,691.62,52.14,4,0,0,47.05,34.76,6.76,13.23,0
101450,35.34,107.16,216.53,2,1,45,19.17,69.09,1.89,6.46,1
101451,40.22,210.49,154.92,4,0,13,25.37,100.75,6.27,9.39,0
101452,75.29,343.6,306.91,1,3,8,51.03,128.41,2.1,-1.56,0
101453,39.0,110.3,98.38,2,0,29,31.03,65.85,4.49,-8.37,0
101454,112.86,471.42,128.05,5,4,0,108.59,26.54,4.05,2.95,0
101455,45.14,1071.02,78.6,3,1,36,43.49,41.84,5.35,3.09,0
101456,15.85,150.46,103.61,6,1,45,12.83,111.69,1.39,3.02,0
101457,49.12,896.87,93.96,4,0,31,42.13,297.14,4.03,14.72,0
101458,41.55,440.24,311.3,2,1,0,34.4,88.82,2.67,-1.49,0
101459,62.54,302.09,122.6,2,1,25,41.98,197.86,5.52,-22.3,0
101460,47.38,274.05,192.72,2,1,41,46.21,47.73,4.52,-32.53,0
101461,32.89,308.95,145.99,3,0,39,17.15,61.02,3.97,0.82,0
101462,20.17,175.75,89.55,1,1,0,4.8,22.1,2.13,13.41,1
101463,31.86,167.09,164.09,1,4,30,15.6,112.35,4.65,-5.14,0
101464,23.87,78.53,250.25,3,0,44,26.28,52.65,2.09,26.18,1
101465,26.95,976.43,92.64,2,0,12,18.22,128.93,1.31,0.47,0
101466,45.61,297.54,280.89,5,1,0,37.34,66.58,2.25,34.07,0
101467,74.2,441.35,112.8,3,1,26,50.57,302.75,2.4,-3.29,0
101468,41.8,309.68,138.01,2,0,30,37.22,263.94,2.68,21.74,0
101469,20.43,126.69,241.01,3,1,9,15.69,22.6,3.45,-8.12,0
101470,42.75,318.2,124.97,1,1,0,31.33,128.32,3.46,14.1,0
101471,59.97,798.88,183.76,2,1,29,54.18,57.62,4.03,6.99,0
101472,26.6,174.96,151.39,2,1,0,16.85,132.68,3.43,3.38,0
101473,32.95,128.97,193.27,3,0,19,27.78,40.19,2.05,3.32,0
101474,35.23,227.48,48.6,2,1,40,24.89,213.7,4.96,19.44,0
101475,24.59,136.44,65.8,3,0,0,17.78,167.04,2.13,-4.38,0
101476,46.86,668.43,252.58,1,0,28,25.55,38.53,3.65,-0.09,0
101477,33.15,416.71,318.43,2,2,8,23.07,80.72,5.79,39.24,0
101478,42.27,312.25,109.09,3,1,8,25.98,99.21,2.69,6.42,0
101479,23.48,86.71,157.39,4,0,21,24.24,138.57,1.67,16.78,0
101480,28.75,109.01,211.68,3,0,0,9.46,89.36,1.52,-5.4,1
101481,48.44,341.69,263.55,4,1,0,47.1,144.26,1.99,-9.75,0
101482,29.59,245.09,59.01,2,1,0,9.29,86.26,1.63,9.84,0
101483,76.13,441.9,110.57,2,2,34,67.32,129.91,6.03,1.58,0
101484,29.24,160.99,149.91,2,1,5,15.81,39.61,2.99,-4.71,0
101485,38.72,201.54,264.99,3,0,22,34.53,88.61,9.46,-27.04,0
101486,53.25,368.42,711.3,2,0,3,38.32,179.45,3.12,-28.56,0
101487,18.49,39.32,158.79,3,1,0,7.25,209.86,0.92,-30.85,1
101488,15.85,63.96,83.02,1,0,23,17.27,99.85,3.58,3.37,0
101489,17.62,90.12,224.57,1,1,17,16.63,84.8,2.97,-17.87,0
101490,61.78,790.9,372.23,6,0,7,54.1,204.51,5.13,-27.91,0
101491,27.3,127.23,191.02,2,1,17,16.11,84.71,2.91,-15.01,0
101492,110.67,847.83,109.32,4,0,0,105.44,178.85,2.92,-30.54,0
101493,27.15,212.86,304.86,5,1,31,11.65,84.42,4.58,-11.11,0
101494,38.03,509.42,259.28,2,0,35,7.34,92.19,2.3,-11.85,0
101495,70.06,921.95,102.37,1,0,25,25.18,46.39,2.65,5.62,0
101496,86.32,587.13,222.01,2,1,5,44.84,42.53,5.1,0.45,0
101497,88.5,488.43,311.52,4,0,13,49.68,161.85,1.21,-9.22,0
101498,60.29,302.81,344.81,1,0,40,38.66,253.03,2.91,7.9,0
101499,55.49,344.31,173.54,1,0,35,36.2,95.89,0.5,-20.61,0
101500,45.69,257.46,147.82,2,1,47,26.85,81.46,7.3,-9.15,0
101501,49.68,458.67,353.53,2,1,0,10.98,166.23,3.13,-13.82,0
101502,27.31,235.89,92.51,3,0,0,21.8,110.19,2.08,-2.87,0
101503,24.22,227.91,229.1,3,0,14,16.56,21.34,5.13,-33.04,0
101504,34.95,459.15,84.73,1,0,19,20.13,163.37,3.74,32.25,0
101505,32.42,576.0,323.41,2,0,9,35.65,40.35,1.74,3.3,0
101506,28.54,212.65,156.18,2,1,4,19.68,89.37,5.41,3.8,0
101507,47.88,580.78,361.65,2,0,34,36.61,69.06,4.53,-32.5,0
101508,53.8,315.87,235.86,2,2,10,51.05,61.28,5.3,1.31,0
101509,36.42,461.07,91.85,2,1,0,13.75,92.57,2.86,-5.35,0
101510,68.05,809.89,394.06,1,0,0,50.65,153.85,4.53,14.77,0
101511,20.94,242.67,422.48,3,2,16,19.85,91.71,8.63,-6.33,0
101512,32.08,235.37,292.43,3,1,66,23.33,209.71,7.28,-7.31,0
101513,25.35,127.04,118.4,3,0,0,10.75,225.93,4.69,-2.84,0
101514,15.11,52.67,152.12,2,1,6,9.51,224.69,1.37,18.77,1
101515,33.72,231.37,194.99,8,1,55,26.88,87.03,4.35,-25.6,0
101516,33.13,499.19,122.23,1,1,3,7.4,67.55,6.01,-28.12,0
101517,69.16,414.63,456.57,7,1,20,28.48,88.2,5.79,-35.69,0
101518,46.49,481.88,194.87,1,0,45,57.8,176.8,3.67,14.22,0
101519,22.08,235.65,40.7,1,0,0,19.23,170.55,4.79,12.45,0
101520,80.62,489.68,216.94,2,1,6,90.36,18.97,1.52,-20.12,1
101521,60.63,819.67,148.63,2,1,3,58.61,108.13,3.83,-23.34,0
101522,45.48,74.36,172.73,5,1,0,38.59,21.74,1.11,12.38,0
101523,31.61,120.06,146.97,3,0,40,21.26,88.98,5.76,-23.69,0
101524,22.73,100.65,280.57,2,1,1,19.21,65.52,5.21,-6.3,0
101525,29.6,137.54,333.21,2,2,0,32.93,54.47,4.96,-10.25,0
101526,57.13,473.11,210.32,2,2,4,54.64,149.81,4.07,46.79,0
101527,81.73,661.39,149.36,6,0,28,64.71,61.03,6.96,-4.47,0
101528,70.09,597.48,175.95,2,1,14,49.55,89.49,3.0,17.11,0
101529,28.09,264.89,181.95,4,1,0,24.57,51.44,2.79,4.91,0
101530,21.15,92.05,115.77,2,1,19,13.05,94.07,5.1,-9.09,0
101531,37.29,141.96,247.49,1,1,26,32.62,160.08,1.4,-10.69,0
101532,15.79,134.78,231.82,5,0,11,9.09,53.15,3.8,-0.83,0
101533,40.48,206.76,419.98,2,1,7,26.78,132.13,2.81,-0.68,0
101534,32.75,104.54,359.03,2,1,30,16.15,93.1,3.62,-9.58,0
101535,28.38,322.86,123.45,2,0,8,18.16,92.59,4.48,6.37,0
101536,17.08,240.13,282.63,1,1,40,9.89,72.93,2.53,-1.44,1
101537,44.1,672.47,106.69,2,0,0,51.73,143.14,10.24,-12.48,0
101538,27.54,211.67,263.94,3,0,0,14.5,134.61,4.42,-7.41,0
101539,20.67,197.9,135.48,3,0,0,17.49,83.08,3.36,5.63,0
101540,9.61,133.44,102.53,4,0,7,4.93,101.64,8.0,-17.88,0
101541,34.57,175.59,209.97,4,0,12,26.33,140.55,3.83,-17.89,0
101542,77.7,947.77,41.34,3,2,0,63.91,124.55,1.8,-21.19,0
101543,73.91,593.79,68.71,3,0,13,21.23,74.88,4.03,-7.42,0
101544,28.49,314.95,163.26,2,2,22,11.41,181.13,1.73,-5.74,0
101545,26.69,205.06,188.35,1,0,0,13.65,151.15,2.39,-18.67,0
101546,43.22,578.44,146.91,2,0,2,18.33,319.43,2.5,-2.01,0
101547,22.33,174.82,75.51,6,0,22,17.22,35.1,1.11,-1.89,0
101548,40.09,133.63,114.79,2,2,0,32.5,137.14,3.75,11.93,0
101549,49.41,714.77,223.21,2,1,6,23.92,179.66,2.5,11.45,0
101550,60.79,264.97,247.88,2,1,31,47.48,164.5,4.3,-32.0,0
101551,33.46,438.22,178.4,2,0,44,21.55,77.34,1.21,2.32,0
101552,31.93,213.68,340.09,3,1,19,23.16,39.72,3.37,-31.55,0
101553,23.58,297.13,223.97,1,0,8,13.98,226.69,2.11,6.53,0
101554,24.13,297.84,119.33,1,1,2,21.03,67.41,3.2,6.23,0
101555,31.61,274.35,154.27,3,1,28,36.63,75.38,1.49,-17.06,1
101556,41.29,372.72,83.21,2,1,32,38.96,310.98,4.07,3.05,0
101557,52.8,456.54,169.61,1,1,0,57.99,41.93,3.56,-17.51,0
101558,24.38,62.36,331.83,3,2,28,9.74,147.1,3.59,-4.0,1
101559,68.52,508.84,262.4,2,0,1,39.81,57.26,2.04,-0.81,0
101560,30.98,124.12,389.19,3,0,0,27.61,56.51,1.65,-5.97,0
101561,34.67,264.34,152.38,4,1,9,39.07,99.52,4.98,9.13,0
101562,25.01,98.84,377.4,5,0,29,22.82,135.05,1.34,-13.77,0
101563,11.76,45.51,161.85,5,2,17,5.8,159.16,7.19,5.52,0
101564,52.1,813.66,404.37,1,0,17,33.41,172.21,8.15,-20.46,1
101565,48.76,582.64,177.85,4,1,18,40.63,58.9,2.8,-33.63,0
101566,30.84,215.42,265.58,2,0,20,21.86,45.32,5.1,-27.72,0
101567,36.07,276.94,405.15,2,0,9,19.85,73.28,3.32,-16.86,0
101568,44.15,273.0,161.83,2,0,23,29.91,110.86,3.35,7.82,0
101569,17.33,161.27,202.97,1,1,0,12.93,79.55,4.21,6.2,0
101570,27.59,137.71,365.71,2,0,23,13.21,10.18,7.26,-5.31,0
101571,50.04,575.68,167.3,4,0,27,49.84,30.07,1.93,-33.39,0
101572,19.9,122.77,87.05,4,0,24,12.74,77.91,4.98,25.33,0
101573,39.94,226.66,585.0,1,1,25,29.23,150.34,3.95,-24.87,0
101574,19.01,134.51,139.02,2,1,20,19.18,52.3,2.81,3.36,0
101575,43.17,224.88,196.42,3,2,33,31.03,139.72,2.14,-8.13,0
101576,34.44,284.17,339.94,4,2,0,34.27,36.68,2.62,4.03,0
101577,16.92,90.54,128.8,4,0,27,8.34,104.92,1.51,17.81,0
101578,59.11,523.04,103.4,2,0,47,50.73,105.37,1.75,0.81,0
101579,25.15,323.34,206.96,2,3,0,24.14,119.23,0.53,8.65,0
101580,24.31,118.75,67.14,3,1,0,13.19,49.15,6.71,44.12,0
101581,38.31,251.19,153.64,2,2,35,27.02,35.56,1.6,13.23,0
101582,58.69,517.4,205.97,5,1,0,41.7,139.13,2.83,-26.44,0
101583,22.16,124.74,155.16,2,0,0,17.78,36.02,5.37,-43.27,0
101584,35.99,317.72,77.02,2,1,15,31.26,56.67,1.13,5.99,0
101585,42.45,392.26,432.57,2,2,0,22.17,207.44,1.13,-8.96,0
101586,47.81,575.24,190.55,2,1,27,35.14,99.66,2.11,9.97,0
101587,37.89,195.91,395.48,3,1,0,43.49,112.29,3.18,-40.22,0
101588,29.67,129.63,156.01,3,1,18,30.07,130.93,2.66,15.49,0
101589,24.12,144.76,110.94,3,1,17,22.87,128.16,13.33,-3.53,0
101590,36.38,156.98,208.72,2,3,41,25.53,88.86,2.92,29.34,0
101591,21.6,200.55,159.86,1,1,32,27.7,52.4,3.75,-2.05,0
101592,9.4,36.81,94.18,2,1,2,9.47,450.45,2.52,6.03,0
101593,42.6,957.4,403.97,2,0,0,32.35,75.51,2.58,-7.67,0
101594,52.57,703.45,127.83,4,0,27,42.32,109.78,2.22,-8.83,0
101595,12.09,85.13,65.42,1,0,0,7.68,117.2,9.05,2.4,0
101596,22.22,239.99,373.7,3,1,5,18.85,65.37,6.51,-6.63,0
101597,46.25,142.8,136.4,2,1,0,41.54,69.71,0.65,-10.87,0
101598,88.34,2183.79,128.85,2,1,24,81.77,219.81,6.58,3.55,0
101599,35.33,184.11,68.17,5,0,0,24.9,57.77,2.45,-10.64,0
101600,25.22,166.24,468.94,6,1,11,9.62,115.27,4.68,4.04,0
101601,32.23,89.21,88.57,1,0,11,26.12,154.06,1.04,-25.57,1
101602,64.98,580.04,185.88,2,0,15,60.21,79.15,1.63,-1.86,0
101603,26.17,105.36,297.35,1,0,23,13.23,85.07,9.42,-4.85,0
101604,24.43,179.91,226.99,3,0,7,17.77,159.8,3.98,-35.65,0
101605,28.17,150.19,174.19,2,1,0,30.57,82.88,0.58,-20.41,0
101606,22.79,93.07,70.6,1,2,0,10.24,25.88,12.73,-40.44,0
101607,36.99,173.17,115.31,2,1,13,25.12,221.88,2.49,-0.47,0
101608,72.71,569.78,199.59,4,0,9,81.56,50.13,3.96,-13.96,0
101609,40.48,149.29,116.75,2,1,0,31.95,102.42,3.8,-6.84,0
101610,31.24,150.4,201.3,2,0,13,19.32,40.82,5.75,17.97,0
101611,30.69,299.34,261.89,2,0,27,22.97,66.24,2.08,-2.01,0
101612,17.32,445.44,305.62,3,3,32,16.57,69.26,2.48,2.38,0
101613,52.08,462.87,91.7,4,0,0,36.41,99.91,8.74,-9.26,0
101614,33.8,149.55,602.51,2,0,5,30.4,53.17,3.65,-13.02,0
101615,32.27,188.01,274.53,2,0,29,26.1,295.75,2.21,-23.55,0
101616,147.27,1047.28,179.83,2,1,40,122.12,91.33,2.75,8.82,0
101617,40.04,235.33,327.73,3,0,0,36.65,152.69,4.07,21.16,0
101618,24.95,274.37,661.12,2,0,36,16.88,89.52,2.17,15.56,0
101619,28.89,225.46,81.59,3,0,0,14.85,163.72,7.27,-19.82,0
101620,58.68,646.77,159.03,2,2,32,50.97,25.52,2.24,16.84,0
101621,36.83,220.3,48.66,1,0,6,26.4,58.97,3.09,-4.42,0
101622,18.32,248.83,200.12,1,0,40,11.69,65.81,2.74,20.07,1
101623,52.93,340.93,220.07,2,2,3,46.66,65.49,2.87,3.78,0
101624,25.91,111.61,176.16,2,0,6,27.71,122.86,1.96,2.71,0
101625,81.32,1690.71,125.58,4,0,9,57.84,128.01,4.17,3.11,0
101626,56.9,159.94,58.31,3,1,0,42.8,86.09,3.23,-27.41,0
101627,28.62,138.46,221.05,4,2,0,13.01,87.38,3.68,-20.95,0
101628,62.29,318.68,400.79,2,1,21,43.25,389.21,7.93,-11.39,0
101629,36.09,885.32,130.05,4,0,29,29.06,109.35,1.12,-7.47,0
101630,51.37,887.52,229.29,3,3,22,38.27,23.68,2.14,-0.24,0
101631,43.53,643.13,75.98,3,1,0,28.71,142.86,5.45,-8.94,0
101632,23.91,141.89,231.46,1,2,20,22.28,125.9,2.96,-9.59,0
101633,26.2,616.93,144.98,1,1,0,20.03,180.44,3.53,16.6,0
101634,55.64,468.21,118.35,3,1,19,77.73,128.88,2.36,18.27,0
101635,30.11,343.52,118.48,2,2,32,24.14,52.3,2.07,7.08,0
101636,29.19,223.51,144.96,1,1,18,1.85,153.52,2.03,-12.87,0
101637,22.77,155.51,222.14,2,0,38,10.75,95.53,3.92,4.29,0
101638,42.35,261.38,87.47,2,2,9,37.4,168.6,10.98,17.21,0
101639,88.54,558.12,144.68,3,1,8,52.17,227.82,6.77,-5.69,0
101640,21.65,205.43,175.94,4,4,13,13.09,83.65,2.81,18.14,1
101641,35.38,297.6,98.35,4,0,0,15.58,152.21,0.73,27.03,0
101642,66.08,455.33,483.53,4,0,4,41.68,167.34,6.2,12.64,0
101643,33.77,502.79,112.57,1,0,6,26.96,98.99,3.73,7.3,0
101644,42.9,68.13,124.56,2,1,6,36.31,291.39,10.23,3.2,0
101645,21.7,196.0,105.1,4,0,16,10.74,168.53,4.36,7.51,0
101646,42.44,425.33,484.02,3,3,0,40.38,63.34,2.94,4.28,0
101647,32.17,399.62,243.97,1,0,0,14.55,105.2,2.57,-20.36,0
101648,54.54,369.59,107.54,3,0,32,46.88,150.79,1.37,17.96,0
101649,59.72,463.84,330.76,3,0,0,49.82,284.82,3.12,-0.71,0
101650,112.24,1286.31,201.01,2,0,23,57.96,130.62,5.57,34.56,0
101651,45.43,670.27,207.36,3,0,5,22.11,107.07,0.86,39.49,0
101652,40.53,244.11,148.93,3,0,14,34.27,192.12,8.49,-5.76,0
101653,38.2,305.58,119.2,1,1,40,23.3,78.9,1.2,1.07,0
101654,29.86,483.78,216.75,1,0,9,20.97,49.69,2.09,-8.45,0
101655,40.76,98.65,133.37,4,2,23,37.57,137.29,4.11,-16.3,0
101656,30.64,151.92,488.91,4,2,13,26.65,71.73,1.15,-2.86,0
101657,37.76,550.04,89.55,3,1,10,19.67,459.1,2.93,-1.51,0
101658,63.32,765.44,418.99,1,0,7,46.64,104.75,3.61,-21.56,0
101659,22.25,202.26,169.31,1,1,24,11.49,137.79,4.01,-18.78,0
101660,58.46,326.98,212.18,2,5,0,56.56,61.73,2.5,-46.6,0
101661,63.31,285.16,284.63,2,0,0,71.8,192.21,1.45,-19.53,0
101662,33.19,172.87,127.27,3,2,13,17.88,88.56,7.23,10.68,0
101663,13.47,204.47,289.54,1,1,15,10.0,83.52,4.4,19.65,0
101664,26.62,136.12,40.6,1,0,0,26.08,84.73,4.01,-31.57,0
101665,62.74,462.02,121.14,3,2,11,47.43,41.47,2.38,-22.1,0
101666,34.64,166.35,108.28,4,1,0,30.84,77.44,4.96,16.4,0
101667,22.32,238.16,90.34,2,2,23,17.03,124.9,1.29,-14.8,0
101668,27.89,149.12,159.93,4,0,0,13.55,35.61,8.5,-8.92,0
101669,51.09,340.61,222.54,3,2,46,39.84,166.14,2.3,-12.31,0
101670,44.76,135.04,264.92,3,0,5,46.19,76.62,5.3,11.75,0
101671,31.43,98.2,205.5,4,0,0,26.04,104.23,6.33,23.11,0
101672,29.67,208.52,124.81,2,1,6,34.3,23.56,3.66,-0.9,0
101673,29.34,105.89,220.5,1,1,22,9.01,103.01,3.88,-8.59,1
101674,23.11,463.46,192.73,3,2,28,19.52,48.13,3.25,-5.32,0
101675,72.4,180.8,301.2,6,2,7,42.57,72.89,6.03,11.38,0
101676,30.27,142.04,275.96,3,0,0,16.08,35.14,2.27,5.88,0
101677,60.53,427.23,183.04,4,1,0,65.59,53.02,4.81,-5.76,0
101678,69.4,404.76,109.89,2,0,17,47.63,81.59,3.46,-2.66,0
101679,54.85,221.06,125.69,3,2,29,36.32,76.46,7.35,-12.77,0
101680,28.82,124.97,133.03,2,0,32,24.09,153.01,7.0,-12.03,0
101681,41.97,179.04,151.34,1,3,15,8.89,29.34,2.36,-22.98,0
101682,34.62,209.98,208.59,1,1,29,37.69,87.27,5.98,15.18,0
101683,23.31,432.92,266.75,3,2,46,28.57,84.81,4.33,-35.96,0
101684,40.5,294.77,175.01,1,3,33,39.64,68.38,3.34,2.18,0
101685,20.59,260.38,181.6,3,1,28,17.56,52.03,5.76,-2.4,0
101686,59.73,538.72,194.76,2,2,0,41.56,174.36,5.13,-3.41,1
101687,28.4,346.93,135.53,2,1,29,13.66,307.49,2.51,-11.18,1
101688,38.32,66.14,108.2,3,1,20,40.18,32.18,1.55,-6.41,0
101689,39.76,239.01,68.54,1,0,23,38.93,51.69,1.79,24.4,0
101690,31.15,419.19,122.81,4,1,34,26.87,49.26,2.13,-0.9,0
101691,45.58,239.7,233.5,3,1,18,37.98,76.01,2.91,0.42,0
101692,28.27,477.61,122.29,4,1,10,23.32,191.2,4.05,0.9,0
101693,51.8,761.5,157.93,2,0,0,32.04,123.52,3.48,-12.52,0
101694,19.1,105.74,232.64,2,1,6,26.27,82.06,1.2,-10.52,0
101695,37.05,201.65,239.69,2,0,15,25.14,90.89,2.64,5.91,0
101696,83.75,353.18,99.41,2,0,16,53.88,74.32,8.78,-14.61,0
101697,22.31,114.01,311.48,3,1,16,22.99,140.19,2.51,-3.45,0
101698,25.8,97.51,334.62,1,0,29,19.16,150.81,1.11,15.42,0
101699,44.11,382.57,96.69,1,1,27,32.87,128.33,5.1,-12.06,0
101700,37.95,128.26,114.42,1,0,10,41.88,24.09,0.58,-3.65,0
101701,40.98,387.96,346.56,3,0,0,37.69,90.71,4.49,-6.16,0
101702,43.62,417.98,166.03,1,0,18,40.67,80.47,4.33,5.54,0
101703,46.57,142.06,53.09,1,0,52,18.42,163.14,4.05,0.18,0
101704,57.67,876.15,83.36,2,0,17,49.03,103.88,1.83,-12.26,0
101705,42.09,380.88,156.93,2,0,6,20.99,125.69,3.24,-9.99,0
101706,31.4,319.75,94.94,3,0,21,19.98,66.86,1.95,-11.6,0
101707,47.37,226.92,143.39,4,0,22,37.61,158.13,1.86,-12.81,0
101708,82.29,786.34,183.24,2,1,22,60.98,188.69,10.13,-28.31,0
101709,32.97,405.36,402.3,4,0,36,30.12,33.91,5.16,0.72,0
101710,22.57,150.42,153.42,3,3,18,21.28,41.35,3.98,-12.04,0
101711,57.6,1097.08,324.68,2,1,35,55.38,142.21,3.03,5.25,0
101712,33.15,237.25,394.96,3,1,16,13.72,81.16,4.92,-0.73,0
101713,13.17,163.03,396.16,2,0,39,17.65,166.84,3.44,-7.66,0
101714,51.25,415.34,210.52,1,1,33,38.12,104.05,5.04,-8.89,0
101715,27.51,258.04,61.14,1,1,28,28.97,136.39,7.38,-21.81,0
101716,33.6,101.99,231.92,3,0,26,4.08,57.48,4.26,-0.06,0
101717,40.64,342.47,320.4,2,3,53,27.78,110.35,1.86,-3.25,1
101718,38.13,184.84,172.15,2,0,31,14.67,110.54,6.23,-11.35,0
101719,48.16,220.81,469.88,1,0,0,25.75,59.53,3.0,-31.74,0
101720,28.77,481.71,288.84,1,0,16,21.94,164.16,3.81,-5.09,0
101721,44.09,277.35,246.04,3,1,7,29.38,28.86,2.71,-3.97,0
101722,31.14,132.0,327.17,1,1,49,33.59,101.95,1.33,14.53,1
101723,48.8,285.48,216.22,3,0,34,58.19,41.4,5.46,-1.44,1
101724,46.17,168.67,45.69,1,0,48,23.47,48.74,6.72,15.87,0
101725,22.97,329.39,136.79,1,1,0,14.43,162.62,3.76,-11.43,0
101726,57.06,282.06,347.72,3,1,31,28.08,46.52,5.79,-5.98,0
101727,27.5,250.82,115.44,2,0,0,28.57,45.36,2.21,-17.12,0
101728,50.35,694.32,159.18,2,0,0,39.76,127.49,3.56,-5.98,0
101729,41.29,225.08,101.32,3,1,4,31.3,46.22,2.0,10.4,0
101730,80.04,731.03,480.16,3,1,39,66.28,165.79,4.22,10.83,0
101731,31.65,132.38,453.85,2,0,0,21.28,132.5,4.06,1.33,0
101732,29.91,711.2,110.7,4,2,11,16.03,56.44,3.47,-22.18,0
101733,34.7,387.89,195.19,2,1,33,26.46,162.07,3.74,-23.08,0
101734,30.54,194.13,123.8,2,2,27,20.86,28.13,0.6,-5.73,1
101735,50.17,238.61,252.44,1,0,51,41.98,119.5,2.28,-12.18,0
101736,16.91,111.82,238.24,2,0,12,5.78,42.61,1.83,7.95,0
101737,21.78,128.65,281.29,5,0,4,17.35,65.75,4.39,5.1,0
101738,21.65,402.31,216.05,3,1,0,12.5,68.35,3.51,3.17,0
101739,53.68,203.59,904.54,2,1,5,42.29,194.15,0.66,-10.58,0
101740,75.57,565.91,102.27,1,0,0,73.78,66.62,1.72,0.21,0
101741,33.39,231.62,70.25,1,0,0,20.4,85.85,0.5,3.01,0
101742,32.44,214.13,145.0,4,2,47,34.03,69.19,8.3,-7.15,1
101743,36.12,239.48,75.99,2,1,12,11.37,49.91,1.81,-5.59,0
101744,59.04,389.97,79.21,2,2,58,67.07,48.5,4.6,2.55,0
101745,23.06,249.76,103.78,2,0,0,24.43,108.32,2.84,-18.42,1
101746,38.96,369.82,108.39,1,0,4,20.59,88.59,1.29,-10.68,0
101747,54.28,468.51,106.48,4,0,0,28.79,142.21,2.25,-11.87,0
101748,43.85,67.34,239.36,3,4,0,16.5,77.83,4.53,12.77,0
101749,38.12,309.97,136.26,4,0,27,37.37,79.36,2.47,-9.98,0
101750,54.92,167.99,163.08,3,1,22,36.65,142.49,5.04,-1.59,0
101751,10.37,100.28,294.35,1,2,27,6.73,71.99,1.64,7.69,0
101752,47.48,694.75,118.09,5,0,36,22.28,37.94,3.23,-13.38,1
101753,26.08,114.87,155.63,2,1,31,31.37,149.66,4.18,11.14,0
101754,15.36,94.31,220.11,2,1,0,7.78,59.95,2.05,12.42,0
101755,44.05,228.52,61.87,2,0,2,33.31,93.69,3.11,-33.86,0
101756,64.94,843.13,48.49,2,0,14,52.21,61.8,2.05,3.35,0
101757,32.9,241.51,217.74,1,1,79,21.4,50.21,3.78,13.52,0
101758,53.74,892.67,235.94,2,0,25,32.23,28.81,1.81,-7.77,0
101759,72.3,622.45,560.19,1,1,13,47.55,110.31,2.67,6.1,0
101760,63.25,499.79,196.35,4,0,24,56.37,11.75,0.5,-21.87,0
101761,73.21,530.25,282.54,1,0,1,48.56,196.14,3.33,-25.77,0
101762,48.88,515.02,161.65,4,0,16,56.52,167.17,3.19,-8.36,0
101763,36.21,106.31,211.97,1,0,29,20.12,52.15,3.65,-16.64,0
101764,17.02,124.34,450.32,1,1,11,15.97,233.4,1.12,3.35,1
101765,31.33,211.77,55.97,2,0,0,9.74,309.91,5.46,2.86,0
101766,23.95,240.93,225.98,2,0,10,13.31,76.39,3.35,24.43,0
101767,92.97,592.49,582.62,2,0,6,50.75,115.17,2.95,9.96,0
101768,32.34,134.66,210.2,2,1,0,15.33,97.67,1.19,-10.97,0
101769,37.0,259.92,446.2,3,1,1,30.37,223.18,4.7,-1.32,0
101770,44.86,182.73,127.34,6,2,0,32.41,39.03,5.49,1.26,0
101771,35.69,95.42,176.86,1,1,0,6.44,78.52,11.71,5.92,0
101772,75.05,755.66,183.35,3,0,0,93.73,156.25,0.75,-33.39,0
101773,26.45,247.3,53.16,2,0,29,21.0,146.63,7.34,-8.8,0
101774,38.2,337.77,94.68,4,0,38,28.66,87.72,3.71,13.63,0
101775,25.06,336.5,98.46,2,0,0,27.0,207.51,6.6,3.92,0
101776,19.32,97.0,282.9,2,0,40,19.27,103.53,4.17,-1.41,0
101777,26.58,90.96,290.8,2,0,0,17.95,96.35,4.47,-9.79,0
101778,34.42,232.66,215.12,3,1,25,9.01,136.73,7.09,-3.97,0
101779,28.85,169.75,283.22,1,0,16,25.71,86.77,5.46,-1.38,0
101780,25.63,117.74,164.46,3,1,23,13.05,92.76,5.95,-15.66,0
101781,18.59,125.02,348.63,2,0,0,19.7,56.12,2.96,2.01,0
101782,33.72,173.83,180.87,4,0,0,18.74,523.14,0.5,-0.95,0
101783,17.78,49.71,185.82,5,1,0,11.33,67.75,3.41,-8.27,0
101784,49.27,276.63,155.54,2,1,19,20.41,139.4,2.07,-8.31,0
101785,36.32,144.05,262.28,4,0,47,15.78,282.89,5.11,-20.69,1
101786,18.16,142.76,142.78,1,0,0,13.13,40.21,3.58,14.63,0
101787,30.45,153.56,307.97,2,2,10,21.3,129.87,3.14,5.44,0
101788,24.95,304.48,96.57,1,0,0,15.74,91.26,2.59,2.31,0
101789,40.41,630.69,98.35,4,1,11,51.04,264.18,4.75,6.07,0
101790,63.98,629.01,262.71,3,1,0,57.64,52.16,3.04,-43.45,0
101791,15.05,48.52,171.44,2,0,38,11.33,57.31,3.42,23.44,0
101792,36.86,547.64,140.23,7,0,12,2.24,87.34,3.17,-41.69,1
101793,32.57,501.23,293.68,2,1,28,31.15,66.93,2.96,11.35,0
101794,47.34,334.54,128.89,2,1,7,70.95,68.32,0.75,-0.6,0
101795,38.52,522.52,161.23,1,1,15,27.08,303.95,2.99,-17.97,0
101796,24.95,132.56,388.59,2,0,32,13.66,97.13,1.75,-0.43,0
101797,30.32,83.48,419.68,3,2,14,23.98,56.2,3.05,5.29,0
101798,24.46,117.09,427.42,3,2,15,9.59,71.22,3.54,-9.56,0
101799,56.8,943.99,154.13,3,1,0,49.16,114.75,2.4,16.01,0
101800,35.34,117.37,354.19,1,1,2,39.76,110.19,0.5,-24.65,0
101801,82.34,576.26,106.81,1,1,0,47.95,63.65,2.47,-17.95,0
101802,34.06,242.51,109.31,1,0,0,20.11,33.89,2.37,-20.98,0
101803,25.45,137.83,49.41,1,0,34,18.58,87.31,2.7,-23.48,0
101804,17.71,99.32,451.71,3,2,44,11.06,85.91,1.24,0.49,0
101805,15.55,112.84,111.92,2,0,0,5.78,61.08,3.56,22.06,0
101806,17.16,90.68,167.9,4,1,19,11.22,193.96,3.76,10.76,0
101807,39.47,135.7,109.1,3,0,6,23.81,127.05,2.77,-6.59,0
101808,44.0,342.99,263.83,3,0,37,48.04,97.58,5.24,18.84,0
101809,17.18,205.7,146.4,4,1,14,17.85,72.49,3.15,13.46,0
101810,52.36,566.12,87.82,2,1,11,57.56,254.58,2.76,-12.07,0
101811,28.16,131.5,229.49,3,1,0,26.77,45.02,3.03,-6.41,0
101812,37.39,140.01,81.81,5,0,0,29.97,66.81,5.61,2.34,0
101813,72.3,439.07,113.57,1,0,25,38.42,68.61,4.33,-13.73,0
101814,52.4,803.3,56.5,4,1,18,56.67,107.68,1.91,-16.87,0
101815,31.02,299.83,82.25,5,0,18,25.96,133.8,1.63,9.07,0
101816,23.44,233.27,198.57,1,2,1,10.27,40.36,2.78,12.55,0
101817,13.29,145.16,61.1,4,0,9,6.93,59.68,5.34,-17.3,0
101818,25.32,218.77,79.7,1,3,26,10.99,117.73,4.98,3.46,1
101819,31.83,236.64,179.77,2,1,29,7.54,60.38,3.63,3.21,0
101820,22.45,218.8,133.48,1,0,0,19.01,70.72,2.16,-18.55,0
101821,32.99,175.76,538.39,1,1,0,14.53,99.82,4.44,2.85,0
101822,36.23,125.04,493.54,3,1,0,20.33,49.99,0.94,5.76,0
101823,31.63,317.85,111.68,4,2,15,24.03,106.31,2.33,6.47,0
101824,26.12,339.55,244.54,2,0,27,18.37,129.98,4.63,-6.41,0
101825,37.76,151.11,271.8,1,1,6,21.58,92.1,1.03,2.32,0
101826,42.7,450.83,129.59,3,1,0,48.24,211.67,6.4,0.56,0
101827,21.43,347.57,79.08,2,0,5,7.89,139.08,6.23,-0.97,0
101828,66.04,461.76,178.79,1,0,53,25.04,87.82,3.19,11.02,1
101829,33.48,155.69,163.68,2,1,33,28.94,74.21,4.86,-16.65,0
101830,35.3,262.76,141.64,2,0,25,20.95,257.92,2.4,-15.01,1
101831,48.14,255.87,229.58,1,1,17,28.1,60.52,1.66,-18.26,0
101832,38.87,199.9,119.11,1,1,11,18.67,76.44,6.94,12.54,0
101833,53.75,467.2,95.52,2,1,0,44.85,70.38,5.84,-2.54,0
101834,39.83,125.04,191.13,4,2,0,32.12,114.26,4.87,-11.63,0
101835,26.57,90.35,222.57,4,0,1,20.72,348.24,0.83,16.68,0
101836,41.18,291.07,94.24,5,0,0,24.89,104.36,3.0,-5.85,0
101837,20.92,144.81,299.89,2,0,1,11.76,74.19,7.89,-34.98,0
101838,36.75,305.48,67.98,1,0,10,26.07,100.79,4.37,-12.03,0
101839,34.48,616.41,130.97,3,2,11,34.19,40.94,3.1,-0.91,0
101840,31.87,235.07,156.19,2,0,0,36.4,80.41,3.06,3.21,0
101841,33.03,311.84,126.85,5,0,20,33.95,250.2,3.06,-12.51,0
101842,15.01,64.5,131.92,4,2,8,13.15,133.89,0.5,-8.74,0
101843,27.34,280.98,503.73,2,1,15,27.22,188.37,3.93,-9.77,0
101844,36.49,196.34,112.73,4,0,0,16.59,165.31,4.27,7.09,0
101845,37.61,272.85,689.27,2,0,24,21.5,58.82,0.95,17.63,0
101846,22.04,146.11,228.92,3,1,2,19.42,283.44,3.5,-13.45,0
101847,61.86,725.83,189.35,1,0,40,44.57,31.01,2.57,18.68,0
101848,23.7,86.18,233.9,4,0,7,19.78,109.87,1.37,0.24,0
101849,54.14,121.01,723.73,1,0,10,53.86,26.15,0.5,-4.83,0
101850,42.42,266.87,104.22,4,1,22,40.55,32.2,2.16,-6.92,0
101851,26.17,231.53,97.2,3,1,26,12.49,157.77,3.07,-17.07,0
101852,77.81,587.74,118.84,1,0,28,58.59,59.44,4.26,-15.36,0
101853,20.45,265.13,183.21,3,0,43,10.63,189.95,4.98,-17.6,0
101854,52.93,461.08,69.67,1,0,23,29.41,24.41,3.35,-19.09,0
101855,54.91,289.92,182.23,1,0,10,17.7,85.35,1.52,3.19,0
101856,25.88,56.64,456.87,2,0,2,20.28,43.39,6.73,28.76,0
101857,65.49,407.16,195.63,2,3,9,19.9,73.9,3.38,-14.01,0
101858,31.28,366.03,153.24,2,1,38,26.54,227.88,2.34,-6.91,0
101859,39.86,229.33,128.12,4,3,0,43.43,263.72,3.19,12.06,0
101860,39.35,279.38,295.05,2,0,0,34.73,122.43,5.95,-17.82,0
101861,32.95,284.72,114.29,3,0,8,25.14,34.57,7.14,-23.7,0
101862,50.41,212.4,496.94,3,0,0,57.15,43.63,2.59,-31.76,0
101863,50.02,478.16,521.29,2,0,4,41.61,99.07,9.09,-1.87,0
101864,15.93,252.9,207.3,4,0,44,8.51,55.49,5.71,-12.24,0
101865,62.95,404.16,178.86,1,0,6,49.18,133.57,2.02,-22.5,0
101866,16.56,65.93,317.29,2,0,19,20.54,246.01,4.07,-12.85,0
101867,55.7,377.14,328.68,4,0,0,26.56,49.91,1.99,10.2,0
101868,58.11,133.76,115.55,2,1,0,23.53,52.6,4.17,-9.24,0
101869,21.42,177.47,134.74,3,0,28,19.36,44.32,3.86,9.61,0
101870,29.09,255.32,86.98,3,1,42,20.19,77.27,2.59,3.59,0
101871,21.28,344.3,225.41,1,0,15,13.13,92.86,7.59,-0.78,0
101872,31.77,201.85,259.72,1,1,6,13.83,91.17,3.32,-3.3,0
101873,30.47,261.62,85.67,1,0,20,8.0,154.23,12.99,6.96,0
101874,49.71,226.21,140.13,2,0,0,19.18,113.93,2.2,1.22,0
101875,63.12,369.7,85.8,4,0,16,72.82,86.88,4.22,-0.27,0
101876,65.59,214.16,109.8,1,1,0,49.05,92.24,5.02,-32.3,0
101877,27.18,172.58,243.72,2,0,26,7.05,94.74,1.75,-7.87,0
101878,31.86,191.42,120.25,2,1,0,33.32,86.93,2.34,-26.44,0
101879,16.41,133.39,152.55,3,1,0,17.37,59.95,2.68,-19.42,1
101880,24.35,124.81,73.55,2,0,11,25.75,43.73,3.65,11.89,0
101881,54.03,394.3,199.5,3,0,0,34.81,98.02,2.76,-5.58,0
101882,72.41,429.05,175.67,2,2,5,49.44,66.7,5.33,21.55,0
101883,20.08,119.11,120.55,5,0,28,15.75,123.33,1.74,7.6,0
101884,26.81,195.36,162.23,1,2,11,29.5,93.97,2.89,-13.56,0
101885,34.59,247.06,198.76,1,1,0,21.14,90.81,3.29,-9.43,0
101886,39.7,406.64,114.98,4,0,28,22.29,162.47,1.51,6.4,0
101887,24.31,160.23,79.92,3,1,16,22.46,38.75,4.31,4.89,0
101888,42.36,248.92,485.91,2,1,17,44.57,260.18,4.05,11.16,0
101889,28.28,180.84,127.06,2,1,0,20.84,24.26,3.95,-36.03,0
101890,34.77,170.28,170.67,4,3,0,31.91,214.92,4.5,-26.87,0
101891,44.75,261.68,313.85,1,0,0,34.82,101.53,3.2,-12.36,0
101892,35.1,678.39,1253.8,2,0,0,24.12,65.72,4.59,6.72,0
101893,28.76,127.55,90.78,2,2,0,15.61,37.22,3.86,8.63,0
101894,33.32,202.88,230.53,3,1,0,15.38,62.81,1.14,-45.84,0
101895,33.64,193.98,121.97,4,0,14,20.06,81.58,1.43,-16.47,0
101896,29.63,183.31,133.84,4,2,27,14.99,101.17,7.22,5.12,0
101897,31.15,184.78,121.13,3,1,31,25.57,214.26,3.28,-18.59,0
101898,71.86,578.4,96.92,4,0,27,75.77,94.05,4.13,1.0,0
101899,45.05,134.1,175.96,2,1,0,36.08,109.03,3.97,3.8,0
101900,30.64,360.28,80.0,1,0,13,15.93,111.04,3.56,-10.5,0
101901,47.89,459.98,302.99,3,3,40,46.16,73.94,9.4,-1.88,1
101902,30.12,113.25,185.53,5,0,0,24.82,80.2,4.47,-4.98,0
101903,59.34,133.57,227.08,2,0,36,51.84,84.41,2.58,4.68,0
101904,41.33,177.52,139.29,2,2,0,25.63,131.06,7.17,-6.29,0
101905,33.35,206.78,147.08,2,1,17,34.46,52.04,3.15,-30.21,0
101906,42.81,1088.85,210.84,2,0,19,44.18,66.41,4.28,5.66,0
101907,17.26,158.54,94.89,2,1,15,12.15,111.45,3.75,-3.17,0
101908,21.08,59.76,147.83,2,0,52,19.6,47.18,7.18,5.55,0
101909,20.45,101.41,112.19,3,1,6,20.97,96.35,3.4,-15.38,0
101910,37.33,254.42,110.29,6,0,0,23.65,64.87,3.08,-6.7,0
101911,76.32,606.52,56.4,3,2,18,55.69,121.87,4.74,-10.28,0
101912,95.53,346.53,376.0,2,0,8,73.55,205.22,5.62,10.9,0
101913,46.64,305.18,123.39,1,0,21,22.18,64.91,7.08,7.42,0
101914,43.85,214.39,341.32,1,1,27,37.73,141.8,4.35,19.94,0
101915,15.56,62.73,324.02,1,1,11,15.65,101.51,5.69,-4.36,0
101916,27.42,218.51,88.74,5,1,19,19.58,71.49,5.95,-21.41,0
101917,24.55,253.08,98.92,3,0,14,20.5,90.36,3.18,-18.27,0
101918,26.47,282.14,736.0,1,2,44,29.11,196.09,3.07,11.09,0
101919,32.45,302.71,471.52,2,2,5,21.05,81.18,2.2,17.24,0
101920,28.3,154.49,176.91,2,0,0,23.77,197.41,1.85,-22.45,0
101921,14.36,143.72,207.37,1,0,27,8.73,83.75,1.79,-10.12,0
101922,49.0,400.35,127.23,3,1,0,29.44,38.57,1.75,-19.3,0
101923,21.6,161.66,228.32,1,4,19,18.04,82.41,4.05,27.37,0
101924,38.98,200.95,121.33,3,0,8,31.59,36.8,0.69,3.2,0
101925,89.0,485.98,58.86,3,0,10,79.1,74.38,6.02,-15.74,0
101926,23.14,168.09,87.02,2,1,55,17.8,72.69,2.74,-16.56,0
101927,11.21,265.75,182.1,3,0,34,9.71,267.72,2.91,19.2,0
101928,30.77,250.43,96.63,2,3,30,35.89,236.38,3.03,7.07,0
101929,57.44,296.22,173.46,3,1,21,58.3,94.73,4.57,-2.08,0
101930,84.49,390.07,99.67,1,0,0,70.51,186.16,5.08,-9.02,0
101931,20.13,110.18,117.06,3,2,16,17.64,70.89,1.08,-8.63,0
101932,43.77,909.98,287.78,4,1,22,29.55,38.22,4.79,-23.39,0
101933,28.39,162.75,206.25,2,1,15,20.16,123.53,2.68,-13.19,0
101934,33.37,367.61,179.05,2,0,13,29.14,111.79,2.13,-9.43,0
101935,115.04,667.31,291.89,2,0,4,88.8,51.28,0.95,-4.62,0
101936,17.8,141.96,234.46,3,1,16,16.88,52.66,1.09,-3.79,0
101937,39.23,408.02,398.84,3,0,2,41.85,158.15,1.91,11.81,1
101938,43.2,227.19,139.78,2,1,24,31.3,32.78,2.83,-13.52,0
101939,57.05,289.83,142.12,2,1,0,14.13,125.8,1.58,18.49,0
101940,36.58,586.86,88.0,3,1,36,46.03,74.52,7.29,-4.36,0
101941,40.2,460.44,142.17,2,2,0,23.59,125.91,1.05,2.84,0
101942,29.34,305.01,306.0,2,1,0,23.44,162.84,2.38,13.18,0
101943,39.51,409.94,367.95,3,2,19,36.81,53.26,5.48,5.62,0
101944,29.99,264.17,305.25,3,1,21,33.06,45.41,4.51,8.73,0
101945,46.3,888.78,67.1,3,0,49,55.63,216.93,1.36,-11.32,0
101946,29.64,212.06,326.58,4,0,17,19.53,86.96,5.97,-4.8,0
101947,41.47,387.45,65.48,6,2,11,43.44,109.56,5.11,8.62,0
101948,34.54,117.05,294.98,1,0,15,27.62,155.44,2.72,8.97,0
101949,58.09,269.21,147.04,2,0,40,83.41,50.55,1.33,0.33,0
101950,34.2,131.33,264.9,2,0,55,35.06,154.62,0.96,8.51,0
101951,15.76,208.6,86.5,2,0,8,11.12,132.15,2.28,-14.53,0
101952,61.76,120.65,342.78,4,3,21,34.07,217.42,1.9,7.82,1
101953,23.28,133.29,80.42,3,2,10,2.17,215.16,6.76,11.67,0
101954,26.08,40.86,124.62,2,0,10,23.96,93.49,2.92,-2.1,0
101955,26.77,123.66,103.96,3,0,45,26.83,141.41,5.01,0.51,0
101956,64.96,355.77,68.59,2,2,0,60.83,92.44,3.15,-32.63,0
101957,13.39,187.29,189.61,3,1,0,2.16,98.2,1.97,18.65,0
101958,143.64,1226.06,486.05,4,2,17,62.56,45.72,4.22,3.1,0
101959,56.29,259.8,780.36,1,2,33,48.99,78.66,1.66,6.65,1
101960,38.7,461.6,189.88,1,0,15,46.3,30.66,7.44,2.92,0
101961,34.15,241.16,332.66,3,2,21,25.14,82.87,1.84,4.84,0
101962,39.8,283.88,204.51,2,2,25,40.71,198.71,8.08,3.76,0
101963,44.25,169.77,236.83,1,0,13,21.74,143.53,7.37,20.08,0
101964,46.79,199.66,149.12,2,0,22,37.52,96.27,5.24,35.12,0
101965,44.94,208.25,200.39,2,0,21,30.62,79.72,4.41,14.28,0
101966,36.44,261.07,241.91,4,0,0,38.15,65.08,5.05,16.69,0
101967,32.03,233.08,130.95,2,0,14,19.7,51.87,2.83,-8.75,0
101968,32.7,495.33,172.49,4,0,0,38.23,147.09,3.96,-5.3,0
101969,32.06,272.07,174.31,3,1,11,21.58,35.83,4.51,3.47,0
101970,58.3,105.39,283.58,1,1,3,28.13,35.34,2.85,6.04,0
101971,45.72,364.92,100.15,3,3,30,22.44,154.84,3.24,3.61,1
101972,9.32,31.6,174.97,2,2,16,5.54,101.95,4.51,-16.47,0
101973,47.02,203.05,515.2,3,0,20,39.62,92.45,2.3,-8.3,0
101974,38.21,178.18,341.45,2,1,8,22.83,101.91,5.06,-7.52,0
101975,34.71,174.37,378.04,2,0,30,18.91,300.62,2.86,4.93,0
101976,29.39,103.43,182.44,5,1,0,28.58,93.08,3.9,-6.81,0
101977,58.04,449.82,214.76,1,2,0,1.0,107.32,2.57,-5.05,0
101978,53.61,185.35,312.37,1,0,35,34.45,309.4,7.03,-5.97,0
101979,24.72,206.81,424.58,2,1,4,10.29,86.63,1.34,7.4,0
101980,42.04,900.47,61.53,3,1,0,22.4,253.56,0.88,16.02,0
101981,22.6,81.4,87.31,4,1,38,18.33,25.42,5.7,-13.98,0
101982,18.81,114.23,369.87,2,2,31,13.14,44.82,6.02,9.43,0
101983,26.4,52.33,154.57,1,1,24,17.85,60.28,4.77,-15.58,0
101984,51.6,310.71,124.4,3,1,13,54.04,127.77,3.0,7.77,0
101985,53.75,518.8,90.3,3,0,41,40.13,260.92,2.7,-20.99,1
101986,44.09,442.51,132.65,3,0,34,52.97,63.14,2.86,18.72,0
101987,48.5,352.92,83.23,2,1,39,45.01,161.86,5.42,-6.1,0
101988,44.15,482.11,568.53,1,0,24,22.44,344.52,4.89,1.23,0
101989,26.22,655.64,177.79,1,0,14,32.35,230.13,1.59,-0.29,0
101990,42.51,700.49,174.35,2,3,4,34.84,70.63,4.29,18.38,0
101991,50.18,270.48,248.74,2,1,0,61.11,151.55,1.28,-11.89,0
101992,49.15,166.52,305.59,2,1,21,33.59,110.33,1.98,-2.82,0
101993,59.76,341.45,302.84,2,3,22,48.89,60.59,0.86,0.34,0
101994,48.14,209.87,324.88,2,2,5,41.3,116.3,6.13,12.61,0
101995,41.0,359.63,127.23,2,1,23,29.02,67.73,1.6,-13.41,0
101996,56.65,219.69,152.8,3,1,6,60.5,96.97,1.05,-34.03,0
101997,34.58,233.44,274.77,1,0,27,42.65,39.36,1.89,-19.22,0
101998,23.54,250.49,134.68,4,1,0,4.16,31.25,8.59,8.86,0
101999,32.52,216.49,179.5,5,0,0,31.02,75.78,2.38,-0.86,0
102000,25.03,109.17,224.14,3,2,7,13.18,108.93,2.21,-3.05,0
102001,25.83,325.33,277.22,1,2,26,2.63,45.75,5.4,-14.69,0
102002,32.8,89.72,67.71,3,1,0,28.84,123.42,3.24,-0.96,0
102003,24.5,145.59,266.68,1,0,30,21.56,92.34,4.81,5.64,0
102004,30.47,208.9,158.29,2,0,0,28.03,132.95,1.85,-3.78,0
102005,14.93,105.33,265.62,3,0,7,12.58,158.73,2.12,17.45,0
102006,38.53,295.15,275.96,1,0,0,37.32,201.53,6.33,10.66,0
102007,35.02,332.63,435.86,2,0,0,20.98,129.25,6.67,-3.98,0
102008,24.23,166.64,378.93,3,1,18,19.77,75.39,6.07,8.36,0
102009,47.09,274.21,377.5,2,1,8,43.53,100.8,3.61,-0.97,0
102010,53.37,304.71,398.21,4,0,0,58.08,364.06,3.38,2.61,0
102011,16.98,87.54,211.29,2,1,2,12.92,162.57,2.61,-5.47,0
102012,24.83,257.7,183.21,3,1,19,17.3,93.95,3.53,0.69,0
102013,24.76,125.45,290.91,1,1,5,18.23,82.23,3.96,-24.31,0
102014,22.93,245.11,269.24,2,0,8,10.35,62.86,5.09,-13.97,0
102015,50.84,359.25,151.86,2,0,4,47.91,44.15,3.57,15.72,0
102016,32.08,173.02,224.89,2,0,1,12.37,250.81,1.49,-6.82,0
102017,31.07,296.32,176.56,2,0,1,26.34,119.93,2.7,-17.8,0
102018,14.21,69.12,112.54,2,1,0,10.95,42.03,0.69,22.86,0
102019,46.59,448.67,366.03,3,1,0,16.88,83.48,6.93,-6.46,1
102020,20.04,156.02,185.55,1,0,0,7.54,192.89,0.52,6.03,0
102021,35.96,186.81,555.43,3,0,5,19.29,68.83,6.36,-9.67,0
102022,39.65,361.55,73.62,1,0,0,26.33,55.21,3.64,11.86,0
102023,64.56,593.98,132.52,4,0,0,72.32,111.48,4.17,-1.93,0
102024,19.42,242.51,183.26,2,0,25,14.03,133.58,4.18,-27.13,0
102025,8.99,102.06,336.47,1,0,34,7.97,68.88,2.54,29.11,0
102026,38.02,340.23,224.23,3,0,11,40.55,62.81,1.1,-10.76,0
102027,78.69,313.47,213.52,3,2,13,80.13,118.65,4.19,-6.74,0
102028,61.12,1455.46,96.83,1,0,0,45.73,45.83,4.77,-20.15,0
102029,38.46,133.46,95.26,2,3,31,22.06,65.16,2.76,-28.96,0
102030,28.05,315.66,214.93,1,0,43,24.54,83.73,2.99,14.44,0
102031,50.33,437.08,85.0,2,2,9,29.12,140.22,2.27,1.12,0
102032,22.58,87.89,134.35,3,1,2,27.18,69.63,0.51,-31.03,0
102033,43.37,285.28,237.1,3,0,18,41.93,126.19,2.56,-7.66,0
102034,43.94,295.7,104.87,1,1,14,35.25,181.17,9.0,3.67,0
102035,56.4,758.35,435.24,3,3,2,49.53,66.42,7.69,7.05,0
102036,121.17,593.74,352.88,1,0,20,96.28,622.39,3.62,-15.28,0
102037,41.76,256.43,75.84,2,0,28,27.47,210.94,7.4,-9.69,0
102038,27.84,60.59,107.79,2,1,0,24.35,105.98,2.78,-12.15,0
102039,34.6,576.59,51.2,1,0,57,23.85,80.7,4.63,-7.63,1
102040,15.79,64.71,117.04,3,1,0,19.49,64.5,1.18,1.38,0
102041,25.6,211.05,274.37,3,0,0,14.77,243.85,4.29,10.19,0
102042,29.11,193.71,143.35,2,1,16,25.54,102.12,4.04,1.52,0
102043,27.65,184.27,231.92,1,2,52,15.33,37.96,1.0,1.99,0
102044,37.48,393.37,77.92,2,1,1,20.68,32.22,4.93,-4.89,0
102045,24.17,390.26,279.18,2,0,0,7.34,96.28,2.79,-19.58,0
102046,57.96,460.11,132.64,2,1,21,49.44,97.56,1.23,-4.18,0
102047,35.0,339.98,181.21,1,2,7,21.59,51.92,1.8,-8.38,0
102048,34.85,287.59,171.04,1,0,23,35.58,36.28,2.32,-12.31,0
102049,30.2,351.59,89.44,3,0,10,25.77,27.71,1.77,-1.75,0
102050,37.53,208.44,95.47,2,0,0,29.54,57.07,5.62,-25.44,0
102051,50.74,608.04,306.51,5,1,54,20.16,72.4,2.9,-8.97,0
102052,23.69,288.96,224.17,2,0,0,21.23,136.3,2.44,-12.33,0
102053,26.03,313.05,320.69,3,1,44,15.21,83.23,2.42,-14.6,0
102054,30.53,153.62,215.19,2,1,28,11.96,170.41,3.59,6.69,0
102055,19.1,122.91,194.73,2,1,0,16.38,129.39,3.77,-0.14,0
102056,24.21,191.01,69.66,2,0,45,10.54,122.46,6.58,5.04,0
102057,28.25,99.64,155.13,1,1,0,6.42,161.96,6.37,4.42,0
102058,51.87,806.09,177.31,2,1,30,55.73,39.17,2.42,-16.79,0
102059,39.39,274.04,526.98,1,0,0,24.02,65.24,2.76,14.4,0
102060,38.19,308.07,262.64,2,1,0,11.99,380.19,3.56,-9.15,0
102061,51.33,269.26,418.97,1,2,0,26.14,28.68,2.97,14.94,0
102062,32.9,118.63,250.04,3,0,0,18.75,75.27,3.75,-7.73,0
102063,41.72,215.93,121.72,1,1,12,43.23,119.76,1.74,-21.1,0
102064,33.41,260.97,191.98,2,1,0,11.17,29.18,3.12,-17.74,0
102065,39.44,386.6,204.97,2,0,0,16.38,57.29,4.16,12.23,0
102066,26.93,204.37,107.39,2,0,20,26.79,298.09,2.7,6.16,0
102067,11.68,97.24,145.7,4,0,12,7.45,99.69,4.04,-13.2,0
102068,32.95,194.87,160.74,2,0,19,26.59,63.76,3.46,1.28,0
102069,66.39,595.63,435.31,1,1,15,41.65,102.11,2.91,12.58,0
102070,53.1,780.14,57.31,3,1,29,66.65,63.69,4.98,22.44,0
102071,54.04,538.12,349.38,2,0,10,23.11,251.47,3.21,0.29,0
102072,61.04,640.52,107.52,4,0,30,50.09,49.66,4.43,2.83,0
102073,36.42,295.35,84.63,3,0,0,41.0,65.77,1.54,-4.44,0
102074,38.25,126.28,344.44,3,0,0,25.1,36.76,7.37,-1.81,0
102075,26.51,110.06,269.21,1,1,36,14.89,75.38,1.96,6.62,0
102076,30.36,266.79,358.86,1,1,36,28.59,81.05,3.91,-18.27,0
102077,46.18,321.46,279.6,4,1,22,46.22,184.42,1.28,7.75,0
102078,60.17,524.75,558.84,3,1,0,33.09,48.9,3.51,-7.81,0
102079,32.87,532.04,244.75,1,0,0,36.67,120.3,1.69,-13.07,0
102080,28.58,287.63,165.16,3,1,35,21.8,94.81,4.16,-13.02,1
102081,35.01,459.87,217.36,3,0,34,30.71,28.91,3.99,26.54,0
102082,45.87,336.68,356.69,2,0,10,51.47,58.24,5.35,17.46,0
102083,18.28,85.45,117.25,2,1,54,17.22,56.87,3.65,-14.95,0
102084,12.45,84.69,125.77,2,1,20,9.34,247.06,3.44,2.06,0
102085,27.32,127.89,151.87,4,1,0,15.9,124.87,1.56,1.45,0
102086,20.21,308.3,56.57,3,1,7,28.84,98.16,4.56,24.0,0
102087,27.85,289.39,194.2,1,0,12,15.39,6.84,5.53,-8.6,0
102088,32.75,297.38,63.79,3,2,13,27.17,28.64,2.28,-35.34,0
102089,28.54,370.65,185.33,1,0,34,25.05,139.28,2.16,-3.82,0
102090,67.29,171.54,289.71,1,1,0,59.84,143.89,5.46,-6.08,0
102091,40.54,380.83,138.47,2,3,0,51.98,57.65,2.08,4.85,0
102092,40.07,145.64,452.76,1,2,22,30.53,91.51,5.05,10.88,0
102093,46.31,322.99,80.61,3,1,2,33.63,87.7,3.6,15.17,0
102094,20.97,125.58,346.59,2,0,55,23.86,99.63,4.06,14.68,0
102095,55.87,544.42,260.94,5,2,28,40.0,72.0,2.86,7.74,0
102096,33.83,265.41,70.05,1,1,2,32.78,146.79,7.57,13.77,0
102097,47.33,649.07,799.43,2,1,33,37.79,174.77,5.38,-22.5,0
102098,21.61,111.94,173.8,5,0,25,21.18,50.6,1.52,-5.86,0
102099,17.39,173.58,111.09,2,0,23,16.2,43.96,4.06,-1.91,0
102100,50.57,383.91,83.02,4,1,9,32.83,55.82,1.83,4.83,0
102101,41.46,128.12,159.48,4,0,19,11.98,92.67,1.97,-11.43,0
102102,23.32,103.13,167.82,3,5,0,7.73,111.41,2.0,-12.06,0
102103,23.67,153.7,190.45,3,2,35,6.86,144.44,3.88,-7.32,0
102104,58.08,709.0,152.81,4,0,0,42.23,161.2,8.41,4.53,0
102105,20.49,180.89,254.99,3,0,4,3.32,111.86,4.97,-52.33,0
102106,73.3,286.21,145.44,4,0,0,52.04,103.29,2.0,-2.28,0
102107,23.34,152.3,62.1,1,3,2,18.28,242.05,0.52,-12.84,0
102108,46.65,895.55,165.8,3,0,10,44.97,90.27,7.27,-14.89,0
102109,30.19,223.41,48.95,4,1,0,26.45,128.23,5.53,2.98,0
102110,45.91,272.88,218.66,1,0,0,44.79,109.07,2.2,0.16,0
102111,27.4,245.25,105.04,2,2,15,23.38,81.12,3.06,1.07,0
102112,32.53,333.52,196.92,4,0,49,21.76,81.44,5.91,0.54,1
102113,35.65,198.66,370.81,2,1,5,25.79,198.94,6.78,19.0,0
102114,22.3,200.65,106.82,3,1,29,11.97,85.26,2.56,15.67,0
102115,48.85,290.09,322.68,5,1,39,39.42,72.84,0.95,-22.9,0
102116,27.78,278.66,141.82,3,0,0,9.83,57.83,5.14,-9.32,0
102117,31.58,240.62,472.11,3,1,3,32.1,115.97,5.47,-7.54,0
102118,22.37,199.29,147.25,1,1,0,11.43,66.19,0.68,-24.79,0
102119,11.05,52.91,113.37,1,2,0,8.71,109.82,3.51,38.87,0
102120,32.12,149.11,262.68,2,0,42,26.67,100.13,9.11,-0.45,0
102121,103.65,1164.08,141.64,1,1,16,107.87,69.64,4.65,-19.78,0
102122,49.82,335.17,113.31,4,0,26,16.43,38.96,2.56,14.01,0
102123,34.7,280.09,138.4,4,0,11,23.2,48.53,3.68,0.0,0
102124,31.1,186.75,175.64,2,0,0,27.6,53.34,2.87,-13.39,0
102125,35.36,387.89,376.59,2,1,24,42.0,49.27,0.85,8.46,0
102126,44.77,231.26,62.13,3,0,34,33.14,118.27,2.09,11.75,0
102127,20.57,134.57,182.3,4,3,17,12.37,322.89,3.99,8.38,0
102128,57.79,599.26,253.83,5,0,20,72.63,66.24,2.24,6.22,0
102129,48.29,607.69,200.21,2,0,0,45.91,71.47,1.44,-12.6,0
102130,48.35,260.49,369.96,2,0,24,52.87,63.37,4.18,-26.64,0
102131,42.63,795.06,172.79,3,0,36,19.08,150.57,8.33,-20.04,0
102132,35.31,289.08,162.63,4,4,19,31.08,116.24,2.35,-9.14,0
102133,47.38,196.88,249.32,1,2,0,22.7,89.11,3.14,-28.01,0
102134,45.68,384.56,190.11,2,0,41,19.36,43.46,1.79,25.04,1
102135,29.85,172.51,145.22,2,0,0,26.73,50.36,3.12,-16.93,0
102136,27.04,235.14,239.09,3,1,18,24.68,99.98,2.18,-4.84,0
102137,36.64,251.05,125.72,1,2,29,23.07,102.9,3.45,0.05,0
102138,70.27,510.53,128.61,2,0,31,77.86,89.13,2.38,14.53,0
102139,20.04,88.93,134.63,1,1,0,13.18,134.12,7.6,5.33,0
102140,18.08,207.66,378.85,3,1,14,12.34,43.22,7.48,0.95,0
102141,37.69,148.02,30.61,2,2,12,27.93,107.98,2.32,33.05,0
102142,35.81,143.99,223.75,2,2,37,24.68,104.44,3.62,22.13,0
102143,37.84,318.28,183.43,2,1,20,40.46,50.66,1.96,3.93,0
102144,39.06,609.39,71.41,2,1,38,19.12,62.61,5.14,2.35,0
102145,31.66,185.77,213.43,3,1,21,17.77,136.41,4.84,-3.98,0
102146,68.43,680.06,233.84,3,1,10,30.94,45.45,2.6,8.9,0
102147,17.03,203.88,248.95,6,1,15,20.79,394.68,3.22,-7.56,0
102148,24.11,253.6,41.87,2,2,39,16.12,125.62,3.14,-13.11,0
102149,33.41,200.17,381.64,1,1,0,18.64,86.96,2.04,18.9,0
102150,16.71,67.78,119.97,3,1,28,11.33,77.36,2.09,-13.47,0
102151,32.34,75.06,262.58,3,0,0,31.12,144.42,4.43,-2.54,0
102152,73.92,453.73,270.57,2,0,0,67.71,70.32,4.51,-7.82,0
102153,35.33,445.72,111.14,2,1,30,21.42,72.07,7.25,-3.01,0
102154,38.83,154.93,258.84,1,1,0,25.24,215.16,0.5,1.03,0
102155,19.85,197.21,145.61,1,2,18,7.67,67.82,1.68,-1.91,0
102156,26.52,115.45,57.61,3,0,3,20.81,97.66,8.21,-15.14,0
102157,29.56,218.21,342.14,1,2,0,31.65,57.04,4.48,-8.12,0
102158,30.34,302.53,117.53,4,2,20,18.34,105.13,1.38,7.81,0
102159,62.31,313.64,112.5,1,2,14,56.63,127.51,2.75,1.36,0
102160,44.98,342.91,144.21,2,2,0,27.19,247.04,3.65,3.93,0
102161,21.23,120.73,209.07,2,0,0,10.11,51.29,1.39,11.56,0
102162,39.11,389.46,174.42,4,0,0,35.98,37.75,5.11,6.09,0
102163,43.8,344.85,243.32,1,0,25,58.55,76.69,2.48,-10.99,0
102164,58.46,420.98,86.16,3,2,36,51.79,62.15,2.37,2.88,0
102165,71.28,1087.54,119.66,2,0,27,46.08,89.17,6.38,2.51,0
102166,22.17,216.07,168.87,3,1,29,14.69,123.1,2.57,-25.8,0
102167,24.3,120.45,511.22,3,1,2,29.82,350.31,5.36,-27.09,0
102168,19.87,133.28,169.08,3,0,21,16.43,68.64,3.61,4.67,0
102169,31.5,212.3,326.96,1,0,11,17.59,23.89,5.17,-10.44,0
102170,43.17,314.59,183.86,2,0,15,31.71,78.02,2.97,-8.92,0
102171,54.58,1349.94,137.96,1,1,29,43.87,111.07,3.69,2.1,0
102172,33.82,285.0,157.16,3,1,33,29.34,50.3,6.58,-1.77,0
102173,30.31,76.66,164.08,4,5,4,34.19,103.55,3.94,-2.85,0
102174,37.47,199.97,250.88,2,2,0,40.06,97.74,1.97,20.44,0
102175,24.04,64.02,383.37,2,0,8,19.22,105.19,2.55,-5.75,0
102176,89.63,532.0,219.37,1,1,8,66.29,144.69,5.02,1.91,0
102177,16.98,44.0,345.8,2,2,17,14.41,85.64,2.54,-10.83,1
102178,38.03,172.19,105.88,3,0,26,22.74,125.0,1.28,13.53,0
102179,87.01,284.72,143.3,1,1,0,86.57,30.58,3.62,3.05,0
102180,35.11,297.79,120.85,5,0,0,24.54,50.52,2.12,24.42,0
102181,32.13,224.98,213.98,1,1,0,28.04,73.32,3.43,0.15,0
102182,29.8,242.72,147.75,2,0,34,35.11,49.24,2.5,2.64,0
102183,32.27,214.39,268.9,3,0,8,28.66,90.36,4.03,-2.6,0
102184,64.92,226.31,107.87,8,0,2,52.43,73.23,8.2,21.59,0
102185,12.94,117.06,184.31,2,1,21,8.03,68.49,9.14,3.53,0
102186,69.78,1277.19,262.63,2,1,1,50.98,152.95,2.67,-3.23,0
102187,18.44,158.39,57.8,1,1,11,8.59,94.64,3.44,-15.41,0
102188,31.04,175.62,578.16,2,0,44,27.42,46.97,3.78,-35.09,1
102189,28.85,98.9,154.04,3,0,44,6.24,62.67,2.04,-0.63,0
102190,45.61,202.77,59.1,2,0,4,45.25,141.42,1.1,-6.55,0
102191,17.05,149.7,196.35,6,1,8,15.91,101.46,6.68,-49.37,0
102192,43.09,515.84,183.34,2,3,0,33.38,184.45,5.77,-8.15,0
102193,87.03,694.11,172.07,4,1,0,53.68,149.57,1.26,-17.61,0
102194,18.95,197.9,310.48,4,1,30,14.14,71.26,6.38,23.01,1
102195,38.12,380.11,271.52,6,2,55,11.68,212.96,3.6,-2.94,0
102196,25.98,234.31,212.04,1,1,4,24.84,223.74,3.75,16.56,0
102197,42.39,213.51,230.57,3,0,0,30.06,30.83,6.37,4.76,0
102198,35.3,269.57,169.96,3,1,7,39.85,91.73,2.81,13.26,0
102199,26.22,120.11,477.94,2,0,13,22.24,64.71,2.7,32.51,0
102200,43.59,307.82,79.79,1,1,0,35.22,76.98,6.45,10.26,0
102201,78.83,651.09,194.37,3,0,3,67.02,55.15,0.79,46.14,0
102202,32.12,520.48,186.55,2,1,30,16.26,51.16,1.52,7.37,0
102203,48.39,175.96,281.54,1,1,14,30.83,154.55,5.62,16.3,0
102204,19.56,174.17,113.16,1,0,34,15.32,44.66,6.05,-7.02,0
102205,22.76,334.11,68.99,1,1,18,15.35,95.19,1.93,-23.41,0
102206,43.29,442.86,196.21,1,1,0,26.23,40.06,5.59,-39.54,0
102207,68.25,724.57,210.11,3,0,1,46.37,192.76,5.47,11.26,0
102208,41.07,385.73,408.4,1,3,16,31.26,91.64,3.87,-9.29,0
102209,30.4,407.3,89.5,2,1,0,40.42,140.75,3.43,-7.1,0
102210,34.99,142.2,339.69,2,1,0,23.4,101.18,2.49,-7.32,0
102211,19.94,69.8,661.85,2,0,0,11.58,77.31,2.36,-12.0,0
102212,45.94,320.58,146.23,1,1,21,32.7,93.77,0.99,22.86,0
102213,52.06,123.68,88.49,3,2,5,58.59,222.34,2.32,-15.23,0
102214,28.56,369.87,143.9,4,0,33,32.65,52.53,3.82,5.33,0
102215,28.33,365.07,181.39,2,1,0,35.05,19.5,1.22,5.33,0
102216,39.45,222.34,245.44,3,0,0,30.19,56.13,4.71,-24.26,0
102217,28.76,167.23,130.02,3,1,9,26.18,43.57,2.81,6.65,0
102218,33.97,229.37,423.4,3,0,41,16.56,160.87,3.32,-19.25,0
102219,90.04,646.87,97.51,4,0,12,59.57,80.99,4.69,-3.35,0
102220,31.32,233.62,69.16,2,2,0,14.76,147.86,2.42,-7.75,0
102221,29.79,275.65,330.84,2,0,0,25.87,91.74,3.79,-1.2,0
102222,26.15,167.93,51.52,2,0,33,19.87,90.47,4.25,7.03,1
102223,48.92,548.8,160.88,3,0,0,39.46,99.3,4.38,-15.21,0
102224,32.26,282.22,999.93,2,0,39,17.37,218.73,4.35,-10.75,0
102225,26.13,135.04,178.81,3,0,23,25.16,100.66,1.63,-26.4,0
102226,63.43,865.58,97.18,1,1,0,9.4,175.09,2.0,-18.31,0
102227,66.3,235.32,174.41,1,0,33,45.55,168.5,4.67,9.4,0
102228,26.71,178.57,175.04,1,2,0,19.32,81.6,2.02,-7.56,0
102229,15.11,171.53,196.63,2,0,0,3.7,86.09,3.48,11.65,0
102230,55.08,268.57,259.1,4,2,0,46.6,71.75,3.98,-16.26,0
102231,25.72,210.18,101.64,5,1,25,18.18,194.36,1.32,-13.56,0
102232,49.96,458.84,455.37,1,1,32,44.47,51.17,1.73,14.56,0
102233,14.42,65.66,205.98,4,1,4,18.03,58.32,4.32,1.44,0
102234,52.3,353.08,268.46,2,1,0,43.47,76.25,4.92,-24.37,0
102235,20.29,131.36,127.42,1,0,0,20.16,45.19,4.34,-10.49,0
102236,48.63,258.33,365.21,2,0,0,53.26,63.12,0.99,10.92,0
102237,35.23,779.4,156.27,6,0,0,30.75,177.94,1.28,-4.53,0
102238,22.78,108.9,209.69,5,0,16,12.16,133.04,2.81,16.26,0
102239,29.14,337.16,107.74,1,1,46,9.91,69.92,1.21,-21.4,1
102240,47.66,274.16,104.03,1,2,26,40.21,145.69,2.03,16.2,0
102241,36.71,149.25,262.82,4,2,0,23.86,313.86,9.84,-19.73,0
102242,45.53,335.51,141.03,2,2,0,48.76,108.6,6.27,1.68,0
102243,85.18,824.85,112.55,2,0,3,53.77,211.04,1.87,12.21,0
102244,17.31,192.02,126.37,2,1,19,12.92,150.02,1.08,-0.05,0
102245,72.46,1107.81,264.38,3,2,40,33.35,75.43,3.96,6.58,0
102246,36.68,1119.73,127.36,1,0,3,24.36,101.31,2.31,13.37,0
102247,23.36,185.32,168.72,2,0,39,12.01,123.42,4.66,5.12,0
102248,19.23,96.65,181.49,3,0,49,10.33,57.56,3.08,-6.68,0
102249,32.14,282.19,62.7,2,1,5,23.68,18.81,10.5,-5.42,0
102250,52.99,324.7,80.14,1,0,5,31.7,54.56,3.68,-14.68,1
102251,33.05,367.54,216.57,3,0,5,46.51,24.65,4.06,-20.25,0
102252,69.09,252.82,120.01,2,1,13,66.25,57.34,7.57,17.75,0
102253,18.22,416.71,321.87,1,3,5,18.6,32.31,1.01,7.2,0
102254,34.81,373.85,306.34,3,0,27,25.14,152.61,5.83,19.7,0
102255,19.92,60.08,267.33,3,0,0,15.47,44.27,5.98,7.13,0
102256,41.22,202.43,489.72,3,1,2,26.49,124.75,3.56,-7.32,0
102257,52.17,549.16,171.96,4,0,17,73.35,142.56,3.41,-19.5,0
102258,28.96,365.07,257.2,1,0,27,20.93,137.1,2.46,-9.71,1
102259,10.84,40.17,130.52,2,1,51,6.5,29.34,1.18,8.12,0
102260,38.28,382.72,693.51,3,1,0,21.49,176.51,2.55,-12.7,0
102261,42.6,112.63,535.9,3,1,0,35.52,115.82,1.72,17.77,0
102262,41.98,281.05,181.18,1,1,0,46.4,145.82,1.99,-7.42,0
102263,61.04,745.0,222.65,2,0,0,62.36,269.81,3.69,-20.08,0
102264,21.61,114.84,380.15,3,2,0,12.12,144.95,2.25,-6.72,0
102265,47.53,156.63,166.01,2,1,2,26.37,44.27,4.39,1.46,0
102266,59.86,450.79,125.44,1,2,7,63.54,133.19,3.4,23.51,0
102267,15.72,81.33,291.1,3,1,20,20.05,36.51,3.02,-0.3,0
102268,40.41,387.56,187.94,4,2,6,28.85,86.66,1.72,-11.33,0
102269,27.9,125.43,199.06,4,0,20,29.34,66.54,3.06,19.26,1
102270,33.74,160.49,113.76,1,1,14,12.94,90.55,5.26,15.24,0
102271,40.93,104.29,69.98,3,1,0,22.06,36.38,1.32,-3.62,0
102272,28.11,214.21,204.96,4,1,0,13.99,38.99,1.72,-26.28,0
102273,25.82,166.79,296.1,4,0,22,22.03,68.73,3.53,-10.73,0
102274,35.54,137.34,158.98,2,2,41,25.07,78.75,0.93,8.9,0
102275,21.46,165.49,396.63,3,0,57,17.37,69.71,3.27,16.73,0
102276,21.47,251.18,122.22,1,2,28,22.65,214.88,1.33,0.14,0
102277,47.52,298.63,100.77,1,1,38,27.88,116.05,4.42,-3.27,0
102278,20.87,167.07,173.47,2,2,20,16.14,114.15,3.53,-9.69,0
102279,47.24,379.08,172.01,1,1,17,19.63,71.55,9.3,9.19,0
102280,43.1,165.22,274.91,4,3,13,44.86,39.04,2.82,-17.26,0
102281,16.1,315.12,117.53,1,2,10,16.49,89.78,4.21,-10.22,0
102282,25.8,142.73,382.0,2,0,22,21.69,266.18,2.21,18.58,1
102283,59.9,582.11,531.0,2,2,2,46.72,102.97,2.75,12.59,0
102284,22.51,231.44,176.17,3,0,9,14.02,175.52,0.96,20.28,0
102285,28.4,185.39,357.92,1,0,0,11.39,189.32,1.82,-11.78,0
102286,43.09,408.54,100.67,2,0,20,35.61,125.91,3.46,-20.77,0
102287,49.79,394.14,325.16,1,0,0,46.76,102.72,3.48,20.21,0
102288,31.25,107.69,320.2,4,2,12,39.22,49.76,4.11,9.06,0
102289,26.75,158.58,289.41,1,0,21,17.43,79.42,4.26,13.4,0
102290,66.38,342.08,178.47,2,2,22,54.27,72.48,1.39,9.28,0
102291,76.54,425.34,35.45,3,0,25,78.73,109.71,7.02,25.84,0
102292,54.37,198.29,126.47,1,2,8,56.34,38.53,1.32,8.63,0
102293,36.37,447.14,127.57,2,0,20,21.62,65.2,4.24,1.14,0
102294,24.33,379.38,105.1,2,1,3,16.55,114.69,5.94,2.87,0
102295,24.09,274.94,192.52,1,2,0,14.9,59.06,1.71,1.48,0
102296,44.28,585.02,142.95,3,0,21,23.23,51.96,1.75,21.68,0
102297,42.25,248.94,114.37,3,0,17,47.23,55.98,2.32,16.84,0
102298,65.76,334.91,100.55,1,0,30,50.35,76.43,5.48,21.83,0
102299,46.9,222.44,121.44,5,0,11,34.31,21.57,1.94,-32.03,0
102300,17.8,171.9,333.55,2,1,0,14.45,57.52,4.34,-5.46,0
102301,56.19,440.61,125.13,3,1,10,42.9,159.41,2.42,-15.37,0
102302,22.34,150.43,135.6,1,2,27,15.52,109.3,3.15,26.19,0
102303,29.45,393.88,140.02,2,1,20,16.48,115.8,5.06,-12.83,0
102304,39.17,335.73,216.89,2,0,9,44.71,30.06,3.0,7.36,0
102305,85.92,395.43,231.34,2,1,0,52.19,70.2,3.05,28.17,0
102306,141.86,706.46,33.73,4,1,0,73.39,83.96,0.99,3.34,0
102307,45.99,452.72,315.72,3,0,20,33.56,118.92,2.73,-7.11,0
102308,32.23,379.82,396.61,1,1,0,41.56,175.27,4.22,1.49,0
102309,44.52,410.6,101.02,2,0,6,24.24,159.6,3.45,-21.94,1
102310,52.18,943.08,105.45,4,0,12,48.4,63.34,6.78,-24.08,0
102311,30.3,480.32,140.52,2,1,32,20.86,64.22,0.5,6.69,0
102312,78.51,685.14,118.77,1,1,23,63.69,209.98,4.7,-38.24,0
102313,38.82,178.66,203.59,2,2,29,38.06,72.51,3.85,-2.67,0
102314,43.79,159.21,61.71,4,2,17,14.02,47.0,4.67,-3.72,0
102315,47.23,272.39,97.33,6,0,0,24.84,79.48,4.33,27.71,0
102316,42.31,431.63,419.69,5,2,0,41.34,202.23,1.29,6.22,0
102317,51.05,890.79,108.03,1,1,0,39.53,52.29,5.79,-5.97,0
102318,26.51,228.66,356.68,2,0,22,21.29,69.58,2.43,12.42,0
102319,27.22,341.85,218.85,2,0,0,25.26,53.61,4.58,1.03,0
102320,21.33,132.1,66.54,3,1,4,11.26,159.76,1.29,-18.12,0
102321,42.65,407.65,255.29,1,0,12,43.24,106.97,8.93,2.67,0
102322,49.69,525.03,168.72,2,1,41,47.45,156.86,3.32,0.57,0
102323,43.01,111.88,140.11,2,0,23,34.82,230.17,1.41,-0.47,0
102324,74.36,423.29,205.96,2,2,0,64.47,36.33,3.68,5.0,0
102325,34.91,392.91,233.69,4,2,14,36.35,57.07,5.12,14.26,0
102326,47.29,379.72,265.64,2,0,41,28.45,69.39,6.71,3.75,1
102327,21.41,82.41,344.12,2,0,23,19.6,93.8,3.95,-20.93,0
102328,29.4,61.07,225.3,2,1,0,34.88,121.92,3.97,-24.49,0
102329,47.86,279.04,84.47,4,2,0,43.56,67.02,4.37,-7.48,0
102330,51.29,346.39,138.72,2,0,0,35.61,59.42,2.27,-8.52,0
102331,30.66,137.97,908.35,1,0,37,40.77,159.78,2.8,3.57,0
102332,33.89,254.83,268.12,4,0,34,27.37,124.89,5.65,18.12,0
102333,17.68,159.4,662.53,5,1,0,19.44,108.78,3.38,21.68,0
102334,29.81,291.76,387.78,2,0,0,19.21,24.84,4.79,-11.5,0
102335,52.25,112.61,205.6,3,0,12,53.13,185.64,1.64,-28.38,0
102336,45.34,164.51,212.46,1,0,13,27.81,100.5,1.99,-0.98,0
102337,43.84,263.55,176.41,1,2,0,36.43,81.66,3.04,14.6,0
102338,35.79,333.53,69.21,2,0,7,21.42,55.05,7.44,-8.43,0
102339,35.11,313.89,181.8,2,0,0,43.02,61.56,5.23,-1.06,0
102340,26.0,230.45,350.31,4,0,34,18.06,52.73,2.55,-4.41,1
102341,47.93,277.0,129.43,2,3,0,22.67,27.15,4.45,21.85,0
102342,42.3,251.36,225.77,3,1,0,32.73,55.11,2.22,32.63,0
102343,43.67,212.41,287.53,2,0,19,38.62,34.48,3.89,8.05,0
102344,27.62,283.9,109.14,1,1,0,20.53,86.79,6.31,8.4,0
102345,13.28,58.67,140.43,3,0,2,7.26,45.12,4.36,-22.87,0
102346,57.34,614.0,102.83,3,3,13,57.88,139.46,1.63,-8.28,0
102347,28.22,219.14,114.52,3,0,24,30.04,33.16,3.49,11.29,0
102348,23.74,162.47,88.66,2,3,8,8.02,184.32,1.81,4.11,0
102349,47.82,241.04,109.7,3,1,44,25.38,148.68,3.9,5.69,0
102350,29.34,104.28,392.94,1,0,11,20.84,47.47,1.03,-27.61,0
102351,56.39,285.55,108.79,2,0,33,34.81,85.05,4.9,-33.9,0
102352,46.2,274.21,192.97,3,1,17,40.73,53.9,2.49,27.35,0
102353,47.61,101.94,136.51,4,2,50,57.6,127.35,5.25,-4.23,0
102354,18.93,120.05,344.24,6,2,31,12.39,265.0,2.15,-27.01,0
102355,60.38,671.03,370.22,3,1,12,69.09,182.81,1.17,-3.84,1
102356,39.37,365.93,289.51,3,0,23,15.07,59.57,5.58,-23.51,0
102357,29.64,161.9,213.01,2,0,7,25.61,96.41,4.02,-19.27,0
102358,37.33,267.54,158.52,4,1,7,22.45,224.34,3.45,-13.15,0
102359,15.74,83.42,93.45,2,1,0,13.68,123.27,5.13,-23.53,0
102360,42.07,317.2,524.21,2,3,0,13.07,164.99,4.46,-52.94,0
102361,22.02,332.98,118.53,1,1,49,9.44,133.03,4.17,9.39,0
102362,19.04,216.33,259.29,2,0,0,16.54,94.21,3.6,-10.77,0
102363,17.64,160.23,322.38,2,0,0,10.45,86.33,6.18,12.26,0
102364,57.75,315.93,132.63,2,0,10,38.64,43.52,3.16,-1.44,0
102365,26.37,268.56,318.58,3,1,10,31.88,56.84,0.81,-29.32,0
102366,69.79,210.19,274.04,5,1,18,54.74,52.39,4.06,-2.44,0
102367,27.5,169.69,465.6,5,0,3,26.82,72.89,0.5,19.22,1
102368,16.23,152.14,139.05,1,0,20,9.09,95.54,7.82,-3.49,0
102369,21.18,214.66,88.74,3,0,32,8.78,84.36,3.41,-12.86,0
102370,61.04,597.24,136.31,3,0,34,44.55,102.45,6.59,-23.63,1
102371,32.63,264.68,201.91,1,2,7,12.31,134.07,4.07,-10.67,0
102372,27.35,173.58,185.86,3,0,23,15.73,70.14,3.47,-19.44,0
102373,37.61,344.56,144.98,3,0,0,30.45,140.14,3.68,-9.16,0
102374,43.87,190.69,62.99,1,3,0,31.68,178.16,1.18,-34.77,1
102375,57.87,265.54,233.16,2,0,0,48.24,115.46,3.86,-20.25,0
102376,67.17,484.9,532.59,3,0,11,60.46,64.92,1.82,6.95,0
102377,29.77,227.23,232.36,3,1,0,13.43,158.83,2.14,0.18,0
102378,19.27,54.15,251.64,1,1,0,9.92,120.23,3.23,-7.0,0
102379,29.06,255.38,246.61,2,1,5,5.97,130.46,5.95,-21.03,0
102380,39.35,405.35,223.93,2,1,0,25.87,226.09,2.9,22.65,0
102381,22.68,152.77,300.48,4,1,35,21.19,137.75,1.48,30.63,0
102382,22.75,522.06,223.72,2,0,1,25.55,231.45,3.53,-20.6,0
102383,40.86,203.26,151.56,3,0,29,32.59,82.33,3.27,10.93,0
102384,34.24,200.1,116.18,2,1,3,37.44,69.47,4.53,-19.78,0
102385,35.52,204.07,156.96,2,1,0,30.05,179.32,6.8,6.01,0
102386,24.88,167.64,213.95,1,0,33,19.33,49.82,2.66,-38.2,0
102387,31.55,187.39,151.28,3,1,13,18.84,279.46,1.93,-11.25,0
102388,23.09,79.99,213.97,1,3,45,3.55,196.56,4.75,0.86,0
102389,52.24,278.26,229.18,1,1,3,55.16,94.86,2.13,3.83,0
102390,55.77,371.78,284.63,5,1,3,41.08,185.04,3.78,-17.29,0
102391,15.25,197.31,364.49,2,2,30,16.73,133.92,3.76,6.86,0
102392,23.04,484.98,187.89,2,1,30,11.81,41.5,2.27,-3.28,0
102393,17.85,243.61,87.68,2,0,14,24.22,55.15,5.88,-24.02,0
102394,26.12,124.1,148.88,1,0,72,17.97,106.83,4.48,-18.96,1
102395,33.71,166.64,184.42,3,0,6,19.45,99.04,3.58,22.66,0
102396,18.23,117.83,65.58,1,0,0,12.69,197.29,1.83,0.75,0
102397,23.12,394.93,386.34,4,2,0,18.32,107.88,0.8,-8.56,0
102398,22.28,143.56,194.66,2,1,7,16.32,42.04,7.93,-24.79,0
102399,38.42,138.49,222.01,2,0,39,23.87,64.88,1.82,-10.6,0
102400,36.11,196.74,381.46,1,2,8,10.8,140.56,1.81,0.93,0
102401,25.29,258.53,127.28,1,1,40,13.88,30.15,2.48,3.8,0
102402,37.9,374.58,246.83,3,2,19,38.6,38.59,2.41,-0.12,0
102403,27.37,173.32,169.45,5,0,31,14.51,71.97,3.38,-12.24,0
102404,30.97,305.12,162.67,1,1,18,9.93,156.94,1.74,-30.57,0
102405,74.32,166.96,117.71,2,0,18,36.13,79.02,0.7,-3.43,0
102406,63.98,471.72,449.91,2,1,25,46.57,118.67,8.39,-2.57,0
102407,19.5,209.93,146.41,3,4,1,10.93,90.26,2.2,-15.16,0
102408,50.84,234.68,264.45,3,1,1,34.57,82.71,3.54,-5.2,0
102409,50.42,232.34,64.18,2,0,18,27.75,60.8,9.7,-0.51,0
102410,20.88,57.47,344.45,4,1,46,20.93,148.96,1.04,2.91,0
102411,50.59,784.19,321.07,1,1,0,44.15,42.4,6.62,10.26,0
102412,69.92,341.47,189.91,1,1,0,91.22,78.23,3.04,-38.78,0
102413,21.12,166.77,158.88,1,0,7,13.82,179.02,2.5,4.9,0
102414,23.16,219.28,224.29,3,1,30,15.72,56.9,5.55,-26.35,0
102415,55.33,824.88,633.84,2,2,12,57.87,35.38,5.45,-17.8,0
102416,39.55,256.33,68.25,2,0,0,33.53,25.27,6.28,14.25,0
102417,44.86,239.78,276.74,2,0,13,23.09,134.23,2.65,-20.6,0
102418,40.8,311.39,109.02,2,0,0,36.27,139.77,5.86,11.18,0
102419,41.73,555.08,178.04,2,1,23,35.43,73.21,6.51,-10.93,0
102420,19.27,123.87,157.06,4,0,6,5.81,41.98,1.91,20.55,0
102421,56.07,243.5,142.22,2,1,10,32.92,82.45,3.84,-22.57,0
102422,59.24,191.94,178.97,4,1,19,47.25,182.48,5.51,-3.35,1
102423,31.57,119.99,96.46,2,0,15,35.09,42.02,1.86,-44.33,0
102424,34.32,370.14,317.03,2,2,2,31.73,169.82,4.96,-0.62,1
102425,17.57,104.79,67.1,2,2,30,10.7,32.55,2.93,-26.92,0
102426,44.11,227.9,242.22,1,0,26,25.27,45.5,3.82,-5.83,0
102427,45.28,221.56,150.41,2,0,0,42.99,96.1,4.06,-15.19,0
102428,34.03,248.59,94.53,2,0,7,4.88,158.92,2.5,25.05,1
102429,58.05,360.5,201.19,1,0,0,31.82,217.63,3.56,-8.86,0
102430,30.11,183.89,76.45,3,1,0,33.2,163.18,1.68,23.05,0
102431,45.12,620.17,183.97,2,1,21,37.19,228.42,3.83,-17.11,0
102432,22.12,334.09,82.3,3,0,4,12.39,100.39,5.93,-52.04,0
102433,34.63,108.38,231.98,3,1,9,15.57,61.98,3.82,9.39,0
102434,32.36,266.83,108.26,4,3,0,31.06,183.14,1.84,-20.35,0
102435,38.73,183.87,140.46,2,2,18,29.8,203.96,2.61,14.71,0
102436,29.64,183.25,211.59,1,2,24,20.61,157.32,4.08,-4.15,0
102437,32.99,269.54,117.69,2,0,51,27.83,129.98,7.88,6.99,0
102438,50.76,319.46,174.35,4,1,8,40.16,207.47,1.55,11.38,0
102439,28.75,225.87,78.28,1,0,0,22.2,110.5,4.46,31.27,0
102440,16.99,166.46,254.66,4,1,2,7.12,88.9,3.45,13.96,0
102441,76.91,623.82,475.16,1,1,27,37.95,139.09,2.96,0.87,1
102442,65.17,330.13,836.04,1,0,0,61.07,119.86,3.07,11.01,0
102443,19.57,100.0,189.26,2,1,0,17.41,153.08,1.19,9.39,0
102444,47.74,162.68,277.68,4,0,0,40.36,83.15,3.3,5.53,0
102445,27.91,127.48,67.6,1,0,2,16.84,155.3,6.21,28.39,0
102446,39.41,735.73,411.36,4,0,0,37.09,150.56,2.53,-5.4,0
102447,39.95,188.23,275.86,2,2,15,26.26,102.29,8.83,0.29,0
102448,31.5,121.4,137.94,1,1,10,33.87,57.38,0.76,-10.69,0
102449,24.6,202.05,355.46,3,1,26,13.86,189.46,1.84,39.48,0
102450,25.65,169.92,156.49,2,1,3,15.87,43.55,7.95,-6.68,0
102451,23.17,147.11,139.92,2,1,22,16.5,50.66,2.84,3.31,0
102452,24.07,340.86,233.78,2,0,3,23.15,99.55,7.65,-16.36,0
102453,33.96,312.81,100.29,5,0,0,25.17,19.99,3.73,-8.22,0
102454,25.36,136.21,315.72,1,1,2,19.26,227.14,4.75,13.26,0
102455,47.57,269.33,100.7,5,0,0,31.02,90.8,3.07,-3.93,0
102456,68.35,372.12,101.03,2,2,44,55.84,226.67,4.31,15.71,0
102457,26.96,292.25,109.14,1,0,14,19.74,265.66,4.99,10.35,0
102458,38.98,233.91,273.33,1,0,0,21.59,82.02,6.45,-3.57,0
102459,43.83,125.15,128.22,1,1,5,34.26,202.16,4.78,-15.31,0
102460,43.28,295.75,85.76,2,0,0,34.09,47.64,4.19,2.48,0
102461,36.22,117.56,129.0,3,1,37,48.44,116.72,7.65,2.5,0
102462,48.89,1020.02,176.86,2,0,36,29.2,67.75,1.59,-1.76,0
102463,43.48,187.81,94.01,2,1,13,23.49,136.69,0.82,2.53,0
102464,20.05,129.46,95.54,3,2,17,16.44,152.83,1.81,-12.53,0
102465,51.75,412.19,574.88,1,1,0,25.97,81.77,6.95,7.94,0
102466,52.18,316.15,112.13,1,1,0,25.14,124.8,2.18,4.38,0
102467,24.83,150.32,150.7,3,0,0,9.7,158.64,0.52,-13.46,0
102468,35.6,307.74,147.08,2,0,9,19.81,100.74,2.24,-9.11,0
102469,47.6,714.7,142.77,4,1,31,26.78,412.91,4.45,-2.82,0
102470,31.85,327.28,253.33,1,0,5,13.67,82.89,3.89,-8.98,0
102471,56.72,831.6,303.21,1,1,18,38.99,243.06,1.07,-13.64,1
102472,101.4,420.6,152.12,2,0,29,16.07,178.94,3.33,13.59,0
102473,24.57,201.59,91.19,4,2,0,21.45,29.48,4.77,11.39,0
102474,18.8,142.23,362.82,2,0,45,11.48,220.43,2.59,7.11,0
102475,40.13,334.8,170.8,6,0,32,25.98,171.43,1.48,-19.6,0
102476,48.43,674.57,466.21,4,0,21,43.43,96.38,1.87,25.78,0
102477,31.55,197.74,52.35,3,1,28,26.59,112.3,2.17,2.77,0
102478,67.31,384.7,200.42,1,1,29,39.88,120.96,1.5,-3.87,0
102479,19.16,175.19,517.08,2,1,17,16.54,205.41,4.41,10.47,0
102480,47.81,137.55,148.21,4,1,37,54.37,70.24,4.76,-3.75,0
102481,26.65,165.7,159.0,1,1,3,13.24,233.09,5.12,-45.21,0
102482,75.87,496.65,211.77,3,0,20,71.2,46.96,4.69,1.96,0
102483,85.8,379.07,132.37,3,1,35,40.47,31.3,5.67,14.38,0
102484,24.79,294.36,151.61,3,1,0,25.87,128.5,3.12,3.74,0
102485,27.33,112.49,149.48,3,1,19,15.63,191.56,1.63,-29.92,0
102486,51.53,337.02,127.47,2,0,25,28.98,80.81,3.69,10.78,0
102487,29.4,238.32,353.83,2,0,0,30.5,23.13,2.2,2.09,0
102488,34.29,472.27,231.96,2,1,17,31.91,36.79,4.66,3.12,0
102489,35.4,246.51,206.6,2,1,0,20.54,116.93,2.49,-24.86,0
102490,14.75,164.92,280.81,7,0,19,11.54,89.46,5.59,-10.31,0
102491,34.78,345.62,155.64,2,0,10,19.91,194.49,1.35,-18.52,0
102492,25.66,191.06,117.58,4,1,0,9.03,94.03,3.56,11.55,0
102493,28.03,113.82,129.22,1,0,31,22.35,57.71,4.21,5.08,0
102494,67.02,228.97,180.18,1,0,4,44.29,108.34,1.85,-11.47,0
102495,19.88,146.8,100.52,3,0,16,10.21,165.53,4.65,-13.25,0
102496,50.47,269.31,136.7,2,0,35,54.31,202.46,2.91,-6.72,0
102497,30.87,342.19,135.52,4,0,0,16.11,84.2,1.08,2.34,1
102498,30.86,313.66,579.09,1,1,12,24.26,93.72,3.37,11.33,0
102499,49.95,318.82,39.15,1,0,3,50.95,143.65,1.53,-15.68,0
102500,40.79,160.04,163.07,2,1,7,27.98,57.43,5.57,3.4,0
102501,45.25,408.87,465.02,1,1,50,25.63,140.03,2.23,-7.5,0
102502,54.11,227.69,192.48,3,0,20,44.61,78.3,2.76,-46.17,0
102503,30.15,144.45,272.42,5,0,17,26.05,86.01,2.14,-9.99,0
102504,26.57,113.98,190.16,4,1,21,25.75,90.14,2.16,4.03,0
102505,21.48,140.29,124.7,2,0,19,26.16,97.28,2.47,-14.24,0
102506,24.14,303.36,52.45,4,1,0,15.35,283.75,2.01,3.24,0
102507,131.95,921.34,201.53,2,0,53,105.43,67.93,0.68,8.47,0
102508,61.28,343.7,117.49,2,2,0,26.52,70.06,6.64,15.31,0
102509,19.06,62.21,115.91,1,0,43,17.47,214.4,3.0,-17.94,0
102510,19.3,178.08,136.8,3,2,23,15.36,117.52,8.79,15.63,0
102511,43.48,206.0,469.95,5,1,15,30.66,142.64,1.6,-1.5,0
102512,44.77,332.38,675.61,3,3,6,26.66,48.5,4.04,-25.57,0
102513,44.81,262.74,202.84,2,0,58,29.7,104.34,3.14,-5.62,0
102514,31.21,332.16,139.4,3,0,22,25.25,146.35,2.94,-6.44,0
102515,33.08,214.04,94.21,4,1,12,16.82,60.05,4.41,-10.09,0
102516,40.56,275.71,232.91,1,1,2,27.31,131.22,0.88,-20.57,0
102517,36.38,324.66,479.89,3,0,0,27.44,79.61,4.44,1.58,0
102518,12.89,258.8,157.11,3,1,12,4.71,61.1,2.21,-2.92,1
102519,31.56,344.49,48.64,2,1,0,15.38,165.29,3.96,-10.26,0
102520,23.86,159.78,260.21,2,0,24,13.96,178.14,1.53,-16.33,0
102521,37.87,265.52,309.49,2,3,0,43.25,97.23,1.33,-29.47,0
102522,134.12,722.12,75.24,2,1,30,72.73,117.95,3.81,21.21,0
102523,41.29,179.76,198.35,3,0,29,30.39,199.25,7.06,-6.0,0
102524,30.39,161.39,230.7,1,0,11,14.89,70.99,6.42,9.91,0
102525,52.99,252.14,172.91,2,0,22,29.46,110.94,4.17,14.74,0
102526,43.49,422.06,116.52,1,0,23,16.95,71.38,6.11,13.58,1
102527,42.28,173.24,314.73,1,0,0,38.8,48.85,3.97,8.06,0
102528,45.99,627.0,144.19,3,0,43,19.25,71.02,6.03,1.37,0
102529,88.3,900.3,79.53,4,1,7,86.25,45.83,2.85,-27.51,0
102530,21.04,148.8,58.31,4,1,24,18.24,116.18,6.33,21.65,0
102531,43.31,303.25,360.12,4,1,25,31.67,56.63,2.43,-19.12,0
102532,23.07,122.21,252.68,2,2,0,22.72,38.92,0.78,20.39,0
102533,44.94,360.06,188.92,3,0,0,68.57,140.53,7.06,-6.42,0
102534,23.15,279.19,141.29,3,0,27,20.13,135.15,2.42,12.81,1
102535,29.01,142.86,134.56,4,0,13,13.63,73.82,5.55,10.79,0
102536,30.65,99.66,99.61,2,0,24,34.39,137.24,2.43,3.42,0
102537,54.3,540.22,141.98,1,1,13,43.25,55.49,1.37,3.33,0
102538,52.91,435.61,56.09,2,0,34,67.61,71.98,4.63,-4.68,0
102539,19.98,79.88,120.08,1,0,14,12.46,114.92,2.92,-1.31,1
102540,35.88,174.04,151.71,1,0,37,38.4,167.35,2.01,-1.42,0
102541,25.43,115.86,251.74,3,0,0,19.07,71.55,2.72,0.45,0
102542,19.87,96.8,176.09,2,2,9,28.09,62.95,0.59,-3.99,0
102543,31.74,189.0,278.71,4,0,1,21.57,162.28,0.5,-21.97,0
102544,30.46,186.64,378.03,3,1,18,45.71,129.99,3.95,-8.27,0
102545,104.31,527.36,322.13,2,2,6,89.7,98.4,1.11,4.4,0
102546,42.53,203.77,233.16,2,0,7,40.9,182.82,6.59,-4.0,0
102547,18.83,117.56,181.18,2,0,0,22.13,289.46,0.69,-1.85,0
102548,27.15,206.64,104.95,1,1,3,15.01,112.1,5.4,-11.1,0
102549,55.42,331.2,270.41,2,0,11,54.99,63.17,1.71,6.6,0
102550,89.58,1119.22,453.42,2,2,0,60.63,121.29,4.68,7.37,0
102551,17.14,154.72,217.26,4,0,0,13.51,55.03,2.01,-36.94,0
102552,15.02,47.46,516.69,2,1,13,11.58,189.64,2.24,-25.39,1
102553,81.23,738.82,77.78,3,0,0,72.55,59.08,2.65,-4.72,0
102554,41.71,395.19,95.41,2,1,8,36.81,80.15,11.29,5.53,0
102555,23.68,133.37,288.1,1,0,5,14.35,54.45,2.5,2.49,0
102556,44.52,147.56,208.16,1,0,21,34.78,100.4,4.05,-4.08,0
102557,10.69,75.13,370.75,3,1,0,1.78,102.54,2.04,10.49,0
102558,35.05,244.43,178.47,2,2,40,34.97,140.53,2.5,7.09,0
102559,40.56,162.06,111.67,1,1,27,47.6,96.7,2.09,-4.98,0
102560,53.05,179.75,160.05,3,0,0,42.32,92.53,1.14,-4.1,0
102561,22.18,148.6,77.48,2,1,6,7.73,63.78,3.66,-21.63,0
102562,36.38,226.62,96.76,1,0,39,34.04,75.79,3.18,-0.49,0
102563,23.08,131.13,307.29,2,0,0,12.9,39.02,2.21,6.43,0
102564,39.26,263.61,290.9,3,1,11,31.24,207.69,3.1,-12.82,0
102565,23.39,94.35,219.78,1,1,37,21.55,85.05,2.11,-1.42,0
102566,29.13,164.06,69.85,2,1,2,25.83,240.86,2.67,3.05,0
102567,22.36,204.34,147.8,3,1,32,22.81,83.7,7.26,11.07,0
102568,46.92,275.69,91.76,3,0,0,36.9,28.75,1.97,-6.62,0
102569,51.5,156.27,343.8,4,1,0,40.86,68.69,3.12,-14.92,0
102570,31.49,174.05,130.57,1,0,34,29.42,89.86,5.98,-7.05,0
102571,35.61,145.97,99.07,2,1,19,26.07,93.6,3.12,2.38,0
102572,18.24,145.91,182.97,2,1,21,10.54,135.09,1.42,1.54,0
102573,30.58,251.09,126.58,1,0,0,26.39,99.9,4.94,-25.07,0
102574,34.22,104.51,407.08,2,2,0,16.01,73.52,0.88,-7.07,0
102575,113.83,1164.59,120.16,3,1,32,83.07,51.98,8.3,-17.35,0
102576,21.22,85.18,83.38,1,1,16,8.61,70.53,5.55,-1.51,1
102577,67.64,1032.49,55.08,1,0,9,41.35,129.35,2.52,3.37,0
102578,54.81,374.45,176.98,2,0,15,34.08,150.63,3.01,13.3,0
102579,39.71,149.06,132.14,2,0,39,20.01,60.07,3.11,16.88,0
102580,77.23,305.41,82.03,3,0,25,79.17,164.68,3.43,5.45,0
102581,41.38,344.73,346.21,5,0,3,41.57,126.63,4.16,-8.2,0
102582,41.7,240.02,259.81,4,1,0,44.97,52.86,3.89,-9.67,0
102583,34.17,227.93,177.23,2,0,22,24.03,104.36,1.1,4.95,0
102584,60.7,951.7,381.2,1,2,0,38.95,112.36,3.58,9.48,0
102585,57.33,282.89,259.14,1,1,0,54.51,47.52,4.05,-20.23,0
102586,26.41,190.51,114.48,2,1,35,20.66,39.83,6.82,33.78,0
102587,19.33,275.21,101.63,5,0,27,15.09,119.59,3.02,4.41,0
102588,31.94,256.0,282.27,1,0,18,3.64,68.53,2.74,10.59,0
102589,24.42,76.55,223.85,2,1,0,22.93,222.98,2.8,4.95,0
102590,34.01,306.55,197.61,1,0,44,30.82,252.76,2.79,-17.71,0
102591,61.08,239.03,113.0,3,0,30,45.73,119.46,2.91,-8.62,0
102592,28.49,402.98,251.47,5,2,6,27.18,159.31,1.77,-13.63,0
102593,34.33,159.26,118.8,5,1,2,30.91,48.69,3.08,-27.33,0
102594,35.93,1110.01,170.18,2,0,13,20.69,40.47,2.65,-20.36,0
102595,51.27,747.5,398.93,5,1,3,35.64,82.68,2.12,24.39,0
102596,12.73,59.85,125.15,1,0,51,6.34,41.59,3.1,-5.24,1
102597,26.64,188.34,75.78,3,0,5,29.72,108.24,4.45,11.04,0
102598,38.49,392.74,100.89,2,0,0,38.27,56.24,2.46,-10.48,0
102599,60.06,622.11,311.01,3,0,40,32.83,100.9,4.05,-12.74,0
102600,28.05,244.95,207.07,2,1,1,25.38,81.12,3.12,20.35,0
102601,15.04,196.94,167.68,2,0,26,12.33,131.92,1.61,-4.76,0
102602,46.26,304.49,136.04,3,0,24,26.76,109.47,1.87,-5.36,0
102603,26.3,153.24,235.08,4,2,10,20.54,70.63,6.07,1.95,0
102604,20.49,120.6,112.84,3,0,0,19.77,39.6,2.19,7.49,0
102605,26.43,284.15,212.95,3,1,11,26.03,99.22,6.89,-10.02,0
102606,32.21,270.65,120.39,1,2,0,42.94,31.64,4.56,-34.78,0
102607,26.66,215.89,109.86,4,1,11,20.62,190.09,3.9,15.35,0
102608,12.97,135.15,126.77,3,0,25,8.96,123.61,4.97,4.45,0
102609,52.41,131.55,146.42,2,0,42,46.67,149.23,1.85,-15.24,0
102610,62.12,507.75,175.23,3,1,0,43.75,50.31,4.29,-4.43,0
102611,46.92,366.4,204.89,5,0,7,28.33,111.44,8.36,17.86,0
102612,20.98,338.22,23.67,2,0,2,10.88,60.33,2.12,21.68,0
102613,31.97,104.2,115.44,1,1,16,1.0,98.42,5.52,-6.98,0
102614,34.9,532.15,145.12,1,0,0,32.58,49.44,2.72,20.45,0
102615,45.82,333.09,411.88,2,1,0,15.6,85.61,3.01,-1.99,0
102616,47.28,422.63,99.38,2,1,0,25.06,39.36,3.1,-13.02,0
102617,25.15,407.01,196.86,2,1,0,20.7,81.76,1.02,-9.92,0
102618,36.32,336.48,409.62,2,0,0,24.32,33.55,0.99,24.64,0
102619,43.0,367.68,87.43,1,2,42,55.35,256.74,4.54,6.69,1
102620,67.39,532.47,223.55,2,2,18,25.11,99.09,2.03,-16.23,0
102621,48.06,264.16,115.78,3,1,13,62.94,90.31,2.84,13.46,0
102622,49.92,344.5,136.37,2,1,36,54.67,135.02,5.89,14.05,0
102623,36.35,177.9,115.73,2,0,18,35.52,41.27,2.14,-8.23,0
102624,66.03,452.0,120.35,3,1,20,73.28,56.34,1.51,5.01,0
102625,42.09,91.62,804.33,4,2,3,35.82,123.77,5.25,19.27,0
102626,23.76,206.08,286.41,2,1,0,7.7,99.15,5.92,-19.41,0
102627,65.82,433.51,329.94,1,1,0,57.83,58.44,3.12,-29.17,0
102628,47.91,283.5,235.93,3,0,1,18.2,132.77,2.18,-12.11,0
102629,28.67,224.03,74.4,3,0,6,17.72,107.93,4.92,-28.38,0
102630,28.21,96.42,223.67,2,0,18,20.6,121.89,3.34,-20.68,0
102631,40.0,734.62,324.75,3,0,11,20.89,113.71,1.63,15.14,0
102632,43.11,286.66,112.57,4,1,5,42.53,59.8,2.73,-14.69,0
102633,38.25,248.92,306.09,3,2,0,26.64,86.0,1.38,-3.02,0
102634,40.26,173.93,265.16,3,0,19,34.32,29.53,2.91,8.88,0
102635,75.21,532.84,498.49,3,3,3,56.23,66.24,4.88,15.78,0
102636,56.69,793.88,143.05,1,0,18,44.3,77.68,5.17,3.23,0
102637,38.14,448.09,98.42,1,1,0,20.15,131.09,1.93,-34.09,0
102638,53.46,573.68,147.53,1,1,18,24.4,122.38,1.23,-2.78,0
102639,21.99,202.31,396.44,2,1,25,15.65,57.31,4.1,9.52,0
102640,41.86,244.95,65.85,3,1,23,21.29,56.56,2.08,0.51,0
102641,79.01,267.83,57.71,3,1,8,86.78,197.16,3.84,6.22,0
102642,31.73,200.86,189.07,1,0,28,12.88,75.45,1.43,-12.09,0
102643,23.9,148.69,141.11,3,0,0,31.89,96.39,3.18,-0.58,0
102644,26.1,308.65,180.77,3,2,10,21.55,144.17,2.86,7.91,0
102645,21.43,175.15,302.74,4,0,8,16.45,85.81,3.76,19.38,0
102646,24.59,385.4,132.83,3,1,30,15.12,82.17,1.99,-11.57,0
102647,29.63,377.39,64.25,2,0,0,27.08,74.49,1.59,-11.9,0
102648,18.59,103.6,554.14,1,1,0,13.0,66.31,1.05,21.74,0
102649,35.25,100.56,104.01,1,3,43,29.08,98.06,1.44,-7.06,0
102650,52.53,735.15,100.53,3,0,0,50.45,30.15,3.84,1.34,0
102651,23.26,321.33,330.3,3,1,26,21.34,72.47,2.15,1.94,0
102652,69.34,245.14,145.69,1,0,0,73.5,124.46,2.04,-2.07,0
102653,44.04,655.72,173.83,3,2,16,38.96,116.05,5.1,27.14,0
102654,55.65,471.57,234.74,3,0,37,28.5,209.86,3.13,-5.44,0
102655,26.03,197.47,326.66,1,1,17,5.99,148.75,0.85,9.86,0
102656,51.41,806.89,149.84,3,1,37,41.27,114.98,6.5,-8.26,0
102657,21.41,293.6,415.27,1,0,3,17.27,91.56,1.24,25.98,0
102658,52.25,506.51,55.6,2,2,5,64.34,68.44,8.76,-14.32,0
102659,37.81,335.36,273.37,2,1,26,27.27,121.73,4.53,7.28,0
102660,44.89,427.7,113.43,2,1,4,37.87,109.28,1.6,-37.14,1
102661,20.62,118.18,382.87,1,1,22,19.47,71.9,3.49,-6.4,0
102662,23.4,159.32,194.63,4,0,33,20.55,53.49,8.74,6.35,0
102663,45.79,204.15,124.32,3,0,27,44.01,87.18,3.04,-23.79,0
102664,22.84,135.37,259.18,4,1,0,12.46,180.08,1.27,-7.6,0
102665,43.11,251.23,294.19,1,1,5,21.81,96.15,3.73,46.03,0
102666,18.92,96.39,256.21,2,0,17,12.86,91.55,2.16,-18.03,0
102667,51.27,384.26,102.17,3,0,7,10.59,116.01,3.32,2.09,1
102668,20.1,119.66,137.93,1,0,13,14.88,120.13,1.35,-23.99,0
102669,44.88,403.8,179.6,3,1,17,26.26,104.5,1.71,-18.24,0
102670,46.38,144.26,175.96,3,1,2,38.52,87.76,2.93,4.42,0
102671,25.58,169.19,271.87,4,1,8,17.49,66.35,2.91,-5.35,0
102672,45.48,340.0,59.43,2,1,0,22.56,164.47,5.48,-14.2,0
102673,39.35,235.84,216.34,2,1,3,42.41,69.66,8.3,-9.0,0
102674,27.46,176.37,153.46,2,0,0,21.16,231.18,1.26,14.63,0
102675,22.23,70.44,113.5,3,0,14,21.47,98.73,2.27,-5.45,0
102676,14.47,121.06,119.65,2,1,8,11.52,92.89,2.23,6.65,0
102677,40.96,396.39,159.97,2,1,0,35.47,142.0,2.83,-28.2,1
102678,17.31,155.07,24.84,1,2,44,7.09,60.82,0.56,-10.17,1
102679,36.53,429.89,122.39,2,0,7,39.07,126.99,1.86,-8.4,0
102680,31.09,240.68,111.19,3,0,17,30.14,96.44,0.88,-13.11,1
102681,47.51,422.51,241.29,2,6,0,35.41,115.16,3.67,-3.92,0
102682,30.55,231.22,115.57,4,2,4,25.11,59.72,3.69,-6.6,0
102683,30.18,297.91,159.92,2,0,17,30.2,59.38,4.6,8.93,0
102684,48.65,154.78,420.4,4,0,6,31.96,29.97,7.26,14.6,0
102685,40.7,182.23,311.02,3,2,12,14.42,68.41,3.69,-11.33,0
102686,40.35,624.52,295.66,1,1,26,26.7,66.29,4.83,16.01,0
102687,43.23,88.43,136.73,2,3,2,34.07,60.3,7.9,-12.94,0
102688,17.54,114.45,242.65,1,1,0,13.01,83.98,2.23,-0.19,0
102689,49.2,618.9,158.27,1,0,0,53.11,93.54,2.24,-21.95,0
102690,46.11,308.04,161.6,3,1,37,23.52,121.47,2.37,-6.28,0
102691,22.15,126.63,225.49,5,3,28,12.0,126.38,5.34,20.93,0
102692,31.36,234.19,129.62,2,0,23,15.22,132.97,9.69,0.13,0
102693,34.39,201.75,409.16,2,1,4,29.48,136.35,2.53,-5.85,0
102694,32.94,234.2,164.83,1,2,0,12.14,106.17,3.07,-32.01,0
102695,40.67,202.31,252.92,2,1,6,38.07,93.03,2.92,-2.97,0
102696,66.65,812.17,400.83,1,0,10,34.44,157.16,4.2,-0.56,0
102697,56.95,812.15,317.46,1,1,0,31.7,136.43,6.35,-9.11,0
102698,19.39,126.98,82.93,4,1,0,23.13,36.99,7.84,-7.01,0
102699,46.31,162.06,229.9,2,1,0,49.0,81.14,2.75,-3.57,0
102700,63.65,342.87,287.39,1,0,23,49.63,30.5,1.87,-1.54,0
102701,41.65,265.96,293.97,1,1,0,17.59,30.15,3.47,-4.71,0
102702,57.18,515.41,97.58,4,1,17,71.69,66.32,2.86,15.56,0
102703,86.56,366.05,125.41,1,0,4,60.67,83.35,4.75,-17.54,1
102704,55.48,264.37,311.05,2,1,22,45.04,69.78,2.06,21.19,0
102705,39.16,353.82,118.39,2,1,18,38.29,31.01,1.81,-5.97,0
102706,56.02,627.04,152.65,4,0,7,14.52,143.29,3.51,6.03,0
102707,37.36,191.65,428.24,1,3,14,22.04,58.89,2.1,13.99,0
102708,35.38,127.15,175.33,1,0,10,25.93,120.72,7.94,0.87,0
102709,29.88,1080.5,120.69,2,2,0,23.39,59.87,4.05,-2.48,0
102710,70.73,732.49,111.08,5,0,29,30.0,66.77,2.29,0.2,0
102711,24.22,148.33,216.15,3,0,4,20.14,116.75,3.89,-31.12,0
102712,69.75,753.96,86.46,2,0,10,52.9,72.99,8.3,-41.81,1
102713,43.83,288.29,157.11,6,1,0,51.14,99.69,1.44,9.34,0
102714,18.65,201.37,216.21,1,0,16,18.65,106.29,1.81,-6.93,0
102715,41.3,313.06,367.78,2,0,1,28.19,38.23,0.89,-14.79,0
102716,13.6,99.67,259.85,2,0,3,9.54,119.88,3.55,1.31,0
102717,46.38,306.72,121.54,3,0,0,46.55,51.28,4.0,-4.36,0
102718,52.13,176.96,344.15,2,2,9,42.79,46.21,6.43,-21.4,0
102719,26.81,494.6,152.66,3,2,0,10.92,58.2,2.98,12.21,0
102720,37.0,161.76,91.22,4,0,24,47.12,146.72,2.95,14.96,0
102721,84.33,299.05,163.75,1,0,11,42.38,34.45,7.36,1.16,0
102722,27.88,175.43,397.01,1,1,3,38.18,133.01,2.7,0.47,0
102723,21.73,94.07,197.13,4,0,0,18.63,110.34,1.51,-2.16,0
102724,68.18,465.05,181.24,1,2,19,40.3,94.1,1.85,-0.2,0
102725,84.65,835.73,442.94,2,1,0,13.39,104.36,8.74,3.24,0
102726,35.06,403.66,81.92,3,1,35,33.1,75.62,7.07,-9.05,0
102727,55.17,580.44,88.75,1,1,20,20.0,135.53,2.0,10.04,0
102728,64.01,384.56,74.01,3,1,39,53.72,69.68,4.69,0.55,0
102729,25.06,179.82,220.94,3,1,14,30.91,33.95,2.0,9.6,0
102730,28.13,241.49,197.26,1,0,31,13.1,85.93,9.58,16.92,0
102731,60.9,177.02,420.51,3,0,20,56.91,145.57,2.21,-1.46,0
102732,74.71,695.62,205.79,3,0,3,40.87,120.91,1.55,2.99,0
102733,45.09,152.31,144.12,3,4,15,46.59,267.32,2.39,7.66,0
102734,23.56,457.38,180.18,3,0,0,18.06,77.32,11.6,-0.94,0
102735,85.59,489.4,192.04,2,2,49,63.78,81.72,3.74,-7.16,0
102736,27.56,175.89,71.77,2,0,10,28.99,78.24,1.58,0.75,0
102737,30.1,143.39,799.22,1,0,12,27.28,56.49,4.38,17.51,0
102738,40.83,208.58,239.58,1,0,19,22.41,67.76,1.32,-38.29,0
102739,70.44,1537.14,202.04,3,0,0,84.3,48.25,5.89,9.2,0
102740,51.4,575.78,252.47,2,1,35,18.81,22.73,5.01,0.33,0
102741,42.18,136.09,265.9,2,4,0,34.55,63.54,5.38,-9.83,0
102742,43.11,640.24,166.61,1,1,0,23.47,91.28,3.52,11.0,0
102743,35.69,453.71,127.2,1,1,9,13.5,131.4,4.07,-20.06,0
102744,44.99,273.64,250.3,3,0,0,20.99,63.71,4.26,-8.01,0
102745,11.21,91.5,222.54,2,0,40,8.27,64.16,3.36,17.68,0
102746,30.63,212.79,115.3,1,0,7,25.65,167.03,3.88,-30.41,0
102747,39.01,732.27,392.85,4,2,0,39.59,40.49,1.3,5.52,0
102748,20.85,98.02,211.52,2,1,15,23.33,81.6,1.61,19.58,0
102749,41.65,313.6,268.9,2,0,21,34.13,159.84,3.63,14.55,0
102750,31.92,180.4,387.03,1,1,4,20.41,58.84,1.48,3.98,0
102751,77.12,263.67,182.18,3,2,0,77.87,35.86,2.77,-16.39,1
102752,71.04,1487.63,214.28,2,0,10,42.36,250.62,1.41,11.41,0
102753,28.38,110.04,281.03,2,3,3,9.96,145.39,6.19,-11.42,1
102754,32.7,255.56,120.82,2,0,0,32.2,148.12,1.11,-4.33,0
102755,33.85,99.25,185.43,3,0,0,36.6,85.3,3.13,-2.78,0
102756,28.56,163.77,192.87,4,0,14,15.55,132.18,0.98,-20.46,0
102757,38.21,330.3,106.39,2,1,28,47.39,20.2,0.83,17.41,0
102758,24.88,115.31,643.97,3,3,20,22.29,69.23,2.38,-3.38,0
102759,21.04,197.53,83.01,1,0,0,18.07,158.91,5.82,-3.08,0
102760,46.32,283.43,88.15,3,1,23,28.76,38.95,3.26,-11.18,0
102761,46.46,580.91,370.84,3,2,25,46.66,73.68,2.85,-12.63,0
102762,24.37,337.04,266.47,1,0,37,8.99,109.03,0.92,7.25,0
102763,52.37,273.36,102.38,3,1,0,34.83,56.22,0.98,7.65,0
102764,26.34,191.6,251.38,1,0,10,14.93,90.4,4.01,42.58,0
102765,39.22,300.94,403.54,2,2,22,16.58,113.43,3.69,-6.67,0
102766,50.63,483.03,177.03,3,3,2,48.89,107.88,6.22,-8.35,0
102767,34.47,243.06,751.68,3,0,21,28.8,70.76,6.57,14.61,0
102768,42.95,330.63,69.74,3,0,11,40.85,54.73,11.12,10.62,0
102769,27.74,171.94,263.63,1,0,0,18.88,114.15,3.77,-6.34,0
102770,32.04,237.57,341.91,2,0,0,31.92,110.31,7.31,3.3,0
102771,31.9,427.34,293.89,2,1,34,24.54,107.11,9.71,21.41,0
102772,25.01,241.86,160.86,3,2,0,15.81,96.4,2.99,-19.86,0
102773,32.32,321.29,153.43,3,2,0,19.08,110.38,3.81,-13.13,1
102774,17.43,175.2,229.81,2,0,18,4.43,152.32,1.82,4.43,0
102775,28.06,181.88,281.92,3,1,11,29.21,108.39,4.43,-12.14,0
102776,30.79,252.77,250.72,1,1,0,31.18,95.44,1.68,-11.4,0
102777,31.19,126.9,318.94,4,0,2,46.22,65.61,2.19,16.42,0
102778,31.4,414.46,102.78,3,0,0,20.92,206.71,6.82,4.2,0
102779,34.04,59.26,158.81,2,2,0,19.86,45.88,2.35,-2.82,0
102780,43.43,291.03,107.33,5,0,57,14.1,79.69,4.84,-13.66,0
102781,51.88,642.42,145.56,2,0,6,51.36,66.31,4.88,3.5,0
102782,26.13,92.47,314.61,3,0,0,24.36,30.07,0.76,15.58,1
102783,20.37,174.11,191.01,3,1,48,23.18,111.29,5.17,-21.37,0
102784,21.9,109.07,755.01,3,0,27,11.41,79.67,2.52,-20.32,0
102785,28.11,163.63,200.2,3,1,25,26.12,91.74,2.06,8.2,0
102786,29.87,335.58,186.01,2,2,0,18.51,80.84,3.56,-10.38,0
102787,24.75,191.29,190.83,2,0,33,26.88,141.43,2.57,-14.13,0
102788,19.53,49.44,126.74,3,1,26,17.27,152.73,5.24,-12.21,0
102789,28.51,122.46,174.36,2,1,14,10.29,46.48,4.54,9.35,0
102790,37.98,432.93,334.7,3,2,0,27.24,259.57,8.3,8.89,0
102791,45.75,400.81,191.64,3,2,11,12.03,77.92,3.33,3.94,0
102792,27.24,456.91,116.34,2,2,43,12.51,128.04,2.97,-8.43,0
102793,29.06,471.88,108.22,3,0,15,13.79,100.28,11.52,-14.23,0
102794,23.07,136.06,140.52,1,1,5,13.6,95.89,5.6,-11.05,0
102795,34.51,844.49,187.46,3,1,7,23.62,125.7,2.93,-15.33,0
102796,23.89,169.31,347.04,3,1,9,18.9,198.5,8.37,-7.89,0
102797,45.3,195.94,86.12,2,0,0,35.27,143.46,4.03,-1.46,0
102798,15.67,79.9,150.97,2,0,11,11.66,77.77,2.34,9.08,0
102799,29.77,67.43,194.87,4,0,37,24.8,85.56,2.01,-1.43,1
102800,40.08,626.57,65.66,2,0,35,17.54,64.18,3.24,-4.53,0
102801,38.02,590.73,113.8,1,1,0,29.21,138.23,3.76,23.52,0
102802,117.59,495.4,123.84,1,2,34,130.36,128.22,3.35,-54.2,0
102803,40.97,255.88,116.18,1,0,25,29.03,73.3,3.73,7.63,0
102804,22.28,163.57,200.04,4,0,23,19.46,199.48,5.25,5.83,0
102805,33.53,145.2,164.79,5,1,19,28.51,171.42,2.23,6.02,0
102806,15.74,45.81,132.63,3,0,0,15.2,268.79,1.14,11.94,0
102807,33.75,212.68,227.77,4,0,4,27.74,56.03,1.66,-19.8,0
102808,24.06,143.43,464.35,1,3,26,23.13,84.75,4.48,12.31,0
102809,52.84,304.59,443.43,3,0,0,46.33,79.99,2.2,3.76,0
102810,27.33,213.86,62.52,2,0,0,24.99,429.25,3.57,-7.94,0
102811,33.21,475.08,247.24,3,1,17,28.58,90.53,2.12,7.45,0
102812,26.29,158.18,163.21,3,1,0,13.1,192.27,2.32,0.67,0
102813,76.54,583.45,196.03,4,1,26,35.0,167.45,3.82,-16.14,0
102814,30.29,304.95,144.59,1,2,0,20.04,85.58,4.62,-32.36,0
102815,79.84,737.29,192.03,2,1,16,90.85,93.05,3.48,-21.68,0
102816,50.49,259.93,195.63,2,1,17,35.7,123.16,4.33,-12.71,0
102817,43.48,319.38,130.91,2,0,3,35.97,191.43,1.31,3.92,0
102818,41.32,380.3,109.94,4,1,7,10.67,81.17,2.93,-23.59,1
102819,41.79,166.38,140.64,2,2,0,33.36,66.33,2.56,4.16,0
102820,14.7,193.56,204.75,1,0,11,11.34,157.46,4.71,2.69,0
102821,30.87,442.11,250.24,5,2,0,2.52,45.23,2.08,28.86,0
102822,51.2,249.68,287.81,3,0,7,42.12,104.74,1.12,3.41,0
102823,34.24,264.04,137.16,2,1,25,11.55,170.02,1.1,-33.05,0
102824,18.6,179.48,210.41,1,0,0,10.58,116.51,3.29,15.19,0
102825,34.18,182.16,305.62,2,2,3,34.14,64.05,4.06,-15.68,0
102826,75.35,671.1,341.73,2,1,21,59.48,49.36,3.77,-16.48,0
102827,61.34,465.91,174.27,3,0,0,39.13,183.47,2.64,-4.92,0
102828,34.04,114.37,159.4,2,1,45,20.98,81.0,2.45,6.27,0
102829,53.7,472.95,199.95,3,2,30,34.67,52.4,3.92,-6.12,1
102830,29.68,119.85,95.64,1,1,0,23.45,178.24,1.81,-1.85,0
102831,16.26,182.02,161.82,3,2,0,7.31,145.53,2.75,-15.7,0
102832,23.09,115.54,271.1,2,0,12,23.81,47.88,3.32,-19.52,0
102833,70.71,456.65,256.22,7,0,0,32.75,406.83,7.75,1.02,0
102834,30.94,430.14,155.14,3,0,29,9.85,65.07,0.83,-24.87,0
102835,31.37,281.44,202.9,1,1,19,31.3,144.06,2.27,-12.7,0
102836,30.58,124.79,114.37,2,0,14,19.6,296.41,2.82,-6.96,0
102837,82.45,347.46,265.04,2,0,1,63.29,153.35,6.85,1.52,0
102838,72.75,377.39,172.46,5,1,40,66.47,105.14,3.75,-5.91,0
102839,94.99,810.0,154.65,2,0,25,54.16,38.11,5.62,-6.76,0
102840,32.58,272.83,147.53,1,1,22,25.55,306.26,0.85,-20.46,0
102841,39.98,183.6,173.88,2,1,33,36.46,151.24,6.17,-8.21,0
102842,17.69,69.07,140.7,4,0,0,20.53,38.51,1.63,-5.75,0
102843,68.03,548.22,258.51,2,1,35,42.33,227.37,4.15,4.25,0
102844,20.69,132.27,144.83,2,1,7,13.13,93.36,3.34,-14.0,0
102845,38.59,794.26,432.29,6,1,18,34.37,76.19,1.9,-15.41,0
102846,21.36,152.29,402.95,2,0,9,17.13,63.85,0.84,-20.18,0
102847,26.85,465.63,110.23,4,4,0,19.22,99.73,5.51,0.28,0
102848,24.01,93.63,187.03,1,2,29,27.57,146.14,4.18,-7.25,0
102849,26.62,84.87,125.85,2,1,0,8.77,66.89,4.87,-4.01,0
102850,27.46,109.79,150.4,3,0,0,10.83,97.16,4.44,-9.11,0
102851,27.35,346.92,541.47,2,0,3,9.09,684.15,0.97,-8.51,0
102852,50.92,857.75,151.99,3,2,0,53.49,119.73,2.35,-11.11,0
102853,21.29,100.78,219.44,3,1,0,18.71,160.67,4.21,5.51,0
102854,38.65,214.91,242.42,1,2,16,15.74,50.65,1.31,-1.38,0
102855,60.55,236.24,103.82,2,1,5,43.55,39.86,3.08,20.02,0
102856,27.78,78.61,112.47,3,1,7,20.64,216.7,2.15,-6.55,0
102857,25.34,254.02,92.73,2,3,0,5.01,182.59,5.68,21.64,0
102858,31.55,246.91,110.57,1,2,12,25.15,251.67,4.41,-6.26,1
102859,59.51,418.79,37.54,3,0,6,27.12,85.8,2.72,5.65,0
102860,38.19,132.76,242.86,3,1,0,35.39,191.02,2.79,-11.17,0
102861,27.56,437.99,557.11,3,1,8,12.77,19.44,3.48,5.27,0
102862,43.51,236.83,195.25,1,0,0,35.02,124.53,6.59,-36.61,0
102863,21.31,194.81,82.6,3,1,28,22.88,167.27,2.06,-20.71,0
102864,47.56,160.87,126.4,1,0,4,47.26,59.55,1.89,-16.69,0
102865,42.07,267.7,139.85,1,0,57,36.88,169.58,2.78,28.79,1
102866,30.47,246.76,102.85,1,1,29,22.23,80.8,3.68,13.81,0
102867,24.0,197.83,288.89,2,1,9,9.0,85.8,0.71,1.89,0
102868,23.48,177.61,281.07,3,1,22,15.04,77.07,0.52,-8.24,0
102869,44.52,399.09,95.34,3,0,0,30.88,232.43,6.29,-10.73,0
102870,60.85,242.02,268.2,3,1,29,41.11,68.52,4.62,-11.09,0
102871,26.27,202.99,416.84,1,0,0,9.63,63.68,0.98,8.13,0
102872,43.02,318.75,512.53,2,0,13,36.94,53.81,3.5,-0.64,0
102873,13.68,107.55,870.29,2,0,0,6.22,72.14,1.57,11.48,0
102874,26.9,195.26,109.6,2,1,0,30.58,101.17,3.05,6.41,0
102875,34.51,127.83,850.89,2,2,8,27.16,132.02,2.55,4.21,0
102876,23.24,84.18,148.14,3,1,13,23.12,57.27,1.26,-13.76,0
102877,22.96,53.13,129.94,2,3,11,22.73,112.57,4.43,-13.8,0
102878,25.92,273.01,215.48,3,1,11,32.9,129.93,3.6,-0.04,0
102879,39.92,422.66,130.69,2,2,0,31.75,51.43,11.98,3.7,0
102880,32.17,343.34,224.18,1,0,53,20.99,93.47,1.92,-4.89,0
102881,12.78,104.32,87.09,3,2,16,8.4,85.53,7.31,-20.67,1
102882,13.48,32.47,157.85,3,0,19,15.15,94.08,7.06,1.35,0
102883,26.64,111.59,365.05,5,1,5,11.19,65.48,2.11,9.35,0
102884,43.0,327.81,174.44,5,0,0,22.81,82.97,3.19,-18.55,0
102885,10.17,76.15,194.58,3,0,14,8.23,91.69,7.56,-6.39,0
102886,27.95,175.04,233.77,2,1,17,19.9,275.4,2.15,-16.2,0
102887,27.62,232.5,342.69,4,0,35,27.4,92.45,2.6,12.35,0
102888,65.37,460.28,72.43,1,2,49,27.15,200.91,7.62,27.95,0
102889,29.43,218.85,248.25,3,2,38,21.58,210.25,3.52,17.71,0
102890,41.58,211.47,155.32,1,0,0,29.24,40.79,3.21,-25.73,0
102891,37.3,426.59,197.28,3,0,3,17.97,75.57,3.27,3.19,0
102892,13.42,75.73,322.44,2,0,18,13.01,210.51,3.16,6.25,0
102893,49.45,177.97,93.33,3,2,4,35.96,100.33,1.53,24.02,0
102894,38.56,183.59,103.13,4,3,11,27.63,83.93,3.06,-10.68,0
102895,43.99,258.72,62.08,1,1,0,23.93,141.15,5.9,-3.87,0
102896,204.82,2356.82,133.08,3,1,28,134.68,170.77,2.24,-19.69,0
102897,13.7,93.9,374.16,2,1,0,6.78,88.43,6.03,-22.23,0
102898,76.06,485.07,168.45,1,2,0,73.47,76.16,3.85,-0.98,0
102899,30.75,115.3,86.13,1,0,0,31.01,21.79,1.99,20.01,0
102900,39.83,412.94,137.8,2,1,10,46.6,92.58,2.28,-1.57,0
102901,34.29,173.26,79.41,4,1,0,29.44,71.6,7.33,-1.26,0
102902,28.92,192.55,96.94,2,1,0,19.24,49.2,3.33,-20.98,0
102903,27.08,397.39,222.92,1,2,32,17.14,79.57,2.76,0.18,0
102904,40.59,366.47,94.38,1,0,9,35.43,70.06,5.29,-10.31,0
102905,17.68,54.84,331.92,2,0,19,14.15,99.61,0.5,-8.82,0
102906,49.06,141.78,173.1,2,0,0,34.66,76.13,5.54,23.62,0
102907,29.02,196.73,188.68,2,1,11,19.87,117.68,5.59,-8.58,0
102908,21.05,80.35,154.45,2,0,9,21.95,99.9,3.28,-7.11,0
102909,28.58,276.73,275.34,1,0,0,18.35,193.24,3.63,1.28,0
102910,61.62,440.59,276.91,1,0,11,66.97,65.32,2.14,-54.98,0
102911,27.51,209.15,216.42,1,1,0,21.88,261.84,2.4,-13.67,0
102912,41.13,202.19,245.57,3,1,19,27.06,170.74,4.55,-28.86,0
102913,25.19,421.16,160.18,3,0,4,13.95,219.61,2.61,-10.26,0
102914,49.23,1427.41,242.54,1,1,7,35.02,104.74,3.82,26.59,0
102915,47.65,290.16,149.47,3,1,27,41.73,76.02,2.79,-43.65,0
102916,80.42,671.59,180.22,2,0,19,52.73,65.17,4.81,-26.98,1
102917,32.34,237.69,154.76,2,2,6,31.13,257.56,1.26,18.31,0
102918,47.29,290.71,139.98,3,1,0,30.42,173.78,5.55,-4.39,0
102919,36.58,168.91,123.22,1,0,35,26.29,49.15,3.33,4.6,0
102920,62.71,255.17,232.8,2,0,0,26.86,161.8,5.46,-0.54,0
102921,25.33,100.48,370.11,2,1,23,22.54,54.85,1.48,-0.09,0
102922,48.94,419.53,342.77,3,2,0,33.44,109.33,5.84,-7.17,0
102923,32.06,173.09,90.18,1,0,28,36.7,147.73,1.54,-50.67,0
102924,34.0,65.58,365.78,1,0,30,31.49,215.85,4.91,-2.32,0
102925,36.48,318.93,151.1,1,0,0,28.13,103.79,4.14,14.46,0
102926,39.21,269.25,250.48,2,0,20,41.41,83.05,2.01,13.03,0
102927,33.22,455.91,109.35,4,2,18,28.28,92.41,5.38,6.72,0
102928,38.55,325.2,194.62,3,1,24,38.63,170.7,2.05,-3.57,0
102929,71.2,237.95,213.9,2,0,18,38.05,144.44,2.76,0.27,0
102930,54.53,125.19,79.55,2,0,0,47.19,89.12,1.82,10.85,0
102931,51.75,252.81,251.52,2,0,8,45.32,29.42,2.54,-24.9,0
102932,28.51,146.02,377.37,1,0,41,10.37,20.89,3.41,25.06,0
102933,23.46,263.14,163.51,1,1,0,26.43,103.03,1.98,13.11,0
102934,53.8,374.92,380.33,3,1,17,24.74,44.3,3.17,25.73,0
102935,51.91,640.55,162.17,2,2,32,22.08,65.53,5.11,2.69,0
102936,67.9,245.07,287.21,4,0,0,2.57,78.54,1.37,-9.87,1
102937,26.67,302.51,53.13,2,3,0,23.16,312.84,1.93,4.95,1
102938,31.57,316.86,680.81,2,0,0,10.71,96.86,3.82,9.33,0
102939,16.74,42.71,409.71,2,0,19,10.39,138.63,1.15,26.89,0
102940,29.33,397.8,153.92,4,1,0,28.14,121.82,5.28,-6.4,0
102941,54.81,402.0,60.84,3,0,9,43.74,21.05,7.41,-8.2,0
102942,28.37,241.62,210.9,5,1,36,16.86,70.82,3.06,13.89,0
102943,46.69,212.09,81.35,1,0,11,16.45,43.28,2.46,-5.51,0
102944,32.12,425.45,229.9,3,1,0,23.23,253.69,3.16,-11.02,0
102945,40.49,156.67,225.73,3,0,14,39.03,30.21,2.75,-10.05,0
102946,20.88,221.59,107.25,2,0,10,19.32,69.92,5.99,-32.31,0
102947,36.37,383.72,333.45,3,1,20,43.52,76.97,2.86,-12.65,0
102948,9.11,39.18,280.35,2,0,41,5.34,49.81,4.95,4.33,1
102949,32.18,607.19,307.86,3,1,19,13.54,95.65,3.2,-2.08,0
102950,16.8,132.07,180.88,2,0,48,13.91,87.75,1.74,5.04,0
102951,60.22,584.58,82.63,3,1,20,48.35,99.25,5.74,17.89,0
102952,49.66,161.99,308.21,3,0,0,37.18,121.67,5.48,33.82,0
102953,43.18,871.42,155.13,1,2,53,24.33,103.74,1.88,-6.08,0
102954,69.39,263.34,83.81,4,1,9,6.01,113.08,2.76,-19.07,0
102955,22.84,266.85,378.64,7,1,0,11.38,175.41,4.77,-8.58,1
102956,76.84,327.07,571.14,2,0,53,68.33,33.45,2.94,9.58,0
102957,53.24,273.49,175.96,2,1,0,43.71,136.97,5.41,35.0,0
102958,31.47,326.75,590.21,2,1,0,31.19,48.06,2.61,0.42,0
102959,58.35,682.71,189.27,2,0,2,48.79,61.21,1.9,5.18,0
102960,21.27,78.87,146.01,3,1,14,19.87,96.78,6.07,-5.44,0
102961,24.15,291.62,127.26,1,1,28,22.73,115.19,1.07,0.31,0
102962,26.62,314.15,442.9,2,0,0,20.1,123.62,5.19,16.63,0
102963,27.59,120.81,117.2,4,0,28,20.88,51.05,1.77,10.12,0
102964,21.76,338.71,269.71,3,0,2,1.0,239.49,4.14,-2.86,0
102965,60.69,205.04,132.35,2,4,4,35.55,70.04,8.27,1.79,0
102966,31.15,159.55,139.74,3,0,42,18.59,58.45,0.69,-7.52,0
102967,41.02,364.81,317.22,3,0,15,29.65,41.96,1.98,15.84,0
102968,27.08,123.69,146.05,2,1,20,14.01,39.55,4.5,25.86,0
102969,15.43,123.21,144.07,1,0,11,15.19,38.86,1.97,-15.04,0
102970,39.52,312.1,335.63,2,1,25,20.93,108.68,5.05,-13.87,0
102971,14.8,94.37,433.34,1,0,41,15.18,129.32,5.72,-7.38,1
102972,33.94,360.17,256.6,2,0,0,17.3,53.59,1.86,10.84,0
102973,18.91,118.08,125.57,2,1,31,11.33,45.36,7.11,-8.4,0
102974,85.59,672.7,135.93,4,1,39,49.65,79.27,6.74,12.08,0
102975,52.74,654.98,188.09,3,1,21,33.02,95.41,1.63,-25.53,0
102976,36.71,381.53,214.75,2,2,0,38.35,105.38,2.73,-3.1,0
102977,61.81,640.94,104.55,3,1,0,41.3,50.46,3.26,-0.0,0
102978,23.91,94.24,267.9,1,0,54,16.13,81.41,3.02,-16.0,0
102979,44.7,406.76,188.67,3,1,0,25.23,230.47,2.02,-4.11,0
102980,38.29,172.76,70.06,4,1,39,26.23,43.95,1.77,14.65,0
102981,39.42,145.38,107.99,2,0,19,31.69,88.44,3.26,-4.12,0
102982,62.05,419.04,136.41,3,0,48,43.2,121.49,5.57,4.27,0
102983,48.67,216.75,172.93,2,0,6,34.67,50.35,2.65,19.29,0
102984,39.86,414.26,508.8,2,1,0,40.02,129.88,4.86,-15.66,0
102985,16.62,174.83,205.19,1,0,12,13.6,40.3,5.03,1.89,0
102986,22.72,61.43,113.36,3,2,0,10.5,131.7,2.21,-44.69,0
102987,33.12,153.22,203.22,2,0,60,24.13,92.37,1.84,-22.87,0
102988,36.5,123.15,148.31,3,0,23,22.46,38.4,1.18,9.22,0
102989,21.05,116.9,215.2,4,0,26,18.53,135.97,3.71,-9.99,0
102990,103.61,910.6,247.71,3,0,26,80.37,52.58,5.64,2.33,0
102991,69.25,429.44,350.04,2,0,0,71.51,82.09,4.36,-24.67,0
102992,45.89,239.21,177.61,2,0,9,25.93,131.36,5.85,-42.63,0
102993,36.15,484.81,443.36,2,1,13,25.38,50.46,2.91,-12.54,0
102994,31.81,70.34,296.6,2,0,46,15.4,65.55,0.93,-10.64,0
102995,22.81,296.29,121.98,1,2,0,16.87,176.89,1.54,-7.31,0
102996,36.24,193.25,606.91,2,0,0,13.26,26.0,1.41,20.01,0
102997,39.3,264.59,215.47,2,1,5,32.64,210.82,4.7,-32.76,0
102998,20.02,107.64,113.71,4,2,0,14.73,37.38,3.71,-12.96,0
102999,40.68,615.9,446.78,3,3,0,32.09,59.16,2.24,-7.5,0
103000,32.64,123.46,564.38,3,2,0,30.91,106.62,1.2,-4.14,0
103001,14.83,104.44,176.76,2,1,0,11.96,129.24,2.35,12.88,0
103002,23.76,216.55,136.45,1,0,31,10.24,107.62,4.03,-2.9,0
103003,29.06,90.89,163.72,3,0,11,17.75,92.59,2.49,9.94,0
103004,81.84,361.68,266.68,3,0,27,59.74,69.28,2.51,15.81,0
103005,44.96,292.25,363.5,3,0,1,30.03,229.66,3.84,-22.86,0
103006,19.19,86.22,246.34,1,0,10,13.4,143.11,2.55,14.89,0
103007,43.56,202.79,190.36,1,0,41,50.32,182.21,7.85,-4.94,0
103008,17.45,102.52,410.29,2,2,39,13.52,69.9,5.59,-1.29,0
103009,56.97,551.84,151.55,2,1,28,48.17,22.26,1.43,0.2,0
103010,28.31,166.98,317.34,3,1,15,7.02,165.97,6.57,4.25,0
103011,33.56,402.76,153.63,3,1,21,31.43,111.46,2.86,-24.15,0
103012,63.56,270.15,228.15,3,2,18,92.99,100.44,4.38,-25.47,0
103013,19.61,73.41,169.1,2,0,8,21.31,64.03,7.43,-9.67,0
103014,18.66,342.31,174.55,1,1,4,11.94,73.03,0.62,7.12,0
103015,26.92,135.59,146.26,1,1,32,35.54,62.83,5.32,17.26,0
103016,55.85,202.97,377.14,5,0,0,42.27,92.47,6.06,-12.22,0
103017,17.67,51.76,120.28,1,0,38,14.6,45.53,6.22,10.86,0
103018,9.79,117.25,119.8,3,0,7,6.68,142.22,4.9,-5.2,0
103019,28.57,168.61,577.96,1,0,0,19.33,305.45,1.53,2.95,0
103020,44.86,276.63,308.21,2,0,2,8.43,62.88,2.53,-11.01,0
103021,60.07,388.3,48.48,1,0,0,56.88,34.61,3.7,0.07,0
103022,28.42,330.07,131.9,2,0,1,19.2,84.66,1.19,-15.83,0
103023,29.08,186.11,66.44,5,2,1,20.45,108.74,3.28,-0.59,0
103024,58.83,1329.48,106.71,1,0,0,48.14,118.13,5.92,11.01,0
103025,15.09,112.93,32.03,2,2,6,9.75,235.41,2.88,-8.05,0
103026,29.39,349.78,166.94,3,1,10,23.98,146.83,5.95,1.76,0
103027,38.13,399.24,96.05,2,2,25,40.07,30.35,2.93,3.54,0
103028,42.84,294.47,186.03,2,1,7,36.47,42.87,3.73,14.65,0
103029,27.83,145.24,73.64,4,1,17,19.8,114.8,3.46,-29.98,0
103030,35.55,293.75,188.4,3,1,12,25.56,68.53,1.44,8.55,0
103031,11.42,103.19,143.27,2,2,21,9.14,223.38,2.12,-18.32,0
103032,26.03,136.83,411.18,2,0,12,14.11,51.29,4.21,-19.71,0
103033,42.92,326.53,391.19,1,0,0,34.42,160.17,5.67,-11.68,0
103034,22.5,292.17,277.24,4,2,0,20.72,60.96,1.75,-16.05,0
103035,35.94,708.23,150.4,2,1,15,27.74,105.33,5.13,1.07,0
103036,42.8,459.22,536.42,3,0,34,27.56,54.77,3.56,-16.49,1
103037,30.0,532.98,76.61,3,0,7,20.35,125.85,3.01,6.64,0
103038,37.79,193.11,83.18,2,3,0,34.5,171.3,1.76,-34.08,0
103039,22.69,225.65,171.89,1,1,7,10.78,104.75,3.38,13.96,0
103040,31.89,435.96,621.84,2,0,1,17.41,282.96,4.15,-25.3,0
103041,46.06,205.96,161.04,4,0,0,16.04,58.41,5.77,4.08,0
103042,37.56,206.25,162.74,4,0,0,28.49,95.45,1.31,-14.07,0
103043,26.88,448.66,81.44,2,1,7,25.95,149.5,3.71,-8.36,0
103044,38.72,166.44,302.84,4,1,16,41.92,50.9,4.29,-15.13,0
103045,48.28,172.82,304.05,1,0,0,54.9,93.43,4.33,-33.86,0
103046,13.91,209.09,277.81,3,0,0,8.03,134.05,3.45,-8.94,0
103047,58.96,750.86,127.34,2,0,0,47.91,157.17,2.74,-20.36,0
103048,30.09,261.39,122.03,3,1,0,19.54,178.56,0.5,-23.39,0
103049,42.39,290.0,88.39,2,1,0,49.25,53.43,6.19,-8.35,0
103050,59.99,337.23,188.5,3,0,8,64.54,106.99,0.78,-6.21,0
103051,18.88,152.17,99.36,3,0,0,14.95,40.89,2.64,-0.75,0
103052,25.43,392.26,94.2,1,1,9,15.14,58.28,4.02,5.42,0
103053,30.74,242.43,142.58,1,1,0,1.0,81.07,4.85,-20.09,0
103054,24.6,508.8,137.54,3,0,0,9.63,178.79,11.62,-22.87,0
103055,76.41,341.38,133.9,3,1,18,21.92,123.54,5.23,9.34,0
103056,23.8,164.99,232.64,3,0,0,9.25,92.19,7.98,-6.86,0
103057,27.26,158.34,188.0,4,1,3,33.25,117.8,4.35,27.47,0
103058,38.37,156.13,153.62,3,1,35,16.36,123.04,2.38,-32.79,0
103059,20.38,132.13,199.06,1,0,0,9.88,112.31,4.89,3.01,0
103060,29.29,252.61,104.34,2,0,40,15.23,63.74,2.56,-14.21,0
103061,40.37,367.32,190.73,3,1,5,56.51,50.69,2.78,-13.66,0
103062,30.13,624.34,195.54,3,1,0,22.13,78.72,4.46,-10.21,0
103063,33.56,296.33,78.75,1,0,2,33.51,55.9,2.95,18.1,0
103064,27.58,343.14,311.25,4,0,13,21.9,130.66,6.59,-27.15,0
103065,17.7,128.1,110.85,1,0,34,4.5,225.24,5.1,-27.37,0
103066,40.45,655.24,189.17,4,2,26,45.84,126.22,2.71,7.24,0
103067,77.1,1790.42,341.51,2,0,13,65.55,30.38,3.71,23.57,0
103068,35.29,322.17,299.49,2,2,34,25.39,61.55,1.85,-12.98,0
103069,38.73,165.06,183.43,2,0,0,46.09,90.99,1.98,14.27,0
103070,47.8,254.32,147.46,2,1,16,31.71,38.05,5.74,11.09,0
103071,19.77,159.34,303.11,1,0,17,14.11,91.7,3.3,2.22,1
103072,75.3,662.25,260.87,2,1,17,49.98,119.27,1.8,0.74,1
103073,38.34,380.51,128.11,2,0,0,39.07,209.58,4.24,-7.66,0
103074,72.94,642.71,116.25,5,2,0,69.55,268.01,1.35,11.58,0
103075,25.17,176.78,57.58,1,0,9,20.63,44.03,1.66,7.97,0
103076,79.32,403.95,195.91,3,1,32,38.63,83.92,2.61,-10.6,1
103077,49.61,424.39,172.0,1,0,46,32.61,84.56,3.76,-25.79,0
103078,44.89,794.43,336.25,4,0,0,21.86,58.67,2.5,-13.74,0
103079,38.89,453.29,219.3,2,1,0,40.45,95.49,2.73,-17.97,0
103080,31.3,286.22,374.95,4,1,26,11.15,85.78,3.43,-2.84,0
103081,60.07,703.65,122.66,1,3,59,69.0,130.07,4.4,5.2,1
103082,37.28,216.78,336.61,3,0,31,39.96,203.12,7.12,3.84,0
103083,14.44,78.41,134.57,2,2,0,7.52,97.44,0.84,4.91,0
103084,21.17,101.97,276.06,4,1,63,13.67,67.07,2.76,0.9,0
103085,32.19,211.66,80.69,5,0,24,18.41,48.64,2.19,-2.33,0
103086,40.24,228.09,204.85,3,0,0,34.51,306.52,6.43,-2.94,0
103087,34.12,437.0,60.42,1,1,46,37.64,155.08,4.52,16.52,0
103088,60.58,334.33,155.4,3,2,0,63.39,114.39,6.8,-9.33,0
103089,14.55,68.16,229.33,2,1,0,9.34,81.47,6.33,-5.29,0
103090,37.34,690.32,135.16,2,1,25,39.71,236.73,2.24,-34.43,0
103091,15.44,86.27,101.01,3,1,11,16.11,81.78,8.37,-10.15,0
103092,49.27,372.37,286.67,4,0,12,34.62,32.22,3.58,-6.51,0
103093,33.54,294.25,170.04,3,0,12,25.08,105.51,3.1,15.95,0
103094,42.27,167.63,137.51,3,0,32,48.0,43.08,0.94,-22.05,0
103095,23.73,308.05,184.2,2,0,0,24.07,105.75,4.25,-3.91,0
103096,62.25,599.19,767.49,3,1,17,65.74,201.6,3.18,-4.22,0
103097,55.93,853.4,339.47,3,1,6,78.1,32.99,5.13,7.57,0
103098,45.51,226.84,341.17,2,1,0,40.36,52.46,1.57,-8.99,0
103099,33.02,242.87,228.72,3,1,0,27.45,151.21,2.48,7.12,0
103100,45.44,324.37,197.26,3,0,0,49.5,66.69,2.21,1.84,0
103101,25.46,203.39,48.19,2,0,0,31.75,115.46,7.84,-13.41,0
103102,51.44,173.98,123.91,3,2,35,30.72,115.61,2.94,-18.67,0
103103,73.52,544.0,138.19,1,0,26,51.43,153.48,1.57,29.36,0
103104,56.66,194.38,64.18,2,2,8,28.07,61.06,0.65,-10.12,0
103105,25.2,211.05,95.24,4,0,0,21.06,19.47,4.44,-27.39,0
103106,41.18,99.44,60.55,4,1,26,40.04,114.2,4.76,-8.83,0
103107,19.56,54.25,176.25,2,1,35,10.03,35.11,1.7,-12.07,0
103108,45.28,477.28,282.39,2,3,30,46.8,157.73,3.09,-19.51,0
103109,42.87,228.29,330.86,2,0,0,27.29,87.75,6.35,-2.62,0
103110,15.09,64.45,226.13,3,2,0,9.3,75.35,3.53,0.82,0
103111,20.75,274.21,105.96,3,1,41,21.42,136.2,3.53,-32.26,0
103112,30.81,254.08,62.2,4,0,0,18.29,31.65,2.18,-0.11,0
103113,30.57,330.93,68.49,2,0,20,12.2,79.81,4.27,9.02,0
103114,20.31,130.83,89.57,2,2,0,19.01,117.75,4.45,-16.48,1
103115,41.7,1114.45,110.4,3,2,6,29.9,104.74,2.11,-22.1,0
103116,39.19,202.79,164.86,1,1,22,41.13,67.12,2.58,-17.5,0
103117,32.07,537.05,103.05,2,1,11,30.73,67.53,4.83,-9.8,0
103118,24.91,169.1,216.89,6,4,21,7.79,227.18,3.46,-2.95,0
103119,56.11,171.73,158.41,2,0,0,60.53,155.62,3.55,-19.48,0
103120,73.72,656.96,181.05,5,0,0,90.3,60.42,1.74,-8.68,0
103121,28.16,230.68,337.0,2,0,20,28.39,202.12,2.76,-5.76,0
103122,26.57,109.96,94.05,2,0,24,27.06,141.58,2.61,-0.36,0
103123,43.66,192.71,226.61,3,0,15,30.04,120.64,5.65,-24.48,0
103124,29.79,205.98,178.62,1,1,29,18.79,123.44,1.94,-14.74,1
103125,32.87,274.08,149.84,3,1,0,26.4,45.25,3.9,-13.81,0
103126,48.82,99.36,292.9,4,2,3,47.84,222.06,6.69,20.64,0
103127,14.82,175.67,291.9,2,1,44,14.43,159.29,3.79,12.42,0
103128,63.34,346.28,106.95,3,1,35,40.58,104.26,4.0,-4.6,0
103129,36.16,130.07,162.84,4,0,23,22.25,104.16,3.62,-26.1,0
103130,29.08,325.91,210.11,1,0,9,10.98,85.19,3.49,9.45,0
103131,33.62,232.59,154.9,1,2,30,30.65,63.98,4.12,13.96,0
103132,34.41,442.5,248.32,1,0,19,22.46,124.03,1.74,-4.92,0
103133,16.06,139.94,210.11,4,0,0,10.84,55.84,3.43,-10.98,0
103134,68.58,479.73,493.18,2,0,29,81.07,98.52,2.27,-14.23,0
103135,35.66,231.25,77.58,3,2,0,32.08,95.41,2.71,6.52,0
103136,42.72,380.68,168.28,2,0,25,35.49,113.4,6.29,5.59,0
103137,53.71,305.73,109.21,5,1,0,51.43,158.31,2.61,-19.73,0
103138,22.11,101.03,250.94,3,2,40,24.43,114.64,1.81,-16.48,0
103139,43.31,411.28,73.96,1,0,7,14.97,136.45,5.07,-19.76,0
103140,31.03,202.06,217.77,2,1,0,18.88,28.1,6.7,22.76,0
103141,51.23,364.71,127.29,1,1,0,35.45,118.64,3.59,0.25,0
103142,13.44,162.18,120.2,1,0,5,6.79,94.15,6.8,12.69,0
103143,33.47,221.35,81.24,1,1,11,22.89,112.49,3.02,-2.06,0
103144,26.68,188.2,139.37,1,0,35,9.67,65.52,4.62,2.17,0
103145,42.52,220.51,326.83,1,0,13,41.69,179.53,3.37,-8.45,0
103146,43.24,375.46,177.52,2,1,0,26.84,104.59,2.83,17.88,0
103147,25.46,212.24,254.22,1,0,0,20.37,57.57,2.92,0.74,0
103148,25.4,278.99,449.67,2,1,61,19.38,64.0,4.16,-4.91,0
103149,33.3,174.49,208.1,1,0,14,29.62,154.7,5.84,-31.82,0
103150,23.38,130.17,132.37,2,2,29,3.15,85.51,5.54,3.92,1
103151,51.12,531.77,232.75,2,0,6,44.1,89.75,1.94,3.77,0
103152,29.64,235.38,133.43,4,0,0,20.19,79.93,3.76,15.04,0
103153,9.46,42.1,136.39,2,1,3,8.06,165.09,1.7,-8.56,0
103154,29.57,397.77,78.02,2,0,14,13.46,120.21,3.27,-14.65,0
103155,21.93,65.67,299.59,2,0,3,18.72,44.15,6.41,23.47,0
103156,16.8,174.05,145.57,4,0,46,18.05,50.12,7.81,-24.85,0
103157,20.06,74.58,198.96,2,1,0,15.99,90.25,3.73,-15.89,0
103158,36.77,660.76,101.82,2,1,0,20.98,61.19,0.8,19.4,0
103159,63.64,205.79,228.77,4,1,26,37.01,24.62,2.66,10.65,1
103160,40.3,501.86,118.38,3,0,28,36.03,57.56,2.81,-7.4,0
103161,26.64,179.02,166.5,4,0,12,23.77,76.15,1.85,-6.87,0
103162,42.97,250.41,291.71,3,2,1,36.06,70.8,5.17,-5.89,0
103163,28.47,218.63,278.07,1,0,0,21.08,138.69,3.81,9.6,0
103164,25.6,245.83,177.83,3,0,33,20.5,23.55,4.93,9.83,0
103165,20.82,92.72,68.07,4,1,27,15.28,56.62,5.82,6.17,0
103166,15.91,74.07,933.56,1,2,4,10.42,145.07,1.69,8.76,0
103167,29.37,284.46,470.21,2,1,13,27.59,60.29,8.03,5.72,0
103168,37.58,112.02,267.85,2,1,7,31.1,43.51,2.74,-38.83,0
103169,33.51,175.15,118.95,3,0,41,35.94,59.82,4.09,2.86,0
103170,29.03,929.29,169.1,3,0,0,29.87,117.63,4.11,-7.76,0
103171,22.87,98.66,133.5,3,0,0,18.74,77.31,2.48,30.08,0
103172,46.02,571.85,360.71,3,2,0,41.36,58.26,1.66,-24.24,0
103173,19.35,101.05,207.96,1,1,17,9.88,120.17,5.5,-20.45,0
103174,49.63,448.09,116.94,2,1,13,36.26,112.7,0.98,-0.42,0
103175,22.29,216.47,138.94,2,1,15,18.63,42.17,2.33,-20.32,0
103176,24.95,307.09,333.49,4,0,0,8.84,95.27,4.13,36.02,0
103177,18.09,114.56,433.99,4,0,38,15.51,41.27,5.55,6.31,0
103178,27.93,528.51,417.19,3,2,3,14.25,181.61,3.95,-10.86,0
103179,54.28,283.01,272.96,2,1,33,29.18,188.39,4.87,3.81,0
103180,44.14,347.37,156.65,2,0,68,27.26,75.73,1.61,1.32,0
103181,54.36,430.17,30.27,2,1,0,40.36,170.51,1.69,-11.76,0
103182,44.27,176.84,211.96,1,0,18,18.5,57.17,2.18,-21.3,0
103183,21.3,129.24,179.82,2,3,9,20.54,82.75,2.65,-18.91,0
103184,30.16,228.87,194.41,2,0,48,23.96,63.37,4.53,-8.71,1
103185,24.64,138.95,185.42,2,0,6,30.33,88.68,1.11,12.74,0
103186,63.7,1510.93,86.79,2,1,16,52.55,93.65,2.77,7.21,0
103187,20.43,94.01,244.58,1,0,16,18.23,89.86,3.2,30.84,0
103188,52.33,660.59,254.85,2,0,10,28.08,85.26,3.62,-14.79,0
103189,52.31,561.9,261.97,5,1,25,23.78,97.14,3.8,-20.01,0
103190,79.73,554.27,302.95,2,0,13,72.14,191.15,2.44,-4.46,0
103191,29.11,132.2,250.93,2,0,20,13.87,26.93,4.87,4.46,0
103192,48.23,229.91,143.66,3,0,15,43.91,284.96,2.55,4.85,0
103193,97.72,527.96,173.12,2,0,1,114.98,72.92,2.36,3.39,0
103194,26.51,75.98,189.25,2,0,7,26.15,85.89,3.67,1.12,0
103195,17.54,74.35,190.98,2,1,21,15.66,199.81,2.17,-10.21,0
103196,15.02,50.1,311.68,2,0,21,12.28,129.52,8.05,-8.25,1
103197,48.23,661.77,256.46,2,0,34,31.55,124.07,3.78,21.6,0
103198,15.0,143.03,564.25,2,1,45,10.82,190.03,2.62,-19.89,0
103199,29.6,306.96,605.78,2,2,2,18.02,81.53,4.79,1.67,0
103200,42.61,400.4,188.06,1,0,14,17.95,156.21,2.78,15.42,0
103201,38.04,289.48,21.82,1,2,8,28.87,42.25,4.31,-17.23,0
103202,42.39,615.88,355.39,2,1,0,43.53,115.62,6.05,-17.28,0
103203,38.68,199.52,133.72,4,1,22,16.55,126.08,2.93,2.31,0
103204,62.23,459.47,115.83,3,1,26,68.43,179.01,3.81,4.45,0
103205,22.8,231.89,144.58,4,0,0,24.04,137.62,1.06,-6.74,1
103206,25.81,93.32,140.79,1,0,5,21.92,101.75,3.87,4.76,0
103207,24.72,813.91,252.07,2,0,3,21.04,74.38,4.54,-26.69,0
103208,50.85,361.09,76.35,2,0,0,35.77,73.89,5.23,-11.62,0
103209,52.49,394.43,99.51,3,2,11,39.92,74.27,6.8,15.4,0
103210,42.88,562.7,217.39,1,0,0,27.19,41.31,1.59,-29.72,0
103211,59.62,659.39,253.55,2,0,14,45.18,256.18,2.56,28.8,0
103212,20.6,146.96,256.16,3,0,16,16.17,163.86,6.79,-3.98,0
103213,74.11,553.67,116.76,3,0,19,90.44,104.85,0.87,22.1,0
103214,69.46,229.21,105.1,2,2,19,61.92,146.76,0.76,15.45,0
103215,48.73,258.28,136.22,3,1,39,34.0,141.41,1.91,1.38,0
103216,78.04,707.45,205.39,1,0,0,56.6,49.6,1.91,1.93,0
103217,16.61,145.14,407.47,4,0,0,9.49,131.88,6.19,26.4,0
103218,27.64,356.32,58.37,3,1,23,16.94,192.8,8.42,-17.99,0
103219,25.14,165.69,159.42,1,0,9,24.58,59.92,0.62,-3.66,0
103220,48.42,169.4,86.49,3,1,32,30.34,35.86,1.21,-10.9,0
103221,21.82,259.06,72.55,3,0,22,13.0,44.82,3.74,-14.51,0
103222,49.22,706.4,306.37,3,2,46,29.62,84.95,3.26,15.23,0
103223,64.85,711.32,242.86,1,1,10,36.82,43.29,3.82,3.83,0
103224,47.86,308.67,230.48,2,2,0,49.38,81.17,3.28,3.37,0
103225,39.77,469.25,298.72,3,0,18,31.24,60.76,1.28,3.42,0
103226,22.44,872.33,138.26,3,0,10,15.25,89.96,1.6,9.71,0
103227,23.91,177.28,141.88,3,0,21,18.11,66.29,2.35,-4.84,0
103228,61.42,223.12,598.91,2,0,23,49.4,88.08,4.18,14.2,0
103229,49.7,259.52,157.17,1,1,2,27.99,129.19,3.62,-3.42,0
103230,34.39,329.12,269.69,1,0,0,13.85,50.65,4.08,-1.95,0
103231,29.0,90.99,180.63,3,2,9,31.45,106.55,3.13,-7.68,0
103232,14.07,107.16,65.13,2,2,0,14.02,53.97,7.13,-4.56,0
103233,21.62,183.01,58.46,1,0,13,18.25,89.69,13.41,2.52,0
103234,82.72,1247.58,130.91,2,2,4,81.05,85.69,3.84,-2.68,0
103235,19.67,265.11,321.76,2,0,27,24.17,111.4,4.96,-14.36,0
103236,38.12,411.09,277.69,5,4,0,23.48,100.54,5.3,-5.48,1
103237,55.08,130.75,297.58,3,3,12,25.88,189.26,3.54,-6.99,0
103238,19.9,220.76,104.59,3,1,40,18.21,88.6,5.79,-4.59,0
103239,38.03,378.85,437.77,4,0,24,14.58,61.76,4.24,-30.34,0
103240,53.38,424.66,105.88,2,1,29,40.54,157.22,2.19,8.74,0
103241,35.2,103.73,202.35,2,0,18,23.77,109.77,2.5,-4.78,1
103242,127.25,604.05,178.98,2,4,0,116.87,152.98,3.38,2.75,0
103243,16.52,64.52,163.58,2,0,14,10.4,83.75,1.79,5.4,0
103244,56.36,144.05,375.85,2,0,19,59.18,41.04,4.1,-18.66,0
103245,32.38,226.34,122.14,2,1,0,18.24,345.9,5.16,6.98,0
103246,49.54,232.69,85.68,1,1,9,45.89,62.69,7.74,-18.01,0
103247,42.69,1110.43,181.99,4,0,0,24.9,44.85,5.05,2.62,0
103248,25.16,161.9,144.47,2,0,5,22.32,138.38,4.67,-29.47,0
103249,38.8,518.63,1153.46,2,0,4,19.26,51.05,4.45,-35.76,0
103250,15.17,48.46,261.13,2,1,37,11.29,71.12,2.81,11.34,0
103251,45.92,246.58,143.71,1,0,1,49.61,96.98,2.8,5.55,0
103252,40.03,294.09,100.69,2,0,7,31.17,82.58,4.53,-5.39,0
103253,46.65,207.39,63.99,1,1,10,48.79,72.37,1.91,-3.33,0
103254,56.35,319.36,102.42,1,0,1,41.89,233.6,2.85,-26.77,0
103255,41.3,259.23,191.75,1,2,24,25.76,84.18,5.79,-3.34,0
103256,37.41,232.98,394.65,3,0,0,29.67,52.47,2.1,-1.53,0
103257,23.54,416.69,333.58,1,1,32,21.3,161.74,2.4,-9.63,0
103258,25.4,214.84,204.17,4,0,11,6.95,58.34,2.58,-5.63,0
103259,59.7,531.15,150.69,1,1,35,52.57,84.3,7.24,-17.88,0
103260,66.8,612.43,208.68,3,2,0,34.4,52.3,1.72,-25.42,0
103261,31.44,298.99,135.33,2,0,0,14.24,102.17,2.55,-0.61,0
103262,35.73,239.97,463.15,1,0,6,31.61,92.17,1.86,-21.84,0
103263,23.3,138.91,162.21,3,3,21,25.27,88.45,1.93,3.66,0
103264,59.33,451.42,171.65,3,0,2,47.71,98.48,6.13,1.91,0
103265,47.22,589.4,53.21,4,1,22,19.41,147.01,2.38,12.26,1
103266,83.84,1030.63,161.66,3,1,29,48.82,137.23,3.52,1.66,0
103267,23.57,146.32,285.15,2,1,23,15.21,48.24,3.68,42.13,0
103268,29.53,303.41,100.05,2,0,13,23.59,60.04,2.6,-8.0,0
103269,38.84,246.69,119.11,2,1,13,28.43,156.72,4.23,2.35,0
103270,46.82,333.32,278.37,3,2,0,40.91,56.27,2.6,-12.74,0
103271,31.76,175.47,79.9,4,2,11,31.76,120.9,1.94,12.1,0
103272,23.63,151.05,322.06,3,3,0,19.76,148.93,3.08,-1.04,0
103273,52.04,712.34,134.33,2,1,0,50.71,33.61,6.53,-29.85,0
103274,48.42,354.95,145.36,2,1,21,33.05,70.53,2.37,-15.87,0
103275,23.17,173.57,97.01,1,2,3,36.48,146.76,2.91,-5.91,0
103276,64.41,218.68,221.6,2,1,0,57.22,82.4,2.5,-22.33,0
103277,59.26,355.39,696.37,3,0,20,54.58,70.62,3.3,4.61,0
103278,37.18,230.68,276.66,1,0,18,44.22,148.19,3.07,-24.74,0
103279,36.28,167.76,111.9,5,0,8,28.01,174.54,2.07,-6.69,0
103280,44.91,317.8,336.15,2,2,9,26.44,59.91,4.4,-8.09,0
103281,23.75,134.14,151.23,3,0,19,25.57,259.85,2.62,11.44,0
103282,35.48,258.47,383.34,3,1,29,38.71,30.85,3.05,-6.96,0
103283,13.29,98.83,280.52,4,0,15,10.48,36.44,2.15,9.06,0
103284,51.92,225.38,35.67,2,2,0,61.78,68.52,5.06,2.5,0
103285,17.33,99.41,103.62,3,0,8,12.64,73.63,3.67,-20.84,0
103286,68.85,500.94,302.59,4,0,4,67.68,75.68,1.86,29.49,0
103287,30.17,381.78,195.66,3,2,0,34.06,65.31,0.54,12.6,0
103288,31.82,253.25,102.5,2,1,20,24.65,58.23,1.71,-17.97,0
103289,26.39,132.66,127.04,1,1,22,22.8,78.86,2.9,-19.55,0
103290,30.75,262.73,63.09,3,1,25,30.95,63.17,1.75,14.6,0
103291,66.27,1089.39,171.46,1,0,0,43.63,135.5,2.95,9.85,0
103292,11.43,126.48,607.19,4,1,14,6.24,91.67,1.34,6.51,0
103293,62.18,572.3,280.25,1,0,11,67.35,78.82,3.97,-18.1,0
103294,40.75,410.0,600.45,4,0,17,33.69,86.19,3.41,-12.8,0
103295,20.33,292.39,292.44,1,0,14,12.68,175.62,1.95,16.01,0
103296,21.57,258.57,316.74,2,0,11,16.69,67.34,4.14,5.27,0
103297,74.42,691.61,533.1,2,0,9,65.28,41.92,6.56,-14.63,0
103298,22.87,273.17,221.51,1,1,31,8.18,50.07,1.91,17.34,0
103299,20.83,84.9,162.39,2,3,0,19.35,78.26,2.55,26.43,0
103300,58.39,192.85,317.64,2,0,8,49.75,120.15,4.1,-10.66,0
103301,40.76,308.63,400.44,3,2,31,47.44,152.58,1.95,-13.57,0
103302,22.95,166.26,138.24,2,0,0,15.96,242.01,5.42,19.03,0
103303,38.58,205.78,121.04,3,1,0,42.22,140.23,5.47,21.13,0
103304,22.06,233.36,194.29,3,1,25,16.3,52.99,1.34,20.82,1
103305,57.44,158.41,284.37,3,2,0,45.08,79.67,2.47,2.66,0
103306,56.43,302.32,279.19,2,1,23,46.28,24.57,8.59,-10.84,0
103307,44.47,244.25,82.24,1,1,3,56.62,74.66,2.22,10.45,0
103308,41.19,127.21,515.09,4,0,19,18.13,62.6,2.65,-8.1,0
103309,77.31,1142.71,126.51,2,2,0,67.56,22.47,1.86,-8.98,0
103310,35.0,124.15,155.58,1,3,33,26.62,318.73,3.48,-0.43,0
103311,20.56,107.26,109.56,1,0,0,15.28,71.74,2.25,-2.77,0
103312,42.85,472.25,793.96,2,1,25,38.38,25.42,3.57,-10.7,0
103313,89.48,865.24,205.63,2,1,0,91.86,76.35,2.39,-19.03,0
103314,22.17,89.17,112.72,5,1,44,19.57,242.32,0.53,-6.08,0
103315,29.75,292.9,289.49,2,0,10,31.49,282.61,0.84,-12.49,0
103316,42.21,341.57,274.78,3,2,47,29.01,93.21,5.29,-23.37,0
103317,34.16,767.79,162.34,1,0,0,25.21,95.36,6.6,-0.31,0
103318,22.5,192.71,285.8,2,1,4,11.24,187.76,2.11,0.08,0
103319,57.98,378.22,114.33,4,1,33,72.23,82.23,6.22,8.4,0
103320,99.42,453.51,137.26,7,0,0,69.93,118.63,1.72,-0.47,0
103321,38.23,184.45,59.58,6,0,0,25.83,148.94,0.94,-3.57,0
103322,23.3,107.94,86.9,2,0,20,21.01,47.19,2.61,8.23,0
103323,17.43,242.2,486.46,3,0,0,17.9,226.3,4.72,-0.41,0
103324,39.31,277.64,443.96,3,1,21,22.68,53.09,5.39,1.65,0
103325,57.52,534.12,186.63,5,0,15,60.2,61.53,1.7,5.66,0
103326,43.34,646.91,449.25,2,0,0,29.22,95.56,3.47,-11.16,0
103327,34.96,75.26,164.83,4,2,29,38.73,158.15,6.2,11.79,1
103328,26.85,356.21,157.45,2,0,0,16.51,135.13,3.26,-2.08,1
103329,21.41,154.08,185.68,1,1,25,19.99,87.37,1.94,-4.24,0
103330,50.96,443.38,168.05,2,1,14,38.76,106.73,0.64,11.61,0
103331,52.8,244.27,159.91,4,1,3,24.73,171.36,6.68,-9.78,0
103332,17.46,83.77,337.59,4,0,0,6.91,90.45,5.69,-8.61,0
103333,71.58,639.77,195.49,1,0,17,40.39,55.29,2.0,4.81,0
103334,45.32,1045.12,266.35,2,0,0,45.23,62.68,9.29,0.68,0
103335,65.7,759.55,317.42,5,0,33,17.36,155.3,3.06,47.35,0
103336,19.13,252.16,222.84,3,2,34,15.95,55.32,4.78,13.04,0
103337,18.93,120.38,105.56,2,0,41,15.37,35.13,3.09,-37.89,1
103338,32.73,169.71,85.53,4,2,17,10.78,74.99,0.79,2.21,0
103339,43.89,207.91,195.35,3,1,4,24.17,86.02,7.24,-29.65,0
103340,78.55,430.73,163.82,1,0,6,43.23,150.82,6.08,-8.22,0
103341,48.09,120.61,188.86,5,0,5,36.7,37.53,3.22,0.64,0
103342,31.38,152.87,178.42,1,0,16,35.04,110.8,0.5,-8.91,0
103343,22.05,116.65,745.4,4,1,19,22.47,179.57,4.32,-34.87,1
103344,60.88,390.36,86.6,2,0,34,40.17,55.11,0.7,-1.11,0
103345,22.67,169.53,60.25,2,1,12,12.3,94.52,1.9,-10.44,0
103346,72.83,611.12,216.1,4,0,0,26.25,24.77,2.89,7.63,0
103347,30.8,213.97,146.34,3,2,4,20.18,151.97,7.48,-30.45,0
103348,71.6,374.76,214.18,2,1,40,37.61,145.06,5.0,-12.91,0
103349,47.51,124.6,248.16,2,5,0,35.2,88.93,1.87,10.22,0
103350,32.91,172.77,364.75,3,0,25,24.69,40.59,5.85,-35.45,0
103351,27.71,119.26,78.57,1,0,4,17.48,134.28,0.87,5.15,0
103352,30.02,265.31,132.52,3,0,0,19.1,77.7,2.62,-13.69,0
103353,42.44,468.08,227.87,3,1,19,24.47,16.97,2.83,-5.51,0
103354,36.24,405.56,274.98,3,0,40,22.53,143.56,3.73,-19.16,0
103355,26.79,273.83,601.46,1,3,18,29.71,180.91,0.91,-6.71,0
103356,32.49,212.72,304.48,3,2,7,28.57,201.02,1.99,-17.69,0
103357,36.26,195.52,174.46,3,1,0,32.01,41.83,5.19,-20.38,0
103358,13.43,64.7,110.3,3,2,10,13.47,28.5,8.44,10.13,0
103359,43.01,141.7,131.97,3,3,0,42.19,70.36,2.55,-4.02,0
103360,22.52,258.87,129.93,1,0,6,24.91,122.8,1.7,1.62,0
103361,20.83,133.61,258.1,1,0,10,18.69,51.12,2.1,-1.0,0
103362,16.38,61.48,207.33,2,0,0,13.12,34.65,2.4,17.3,0
103363,15.61,72.3,86.92,3,0,36,9.4,139.01,1.44,3.73,0
103364,19.02,86.3,141.63,2,1,0,10.35,73.16,4.61,5.74,0
103365,25.44,181.95,291.67,1,1,8,24.69,130.76,4.52,8.81,0
103366,84.29,1006.22,218.41,2,1,21,60.88,90.86,4.08,-14.88,0
103367,27.62,162.49,246.09,3,2,35,11.33,81.46,3.42,24.67,0
103368,37.91,86.05,222.2,1,0,0,8.6,86.6,5.39,-22.01,0
103369,41.91,266.9,440.32,1,0,0,53.94,72.58,4.62,2.4,0
103370,37.13,240.36,204.95,2,2,31,18.69,68.35,9.02,2.31,1
103371,33.8,211.44,145.57,2,0,0,19.55,46.48,3.99,33.67,0
103372,20.44,104.55,108.78,3,0,18,21.6,120.28,3.45,4.02,1
103373,67.24,524.74,206.49,3,0,19,30.11,190.25,2.7,-13.57,0
103374,78.93,571.1,47.02,2,0,0,69.69,66.65,3.64,-11.52,0
103375,16.41,113.48,162.65,1,0,0,19.79,275.74,1.26,-8.7,0
103376,22.08,189.95,160.73,1,0,3,28.22,112.82,2.46,-0.37,0
103377,30.86,174.24,84.99,2,1,0,19.69,105.08,2.67,0.8,0
103378,22.68,124.45,108.03,1,0,0,16.94,133.33,1.87,3.98,0
103379,43.95,613.39,280.98,2,1,14,28.61,161.56,1.1,-1.6,1
103380,25.22,233.51,204.35,2,1,10,18.8,68.52,2.4,5.94,0
103381,92.72,981.43,190.36,3,2,17,99.64,125.55,1.97,-19.13,0
103382,59.81,772.83,213.03,1,0,20,23.93,168.64,2.24,-26.11,0
103383,38.51,350.69,189.41,3,2,0,35.12,71.68,3.39,14.53,1
103384,55.56,618.69,356.57,1,0,0,38.96,90.26,11.78,-25.87,0
103385,57.57,182.96,192.64,1,1,25,62.87,56.8,3.05,-3.32,0
103386,27.16,210.52,80.72,3,1,39,29.3,66.95,1.17,-14.2,0
103387,24.24,154.87,441.21,2,1,0,15.71,72.97,3.36,24.43,0
103388,36.25,587.14,220.66,2,0,16,26.19,52.32,2.64,26.28,0
103389,51.58,574.11,130.17,2,1,26,50.19,86.66,2.04,-1.8,0
103390,37.26,190.3,90.34,4,0,16,37.1,109.76,1.54,-6.65,0
103391,17.21,145.18,223.79,1,1,7,2.27,116.35,5.63,-5.78,0
103392,24.39,185.64,168.77,2,0,0,23.71,55.41,2.9,0.9,0
103393,33.85,297.42,427.83,3,0,47,39.33,62.55,3.42,10.83,0
103394,33.83,142.28,148.82,5,2,13,27.53,149.96,2.6,48.52,0
103395,85.03,712.59,113.57,5,1,19,83.97,62.46,6.96,-17.88,0
103396,18.76,117.15,294.61,1,0,17,20.07,147.57,3.24,1.63,0
103397,43.94,354.25,299.42,6,4,0,35.39,57.99,3.11,-4.32,0
103398,68.41,333.34,197.5,5,1,12,65.23,112.84,5.85,-9.81,0
103399,97.27,508.2,261.11,1,0,6,73.26,141.35,5.01,-8.52,0
103400,29.18,367.31,176.31,1,0,5,21.5,18.36,2.68,-3.66,0
103401,43.66,180.66,204.71,1,2,17,25.53,151.55,2.43,0.95,0
103402,45.23,194.18,341.62,1,1,0,35.88,196.81,5.69,3.63,0
103403,38.22,260.72,253.89,3,0,0,46.69,74.77,2.36,5.49,0
103404,33.48,159.31,164.0,3,1,21,17.55,110.75,3.0,-23.05,0
103405,42.59,191.51,378.7,3,2,2,38.51,54.4,2.42,-12.1,0
103406,11.2,82.62,49.02,2,0,5,9.3,111.93,1.66,6.14,0
103407,47.57,156.91,556.46,2,3,0,53.22,394.03,8.08,19.59,0
103408,37.04,156.66,70.43,2,0,29,43.18,24.09,2.39,5.16,0
103409,31.67,619.05,127.49,4,1,21,16.43,66.65,8.12,-6.5,0
103410,87.92,774.4,175.99,1,0,24,53.32,145.16,2.83,5.1,0
103411,25.83,124.49,166.07,2,2,18,16.02,191.86,3.74,1.83,0
103412,29.19,251.89,313.09,3,0,0,18.36,39.27,6.18,-17.72,0
103413,85.76,797.21,100.6,1,0,16,55.78,61.37,1.06,-4.64,0
103414,24.07,277.01,207.76,4,0,1,20.14,63.54,5.13,0.58,0
103415,27.32,179.49,130.97,2,0,0,14.68,60.83,3.32,8.79,0
103416,32.76,373.66,211.72,2,1,21,18.75,83.94,2.96,19.33,0
103417,51.09,129.07,173.7,2,0,41,28.22,38.19,2.77,24.84,0
103418,38.43,158.64,189.44,3,2,38,33.56,77.25,2.68,-27.07,0
103419,19.56,148.64,133.02,3,1,23,14.36,51.32,4.89,-4.83,0
103420,27.55,227.37,135.97,1,0,11,19.0,86.36,0.97,20.44,0
103421,26.63,118.16,210.81,3,1,8,14.37,58.95,1.58,9.6,0
103422,33.8,269.41,302.48,1,2,0,11.8,81.32,3.41,10.33,0
103423,42.39,217.23,129.53,1,1,7,49.09,48.32,3.3,-12.93,0
103424,42.25,257.49,111.62,5,1,28,28.64,159.4,5.71,-12.34,0
103425,15.74,183.91,252.23,2,0,44,22.47,74.03,3.1,7.88,0
103426,56.49,622.97,176.81,2,2,0,53.28,90.75,1.04,-9.18,0
103427,39.21,166.73,284.21,2,0,0,47.34,82.46,0.91,-19.03,0
103428,65.26,269.26,109.37,1,0,2,65.15,90.39,2.42,-0.47,0
103429,42.74,243.61,67.64,1,1,28,33.75,90.12,6.13,-4.9,0
103430,57.45,396.82,134.26,3,0,49,34.5,145.9,3.85,11.03,0
103431,43.18,217.51,118.09,4,1,35,21.84,75.81,6.48,4.17,0
103432,64.15,755.5,172.37,2,0,35,66.06,58.44,3.35,27.02,0
103433,44.27,368.69,126.81,3,0,0,36.14,92.28,1.68,-16.84,0
103434,33.49,287.22,270.57,1,0,0,30.28,62.31,3.34,-1.35,0
103435,97.31,361.62,153.62,5,0,0,92.8,86.04,7.67,6.49,0
103436,52.22,655.22,195.53,2,0,0,43.81,47.87,2.1,5.92,0
103437,45.31,77.43,196.3,3,0,28,28.64,168.96,2.49,1.85,0
103438,19.71,209.34,200.37,4,1,41,19.77,56.34,17.58,-28.13,0
103439,19.6,218.91,177.63,4,1,18,13.73,184.83,3.13,-31.44,1
103440,39.93,225.15,238.36,1,0,7,30.85,86.76,2.12,-18.12,0
103441,37.37,494.33,116.2,2,1,0,34.73,150.43,5.55,5.45,0
103442,26.55,180.07,388.63,1,0,9,19.52,56.79,1.4,-30.49,0
103443,37.29,269.32,158.04,4,3,15,11.02,27.65,2.03,7.91,0
103444,71.54,593.42,87.5,3,0,0,72.26,33.47,4.65,-6.54,1
103445,47.86,1648.26,199.62,2,2,28,50.91,404.06,1.86,-7.04,0
103446,20.94,287.15,112.71,2,1,4,6.12,62.87,5.21,27.14,0
103447,33.29,330.84,259.53,3,1,27,16.28,173.73,2.32,24.82,0
103448,24.36,108.05,606.82,4,1,11,30.6,41.31,5.28,-12.1,0
103449,29.4,221.09,116.79,2,1,17,23.75,100.2,6.08,9.62,0
103450,29.06,135.45,216.1,1,1,0,21.82,110.92,2.82,-1.43,0
103451,28.23,298.08,68.54,2,1,5,18.16,493.57,4.01,10.83,0
103452,19.9,149.41,231.04,3,1,23,9.8,74.37,1.86,-7.87,0
103453,33.05,131.84,110.59,4,1,9,23.18,58.74,6.06,-22.02,0
103454,27.2,198.25,127.65,4,2,0,27.02,111.09,5.83,-2.63,0
103455,9.37,42.88,98.22,3,0,14,6.99,51.67,4.69,10.17,0
103456,88.16,665.61,269.25,1,2,18,79.57,115.07,5.67,-4.07,0
103457,57.13,260.26,313.24,1,0,36,68.06,87.16,5.8,10.38,0
103458,29.55,209.7,182.33,3,2,32,17.87,57.26,2.95,17.1,0
103459,35.3,359.59,111.89,1,1,10,29.15,121.08,0.95,15.68,0
103460,20.66,140.82,431.47,3,2,2,20.68,96.04,0.5,5.05,0
103461,75.07,432.2,119.13,3,0,7,38.79,142.02,1.71,-21.78,0
103462,82.2,636.94,54.81,1,1,2,65.31,242.57,4.23,-31.61,0
103463,37.56,372.55,231.61,2,2,21,45.75,66.61,3.69,6.84,0
103464,55.48,223.24,98.04,2,3,30,36.89,70.31,7.06,9.72,0
103465,37.87,302.01,310.04,1,1,34,38.52,40.14,4.89,-1.85,0
103466,19.18,259.43,145.96,3,1,4,13.71,123.03,3.17,1.95,0
103467,29.08,271.18,250.89,3,1,2,34.89,61.13,5.74,-3.42,0
103468,37.14,267.6,389.08,2,1,4,12.58,110.73,7.63,-0.97,1
103469,28.53,274.95,92.58,3,1,0,21.86,181.11,1.39,3.72,0
103470,31.72,278.41,131.85,3,0,0,12.06,59.69,3.35,11.56,0
103471,33.59,342.73,172.66,1,1,11,19.31,67.71,3.61,-0.32,0
103472,33.75,85.88,419.31,2,0,18,19.35,165.42,3.64,-1.73,0
103473,35.83,115.36,125.32,4,1,20,24.48,137.59,9.21,-4.16,0
103474,21.72,251.24,129.8,3,0,0,9.84,129.11,7.98,1.47,0
103475,25.35,83.59,234.14,2,2,3,18.56,71.16,9.14,-32.04,0
103476,19.63,168.0,131.04,2,0,7,16.99,38.02,1.44,11.7,0
103477,54.35,319.02,195.75,3,1,5,19.95,58.72,2.69,-4.87,0
103478,13.57,57.72,76.68,4,1,24,8.02,49.11,2.51,-13.75,0
103479,58.82,490.39,608.4,3,2,0,81.48,127.58,7.04,18.66,0
103480,65.31,505.54,85.77,2,0,0,54.36,106.75,4.88,-6.11,0
103481,30.55,614.28,150.81,1,3,6,9.03,62.84,6.15,-17.7,0
103482,10.85,55.56,176.81,3,1,0,4.34,69.62,2.74,9.13,0
103483,29.75,427.83,515.4,2,0,0,23.99,119.73,2.08,-9.16,0
103484,34.0,283.89,86.86,2,0,0,26.36,74.31,1.73,-7.63,0
103485,22.21,111.72,535.92,2,0,7,13.4,63.51,5.87,10.86,0
103486,27.76,289.75,272.98,2,2,23,36.04,295.0,2.39,12.77,0
103487,69.68,647.24,226.41,2,1,23,97.88,64.72,0.83,-22.19,0
103488,47.21,336.43,104.73,2,1,40,32.29,134.42,2.04,-3.2,0
103489,23.09,184.63,246.43,2,1,13,22.35,113.9,3.83,-23.74,0
103490,17.05,88.57,120.91,4,1,16,16.73,36.08,8.68,-8.45,0
103491,30.21,139.94,361.27,2,1,7,30.63,59.88,4.32,-13.86,0
103492,31.79,325.36,105.52,3,0,8,18.76,147.13,2.09,13.79,0
103493,43.76,273.85,169.14,2,0,49,54.03,83.17,2.28,-18.41,0
103494,27.51,184.99,132.63,3,3,16,20.16,37.37,3.2,6.17,0
103495,44.06,354.73,104.57,3,0,18,37.69,114.03,7.54,-6.46,0
103496,83.61,668.29,270.61,3,1,0,62.75,63.46,5.73,-25.95,0
103497,50.52,173.05,241.64,2,0,19,36.12,116.9,5.58,-14.37,0
103498,34.25,456.11,349.99,3,1,23,28.07,451.45,1.35,-21.47,0
103499,32.23,239.71,67.63,2,0,31,14.62,113.21,1.05,-14.28,0
103500,29.81,188.56,323.19,2,3,23,7.67,129.95,3.17,-17.13,0
103501,59.54,516.96,714.05,2,3,9,41.48,77.28,5.98,-6.95,0
103502,26.39,207.94,140.41,3,1,8,13.98,45.97,6.62,12.38,0
103503,35.72,366.92,510.45,2,2,10,31.68,166.36,1.06,-14.77,0
103504,35.82,328.09,155.74,1,1,13,30.75,62.57,0.85,-18.99,0
103505,27.93,279.88,84.62,3,1,34,21.04,78.44,2.03,-11.07,0
103506,18.87,259.6,152.15,2,0,31,21.15,263.99,4.72,-6.53,1
103507,40.48,440.72,320.37,3,0,25,30.29,73.49,4.34,-13.68,0
103508,34.05,219.99,113.52,2,1,48,13.13,186.61,1.79,-21.42,0
103509,43.84,175.02,129.38,1,0,0,30.43,113.56,2.03,9.29,0
103510,27.53,443.65,249.49,3,1,3,28.71,64.58,0.81,6.65,0
103511,60.63,376.82,180.3,3,2,11,16.91,110.46,2.44,-3.48,1
103512,23.59,130.34,248.27,1,3,0,17.14,58.55,2.52,20.63,0
103513,75.62,222.14,205.15,3,0,0,67.6,154.88,1.62,35.1,0
103514,15.94,132.17,234.33,3,1,0,22.53,190.2,3.65,17.91,0
103515,42.56,320.97,141.91,6,2,6,44.78,92.69,4.58,-33.55,0
103516,43.35,142.26,204.47,2,1,28,33.95,201.4,8.9,2.68,0
103517,24.47,214.84,108.08,3,0,25,21.54,99.07,3.64,-13.76,0
103518,42.37,231.17,365.62,4,1,0,11.67,155.79,4.17,-7.37,0
103519,62.25,1672.71,126.99,1,0,15,30.35,528.76,2.22,-26.03,1
103520,12.91,67.97,334.9,1,1,36,11.78,397.37,2.14,1.94,0
103521,43.89,247.13,158.3,3,1,0,34.68,80.66,2.53,23.97,0
103522,11.4,51.52,201.15,3,1,9,9.37,107.33,2.93,-2.98,0
103523,22.66,300.56,137.1,4,0,17,17.19,47.82,3.22,13.24,0
103524,72.86,423.26,102.94,2,2,12,54.55,145.33,5.75,3.16,0
103525,26.94,131.24,68.95,1,2,27,20.9,113.67,2.06,9.45,0
103526,20.64,205.71,100.74,1,1,0,10.03,56.57,2.44,-36.04,0
103527,32.02,112.39,150.63,2,0,0,22.18,183.45,4.2,4.47,0
103528,88.76,849.27,202.25,2,0,24,38.96,76.74,1.68,10.73,0
103529,15.35,261.83,313.77,2,0,0,9.13,65.84,4.07,23.55,0
103530,21.81,202.65,140.86,2,0,26,22.88,114.38,4.54,-23.59,0
103531,68.66,661.2,110.82,2,0,20,48.39,68.09,1.45,22.62,0
103532,80.75,873.28,81.41,2,0,25,72.59,88.31,1.06,-6.95,0
103533,33.41,549.81,234.39,2,1,3,26.02,256.61,1.44,0.83,0
103534,20.04,256.89,385.18,1,1,21,13.1,62.24,4.83,12.16,0
103535,89.88,783.85,361.2,3,1,0,44.75,134.97,3.28,11.88,0
103536,71.73,788.95,265.98,2,0,4,46.62,63.42,3.3,-27.84,0
103537,47.51,213.54,255.74,1,1,12,37.81,50.19,5.32,-0.26,0
103538,24.28,250.59,457.9,4,0,0,21.73,85.7,4.01,-17.89,0
103539,34.24,144.95,216.07,2,0,15,26.72,450.55,4.93,-1.19,0
103540,32.56,189.73,256.81,1,1,0,29.71,143.85,1.24,-11.12,0
103541,40.62,60.88,150.89,2,0,16,15.03,118.75,5.75,-26.91,0
103542,67.24,575.32,85.1,1,1,43,65.0,65.7,2.4,-17.2,1
103543,51.99,263.77,123.57,3,1,0,24.33,71.45,6.62,6.42,0
103544,21.55,262.96,179.1,1,0,11,21.46,36.96,1.46,3.21,0
103545,65.02,553.23,186.12,3,0,0,56.94,264.23,2.14,-18.51,0
103546,40.3,494.83,519.26,1,1,0,11.38,105.76,6.63,-10.62,0
103547,47.68,194.15,188.23,2,3,24,44.55,100.38,5.8,1.72,0
103548,67.71,796.63,344.23,3,0,4,67.63,101.71,4.38,2.37,0
103549,21.22,425.8,141.69,3,1,25,22.59,315.42,5.61,8.15,0
103550,34.44,353.26,151.64,1,2,18,19.21,107.72,0.9,1.47,0
103551,27.56,286.37,86.66,2,0,10,21.9,80.18,2.28,6.87,0
103552,17.28,131.7,119.66,2,2,0,15.96,264.88,4.04,-2.98,0
103553,40.91,220.29,240.52,1,0,24,38.21,83.26,5.88,5.5,0
103554,108.37,1109.93,180.75,5,0,17,92.37,32.62,3.7,22.07,0
103555,15.29,50.41,302.35,1,1,0,9.84,36.0,4.5,21.58,0
103556,34.5,195.95,198.87,1,1,0,34.39,80.22,2.17,-1.45,0
103557,46.69,134.82,148.28,2,2,0,46.62,107.21,6.92,-19.55,0
103558,36.99,182.15,586.7,2,0,0,26.32,147.37,6.2,18.17,0
103559,33.26,320.98,170.94,1,1,6,18.43,51.87,1.88,-37.25,0
103560,19.51,175.79,341.25,3,1,0,11.08,78.62,8.38,5.8,1
103561,38.87,279.07,144.36,1,0,0,42.41,55.37,3.81,5.28,0
103562,24.9,189.79,265.93,2,1,37,24.59,175.57,2.68,-1.28,0
103563,13.06,35.62,299.87,1,1,30,9.73,194.27,1.6,3.94,0
103564,59.91,348.12,201.87,2,1,0,41.95,291.42,0.5,-21.81,0
103565,53.87,268.23,49.3,3,0,26,16.59,111.13,4.42,-17.76,0
103566,35.82,180.36,181.82,2,0,33,26.11,275.61,4.04,-21.2,0
103567,38.8,366.55,354.15,3,0,23,17.55,59.39,3.48,-19.36,0
103568,56.76,258.38,240.58,4,1,17,44.82,102.45,6.08,-12.55,0
103569,38.72,200.31,230.02,1,0,31,40.51,47.62,9.37,-4.66,0
103570,52.57,129.61,69.81,3,1,25,26.54,126.95,3.2,12.96,0
103571,30.61,185.0,121.11,3,1,0,24.79,106.77,5.3,27.34,0
103572,63.16,256.65,225.7,3,2,8,63.13,20.65,4.82,-14.42,0
103573,40.44,294.48,225.58,2,3,2,32.55,175.14,1.11,-3.13,0
103574,38.19,166.17,351.08,1,0,32,23.64,150.36,0.58,-0.52,0
103575,19.76,145.77,166.21,2,3,1,14.87,64.48,3.18,-15.34,0
103576,39.82,259.32,225.01,1,1,0,39.4,106.54,3.36,-8.94,0
103577,24.07,388.74,181.63,1,0,30,19.63,36.73,1.94,23.39,0
103578,26.26,235.72,104.6,3,1,16,19.67,56.69,5.0,15.96,0
103579,24.25,67.66,52.05,2,0,50,25.2,245.0,3.11,17.81,0
103580,21.66,80.56,228.15,1,1,0,19.03,45.02,5.28,6.3,0
103581,91.06,655.25,198.07,2,4,2,40.91,90.52,2.71,10.72,0
103582,63.72,280.18,128.12,1,2,32,57.85,38.94,2.17,3.45,0
103583,83.06,131.79,73.88,2,0,0,82.01,110.23,2.59,21.98,0
103584,20.19,277.47,254.5,2,1,35,8.9,126.15,2.95,-45.77,0
103585,36.14,362.65,155.51,1,2,0,6.61,138.97,5.79,-18.42,0
103586,19.56,177.62,244.51,3,1,22,9.57,119.18,3.85,-24.18,0
103587,25.59,132.23,501.79,2,0,0,18.54,211.86,1.22,-12.24,0
103588,23.15,200.73,55.43,1,1,12,23.21,64.55,3.58,-1.21,0
103589,61.14,300.93,122.51,5,4,0,32.24,47.7,6.74,-4.16,1
103590,29.28,227.1,160.42,1,0,46,26.03,63.28,3.35,-14.8,0
103591,56.61,250.07,400.66,1,1,0,1.52,40.13,1.45,0.54,0
103592,45.93,686.26,73.18,4,0,0,36.52,94.36,2.84,3.19,0
103593,98.69,315.06,522.01,1,1,21,63.98,82.77,3.6,5.93,0
103594,17.99,233.14,193.96,3,1,1,22.93,119.86,1.5,9.43,0
103595,61.68,440.26,170.74,1,0,24,17.08,34.13,2.61,-11.36,0
103596,58.63,321.32,161.42,2,1,0,43.76,89.3,4.28,13.02,0
103597,22.59,171.87,141.6,4,0,0,6.22,186.51,1.22,-3.08,0
103598,55.07,556.21,320.35,2,1,11,33.73,126.87,3.31,9.29,0
103599,40.72,564.48,100.01,3,0,0,13.22,28.86,3.56,-11.47,0
103600,31.59,258.65,217.66,2,0,19,41.87,89.37,4.58,23.75,0
103601,24.16,108.33,145.72,1,3,27,15.97,57.98,3.14,5.57,0
103602,25.32,182.27,118.37,3,0,21,17.66,90.7,1.73,-0.31,1
103603,88.04,1528.54,746.39,3,0,23,65.09,71.62,5.31,-20.19,0
103604,35.01,480.78,226.66,1,0,0,16.35,255.54,5.31,14.3,0
103605,49.76,548.73,252.21,3,1,3,50.45,94.75,4.31,-18.27,0
103606,24.52,255.49,336.55,3,1,7,22.31,108.84,3.97,31.26,0
103607,24.64,244.7,82.37,4,0,38,24.14,87.65,3.02,8.99,1
103608,56.95,711.61,471.88,3,0,1,25.37,119.64,1.01,-21.57,0
103609,19.07,106.23,45.29,3,1,0,19.71,79.02,3.23,1.2,0
103610,29.03,103.22,117.94,1,1,0,29.18,143.15,7.99,27.51,0
103611,35.54,257.51,139.84,6,1,0,24.59,71.14,5.13,-2.2,0
103612,36.8,171.16,247.87,1,0,0,35.83,205.55,2.99,-7.37,0
103613,32.29,133.37,203.01,2,0,29,26.42,121.23,5.53,2.66,0
103614,41.82,204.23,164.22,1,0,0,14.7,82.13,1.3,-13.32,0
103615,47.81,1159.45,178.82,2,0,20,33.67,149.17,5.41,18.01,0
103616,48.71,365.0,105.11,2,1,0,30.67,120.98,5.66,-14.84,0
103617,22.46,188.41,79.0,2,0,39,17.32,147.85,4.33,4.48,0
103618,30.8,117.0,268.42,5,1,7,30.96,94.75,2.55,16.76,0
103619,59.92,166.84,263.62,2,0,3,20.35,77.87,3.2,-1.16,0
103620,52.35,243.31,430.28,1,2,21,33.46,97.61,7.35,17.36,0
103621,18.87,271.12,116.56,4,1,0,10.28,66.66,2.87,-4.83,0
103622,41.0,339.19,263.49,1,0,22,22.77,161.97,2.54,-18.9,1
103623,14.37,135.69,153.99,5,1,3,7.82,217.31,3.3,9.13,1
103624,35.75,362.01,346.44,1,0,1,27.42,127.39,1.38,3.05,0
103625,82.22,428.19,315.78,1,2,10,72.41,210.76,2.37,-16.38,0
103626,22.85,320.12,202.17,1,2,0,19.12,176.96,0.78,-3.3,0
103627,24.04,122.66,149.34,1,0,8,19.15,76.62,4.25,-16.62,0
103628,49.36,697.98,305.35,5,0,18,44.69,148.6,5.4,-2.09,0
103629,17.48,152.65,256.92,2,0,0,23.51,41.68,1.8,32.24,0
103630,26.33,75.34,123.53,1,0,31,20.64,100.63,2.43,12.38,0
103631,45.78,220.45,86.72,4,0,26,46.02,44.27,7.59,7.4,0
103632,26.31,75.44,153.59,1,1,0,26.07,84.27,2.45,0.53,0
103633,31.47,394.14,414.24,2,0,0,37.59,37.94,6.76,13.74,0
103634,48.92,338.25,338.16,1,1,27,43.55,173.54,1.42,-0.84,0
103635,42.31,97.2,97.63,4,3,25,22.8,71.01,3.9,-28.89,1
103636,39.47,333.35,94.7,7,3,23,32.61,155.03,3.81,-22.09,0
103637,30.05,160.79,362.87,1,1,0,24.42,86.01,3.72,-10.23,0
103638,41.34,137.81,96.39,1,3,44,39.43,29.76,3.04,-8.32,0
103639,33.1,536.23,238.19,4,0,0,17.6,67.31,1.5,-1.62,0
103640,43.01,317.64,128.27,1,0,16,45.87,65.46,2.14,15.8,0
103641,27.99,169.17,438.05,2,2,16,21.03,89.21,3.05,3.84,0
103642,32.24,184.82,117.83,3,1,40,30.94,222.43,3.38,0.67,0
103643,22.42,73.64,337.58,2,0,14,18.55,245.67,3.44,-18.54,0
103644,34.45,125.62,199.26,5,1,19,26.9,78.34,4.37,-4.31,0
103645,24.3,323.36,206.78,1,1,10,19.64,42.25,2.52,-11.3,0
103646,21.2,117.1,60.9,2,1,0,19.46,57.59,2.02,-17.34,0
103647,39.32,278.3,53.59,4,0,0,48.74,120.01,1.62,-48.02,0
103648,38.52,97.01,159.44,2,2,12,9.46,84.34,8.22,-19.75,0
103649,49.78,180.28,206.18,2,1,0,44.06,34.97,4.69,24.17,0
103650,28.83,273.73,96.94,4,1,18,21.94,66.53,3.27,15.48,0
103651,42.05,355.58,98.91,2,0,14,29.68,197.7,1.7,-14.8,0
103652,44.84,754.31,245.12,1,3,14,7.14,107.25,1.11,-9.25,0
103653,42.76,585.75,245.31,2,2,0,38.27,92.59,2.55,35.71,0
103654,24.14,150.56,166.87,4,0,30,17.35,71.27,3.1,33.7,0
103655,37.43,331.94,276.46,1,2,20,20.27,68.29,1.02,1.23,0
103656,41.23,246.37,94.36,2,1,0,31.36,124.73,5.31,9.22,0
103657,35.11,686.7,148.0,1,1,49,23.76,98.01,2.47,2.48,0
103658,13.69,170.18,445.54,1,1,8,4.3,142.94,9.87,-6.71,0
103659,37.62,286.67,186.89,2,1,0,29.05,124.94,4.9,2.15,0
103660,94.73,732.96,192.95,4,1,0,84.78,91.07,0.69,7.45,0
103661,29.76,429.09,639.85,4,0,0,18.24,113.33,0.85,13.79,0
103662,25.22,235.9,83.37,3,1,36,20.57,63.07,1.75,2.93,0
103663,41.4,631.8,278.94,1,1,31,32.17,87.44,5.87,2.71,0
103664,40.28,94.16,449.51,3,0,25,40.74,201.22,2.58,-20.97,0
103665,59.86,527.74,150.55,2,0,21,43.35,90.58,6.52,-14.38,0
103666,19.87,107.5,288.81,2,1,34,18.88,79.0,2.22,-29.17,0
103667,48.64,819.4,104.88,3,2,7,32.67,102.12,2.98,5.1,0
103668,45.65,692.39,123.38,1,0,19,56.69,44.72,1.86,-10.57,0
103669,32.83,233.62,222.45,3,1,0,21.04,102.75,4.7,-4.99,0
103670,40.76,614.91,279.27,3,0,9,23.59,249.0,1.76,-0.71,0
103671,55.62,949.63,333.44,2,0,20,40.32,55.4,5.43,2.52,0
103672,51.83,376.53,426.77,1,0,0,29.44,105.64,3.84,-30.56,0
103673,20.93,504.15,173.45,3,0,0,9.16,88.74,3.84,3.79,0
103674,50.62,348.86,347.04,1,1,14,47.18,87.39,8.1,-7.92,0
103675,34.0,213.77,149.11,3,1,10,1.0,86.45,1.52,11.21,0
103676,36.17,390.33,295.63,2,1,3,20.64,138.16,2.23,-6.8,0
103677,36.17,212.15,201.76,2,2,22,15.0,46.57,2.55,-11.17,0
103678,32.71,238.97,230.0,2,0,0,25.7,136.05,1.21,15.1,0
103679,59.84,847.46,227.21,2,0,0,12.13,93.81,1.44,-16.47,0
103680,33.71,238.22,74.47,2,0,33,29.9,31.25,1.44,-9.7,0
103681,21.15,63.43,97.0,2,1,30,19.33,113.04,2.33,-15.89,0
103682,29.32,246.62,190.44,3,1,1,10.02,96.37,2.04,-9.02,0
103683,37.93,187.45,71.16,1,1,10,30.26,53.34,3.95,23.23,0
103684,60.86,656.58,284.33,2,0,27,53.49,99.1,1.17,-20.17,0
103685,45.91,455.2,290.71,2,3,12,45.23,40.86,1.17,-5.81,0
103686,23.87,348.7,215.49,5,2,21,9.14,59.68,1.2,9.81,0
103687,107.09,1180.11,97.16,2,0,20,37.23,92.02,4.84,-5.35,0
103688,39.43,476.05,384.53,4,1,6,44.38,32.73,2.89,3.87,0
103689,62.13,311.26,551.93,3,1,21,33.83,45.1,4.76,-10.01,0
103690,32.69,342.06,195.17,2,2,0,20.21,49.34,1.4,-3.6,0
103691,44.49,833.38,238.35,1,0,19,40.41,94.38,4.82,-5.85,0
103692,51.07,253.33,201.12,4,2,10,23.37,117.29,12.18,-4.79,1
103693,60.55,1042.44,240.97,3,2,5,41.39,52.67,7.12,15.61,0
103694,56.33,299.59,168.54,1,2,0,54.8,50.93,7.89,-11.09,0
103695,51.82,236.93,176.61,3,0,14,20.46,97.78,3.57,2.65,0
103696,30.37,246.55,296.22,2,0,12,18.98,96.21,1.26,12.4,0
103697,27.06,270.95,653.96,1,1,0,12.67,59.13,0.81,6.28,0
103698,40.65,448.9,83.34,1,0,0,22.62,269.63,5.11,-6.06,0
103699,53.26,230.51,170.01,2,3,0,55.74,100.53,3.79,18.25,0
103700,31.66,275.42,94.04,3,1,7,34.87,81.26,5.53,0.42,0
103701,56.52,280.85,432.06,2,2,17,46.04,71.39,2.17,11.06,1
103702,67.29,223.74,130.28,3,1,45,59.42,164.86,5.7,-9.92,0
103703,23.17,101.96,81.39,2,1,11,20.3,124.82,2.49,6.79,0
103704,24.02,115.49,255.69,4,2,0,13.98,31.73,4.5,8.09,0
103705,32.86,298.53,469.81,4,2,8,26.6,59.28,6.86,-13.49,0
103706,40.2,500.59,259.29,3,2,34,17.13,68.84,2.53,18.36,1
103707,27.64,92.63,201.46,4,1,0,14.11,89.36,3.39,14.94,0
103708,64.32,536.86,225.42,2,1,32,46.84,131.12,2.55,-10.09,0
103709,42.36,164.64,391.94,5,1,15,20.53,47.36,4.45,-23.22,0
103710,35.63,341.57,111.29,3,0,23,15.38,85.81,4.28,-4.66,0
103711,18.34,94.04,169.26,4,1,45,10.49,249.48,1.19,-3.49,1
103712,19.36,80.12,140.33,3,0,0,20.07,91.58,6.3,-11.03,0
103713,39.72,414.7,94.69,2,0,28,45.25,59.34,1.1,-9.05,0
103714,13.41,69.97,150.26,2,1,10,9.95,40.42,7.04,10.46,0
103715,55.2,329.96,331.03,1,2,0,49.44,67.2,4.7,22.01,0
103716,32.6,75.2,245.82,2,2,10,19.85,47.11,2.2,9.73,0
103717,150.62,1692.44,256.55,2,0,42,35.18,71.03,2.6,16.78,0
103718,98.88,1043.44,195.1,3,1,36,52.07,124.6,5.55,-1.92,1
103719,32.26,226.41,240.04,3,2,0,21.71,92.02,2.68,-25.05,0
103720,33.36,108.81,115.89,2,0,0,26.2,67.48,4.9,-10.27,0
103721,54.78,702.01,151.82,1,0,28,39.7,30.73,7.04,-12.85,0
103722,75.32,377.87,200.05,2,3,11,51.19,148.27,6.77,12.77,0
103723,16.75,93.45,209.68,2,1,11,10.15,72.84,2.86,-33.51,0
103724,15.67,348.42,214.66,1,1,0,13.1,96.02,4.28,0.29,0
103725,26.45,130.26,166.81,3,1,0,10.82,52.08,2.69,-4.3,0
103726,45.49,461.55,146.26,2,1,0,43.24,70.42,6.01,3.42,0
103727,43.77,405.82,1022.22,4,0,0,26.41,63.55,1.25,-16.32,0
103728,56.64,481.9,296.39,1,0,0,71.75,40.43,0.88,15.48,0
103729,20.4,164.42,225.92,2,1,0,13.69,52.2,5.3,0.66,0
103730,12.34,104.29,158.33,2,0,0,7.78,89.21,0.88,-18.88,0
103731,51.49,412.95,140.44,2,1,0,31.38,107.66,1.88,-16.71,0
103732,24.11,164.45,167.51,2,0,30,15.25,59.71,2.25,-8.45,1
103733,14.11,210.31,211.46,2,1,0,12.73,43.74,4.7,6.02,0
103734,37.36,135.67,63.99,4,0,37,27.63,72.67,3.39,-13.4,0
103735,50.01,583.43,75.93,1,1,3,49.85,143.68,1.91,7.08,0
103736,33.13,349.85,126.81,2,1,19,28.69,51.23,0.5,-2.66,0
103737,28.48,282.71,201.72,1,1,20,21.59,90.7,2.44,20.3,0
103738,32.58,398.63,157.8,2,1,0,27.47,60.55,2.92,-10.8,0
103739,29.62,197.99,405.83,1,0,6,31.08,177.14,8.79,-2.84,0
103740,19.08,52.47,79.65,2,0,2,17.44,66.41,0.54,11.16,0
103741,25.37,171.32,119.07,1,0,18,20.81,133.89,4.12,-14.63,1
103742,44.25,188.71,415.3,2,0,9,37.87,165.48,3.4,-15.83,0
103743,40.45,196.39,193.46,2,0,0,18.68,226.94,3.54,-19.39,0
103744,37.75,141.98,292.84,3,1,14,52.58,39.96,0.77,6.8,0
103745,22.37,123.32,556.21,1,0,18,19.73,38.9,5.15,-23.68,0
103746,32.25,167.55,122.9,1,2,45,29.25,181.08,3.92,2.29,1
103747,13.14,28.02,170.43,3,1,13,9.76,164.14,1.5,-12.47,0
103748,37.93,376.79,154.95,3,0,12,6.66,62.16,0.5,-12.39,0
103749,66.58,1414.32,61.43,3,0,19,45.52,12.9,4.61,-30.35,0
103750,18.03,170.89,151.75,3,0,0,13.86,94.48,2.15,-3.53,0
103751,26.89,170.06,292.23,2,0,0,14.63,36.21,4.0,-13.2,0
103752,40.59,276.44,242.33,3,0,6,22.0,54.77,5.64,-5.25,0
103753,61.51,348.82,253.02,2,0,31,40.91,100.34,9.03,-5.07,0
103754,28.61,209.47,146.41,2,1,34,26.97,108.77,8.12,23.94,0
103755,25.63,176.13,125.47,2,1,0,27.27,232.43,9.76,-15.74,1
103756,14.43,66.34,361.78,3,3,23,11.44,71.96,6.54,5.56,0
103757,36.67,595.41,136.92,2,0,0,22.3,50.1,1.66,-7.17,0
103758,87.73,291.96,211.6,1,1,20,57.85,156.05,2.03,6.75,0
103759,39.65,397.52,196.92,1,0,19,30.73,112.85,0.5,-4.77,0
103760,34.65,230.59,402.18,1,0,0,27.88,72.38,4.95,24.65,0
103761,40.46,732.61,307.12,2,1,30,34.74,91.73,2.81,-2.89,0
103762,34.83,289.08,88.28,1,0,43,22.29,71.74,4.07,-0.48,0
103763,24.28,141.95,93.67,2,0,10,21.42,136.32,3.02,15.83,0
103764,50.69,313.53,247.49,3,1,14,43.73,247.79,2.37,-7.39,0
103765,38.74,276.66,173.74,3,0,38,25.23,58.24,1.35,13.48,0
103766,35.28,139.46,140.14,2,4,0,11.29,115.86,2.15,15.91,0
103767,22.57,107.65,314.68,2,1,0,11.93,35.94,2.25,-10.32,0
103768,62.92,180.43,199.55,1,1,0,71.85,47.29,1.88,10.08,0
103769,47.2,208.28,185.27,2,0,12,15.42,126.13,3.91,-16.4,0
103770,27.29,200.22,276.4,1,0,12,29.46,86.28,5.79,1.15,0
103771,54.94,446.82,146.44,3,0,2,17.46,46.26,2.69,-11.83,0
103772,27.98,72.8,426.51,2,1,6,15.58,90.47,4.43,-3.01,0
103773,24.62,160.89,116.69,1,1,2,16.16,152.5,5.16,8.28,0
103774,24.87,230.7,258.34,4,0,3,29.73,37.78,3.75,14.89,0
103775,15.77,101.78,396.06,2,1,0,11.93,256.65,5.31,-37.01,0
103776,43.27,220.65,84.39,3,0,0,30.14,126.93,2.07,-15.08,0
103777,15.35,87.46,149.03,3,1,0,7.92,128.46,4.42,18.34,0
103778,20.14,107.56,337.37,1,0,7,17.73,89.93,3.83,-2.0,0
103779,13.75,70.03,340.17,1,0,0,8.55,256.75,6.62,-2.48,0
103780,33.67,257.09,163.8,4,0,25,23.33,160.33,4.49,12.89,0
103781,32.71,725.93,120.17,1,1,1,21.6,72.19,0.84,-38.76,0
103782,30.21,145.82,304.52,3,0,9,28.1,141.78,1.97,-16.94,0
103783,21.89,130.72,345.13,3,1,5,20.59,57.97,5.49,12.85,0
103784,20.65,140.88,94.86,3,1,7,10.89,76.07,6.88,-27.21,0
103785,43.13,214.12,92.83,2,3,34,25.59,216.98,5.58,-1.46,0
103786,27.32,331.17,203.74,3,0,0,15.53,113.56,3.58,-32.92,0
103787,40.35,86.33,254.45,3,1,0,32.12,133.85,3.52,-10.09,0
103788,23.5,126.14,152.7,1,1,14,22.95,181.56,5.95,14.91,0
103789,37.97,400.17,261.54,2,1,3,30.35,125.05,1.78,-29.91,0
103790,62.92,380.2,121.8,2,1,18,12.73,55.32,4.36,-6.79,1
103791,45.56,211.58,56.25,1,1,24,42.83,243.86,1.79,11.31,0
103792,29.07,253.67,142.57,1,0,0,12.0,122.67,4.16,-14.95,0
103793,39.29,432.75,186.37,3,2,22,22.44,127.98,3.73,2.92,1
103794,31.41,244.27,154.66,1,0,0,25.11,93.07,4.27,25.23,0
103795,35.12,164.71,95.18,2,0,13,25.61,175.26,4.22,8.9,0
103796,30.23,265.82,66.31,2,1,0,29.27,283.95,2.55,1.17,0
103797,32.51,186.1,135.67,2,0,14,19.42,71.85,3.05,22.07,0
103798,38.51,391.23,294.91,3,3,11,19.57,170.56,2.08,0.19,0
103799,22.38,328.94,359.2,2,1,0,15.04,91.88,3.81,-4.0,0
103800,22.16,42.15,345.92,1,0,0,22.03,27.14,1.89,-17.83,0
103801,18.74,138.65,114.92,3,1,25,17.0,38.76,6.01,10.74,0
103802,17.03,50.06,95.43,1,0,3,13.15,116.09,3.25,28.64,0
103803,20.24,480.28,236.54,2,0,30,21.89,165.01,8.09,-34.04,0
103804,37.6,208.29,255.25,3,0,2,38.97,129.7,3.36,-14.62,0
103805,23.42,238.1,224.31,2,0,35,22.18,142.77,1.08,-3.27,0
103806,44.1,303.3,59.46,2,1,0,20.09,425.63,6.12,-15.12,0
103807,35.55,166.56,111.74,3,0,38,33.62,123.57,6.15,9.98,0
103808,14.43,63.71,177.08,1,0,15,10.09,76.77,2.59,7.27,0
103809,47.0,726.93,235.32,2,1,19,30.61,83.41,3.22,4.06,1
103810,50.41,569.12,274.51,3,0,0,29.21,240.04,2.02,25.55,0
103811,22.38,413.98,194.86,3,0,25,15.82,42.03,6.76,2.86,0
103812,42.29,304.32,215.92,1,0,25,25.1,189.16,4.41,-10.06,0
103813,23.81,192.44,188.6,3,0,6,18.86,90.88,2.01,-19.24,0
103814,36.57,223.99,262.45,1,0,0,25.85,54.65,1.32,5.16,0
103815,19.81,120.14,213.8,2,1,0,15.95,37.7,3.6,-18.83,0
103816,15.62,64.94,186.63,2,0,0,13.87,218.8,2.45,9.13,0
103817,29.46,215.08,155.3,1,2,20,19.93,53.81,0.71,-9.18,0
103818,33.1,156.17,188.23,2,0,3,18.73,93.43,1.4,-32.64,0
103819,29.26,255.51,234.98,2,1,3,7.27,50.15,4.61,13.23,0
103820,20.54,156.56,208.53,3,0,1,19.37,292.75,1.26,6.54,0
103821,29.24,236.31,221.94,2,0,38,22.5,95.46,7.59,9.97,0
103822,39.51,639.06,376.7,2,2,12,27.89,40.12,1.98,-25.3,0
103823,34.3,235.61,208.26,1,0,15,35.77,69.58,3.02,17.99,1
103824,38.0,388.29,125.97,2,0,0,16.26,207.62,2.64,25.86,0
103825,25.89,505.46,292.64,2,0,11,19.78,50.08,3.71,-16.66,0
103826,59.3,797.79,84.91,3,1,0,30.18,72.45,3.8,3.88,0
103827,20.62,256.87,99.3,3,1,18,18.84,183.48,1.82,-7.87,0
103828,43.59,261.73,216.52,2,0,0,8.43,110.52,4.03,-8.17,0
103829,59.57,467.75,239.12,1,0,25,56.65,43.3,2.69,2.09,0
103830,43.46,157.36,90.76,3,1,0,40.88,102.91,2.07,-10.83,0
103831,31.95,287.03,145.82,3,1,29,16.59,82.12,4.67,-4.58,0
103832,27.59,221.57,128.97,2,0,46,21.15,92.88,3.02,27.72,0
103833,55.79,395.12,137.73,3,1,12,29.27,158.82,6.7,-21.3,0
103834,18.45,215.84,302.46,2,1,35,15.81,103.98,1.67,3.07,0
103835,22.62,86.56,265.48,1,0,25,21.6,85.13,0.54,32.46,0
103836,29.27,463.96,178.12,2,1,0,14.6,82.65,4.04,-1.23,0
103837,61.09,671.21,133.31,3,2,13,26.01,171.72,1.69,8.77,0
103838,41.52,280.57,85.68,4,0,21,42.52,58.42,1.58,-13.37,0
103839,22.64,147.12,393.1,3,2,22,27.97,24.51,1.59,-15.11,0
103840,30.44,270.95,249.29,3,2,15,26.59,78.62,6.15,-22.11,0
103841,26.55,397.52,122.03,3,1,14,23.68,112.93,9.26,-0.62,0
103842,25.43,187.29,267.4,2,1,12,16.96,70.1,4.49,25.48,0
103843,54.37,409.02,173.18,4,0,14,43.23,65.67,1.55,7.56,0
103844,18.88,133.36,153.71,1,1,0,15.81,72.33,1.48,0.56,0
103845,72.19,1231.79,228.68,4,2,7,50.85,88.68,9.11,-8.21,0
103846,50.81,295.75,119.72,2,0,0,55.25,41.3,2.24,-9.38,0
103847,57.18,394.41,148.99,4,1,3,45.41,133.84,7.84,-14.53,0
103848,28.42,413.5,192.44,1,1,1,23.48,18.22,5.35,-12.73,0
103849,32.72,246.48,136.76,3,1,0,23.21,124.44,6.69,5.61,0
103850,18.36,226.98,260.07,2,0,0,13.5,108.61,7.15,34.47,0
103851,27.64,122.67,503.18,1,0,16,29.15,121.27,3.35,10.96,0
103852,43.71,276.1,118.88,3,0,6,34.37,28.3,3.25,-9.71,0
103853,62.71,922.15,72.03,3,1,4,49.69,107.29,2.89,-13.49,0
103854,21.27,106.15,59.86,2,0,0,16.92,64.99,3.64,-14.52,0
103855,29.69,192.7,165.7,3,0,6,19.56,235.36,7.8,32.34,0
103856,32.7,260.22,124.99,2,1,32,13.01,111.81,6.26,11.69,0
103857,18.68,79.72,201.8,2,1,32,21.35,44.42,3.03,4.18,0
103858,45.67,259.94,193.62,2,2,18,46.45,32.64,3.52,15.19,1
103859,25.27,187.13,74.53,1,1,6,26.84,62.24,1.63,8.59,0
103860,32.05,229.68,66.34,5,3,22,15.45,146.46,6.58,-34.57,1
103861,28.56,379.2,211.82,1,0,0,31.74,179.7,2.57,-17.56,0
103862,24.54,371.22,193.92,3,2,6,30.47,100.35,2.7,15.35,0
103863,34.89,159.18,142.42,1,2,0,35.28,94.43,2.53,30.63,0
103864,31.76,235.07,72.35,2,1,28,36.91,73.74,5.64,18.11,0
103865,29.61,290.34,233.28,2,0,26,28.11,88.85,4.15,-2.62,0
103866,25.22,376.77,362.31,2,1,11,13.58,186.65,1.19,5.87,0
103867,40.41,405.16,209.74,4,0,43,35.44,73.1,3.03,-16.17,1
103868,73.66,596.36,112.94,4,0,19,36.46,133.63,1.59,4.58,0
103869,37.27,364.12,184.47,3,1,18,22.39,65.55,9.1,1.96,0
103870,54.8,537.21,84.91,2,0,16,45.43,165.3,0.55,-1.82,0
103871,18.72,82.42,322.09,2,0,0,14.89,127.36,1.22,8.22,0
103872,37.58,289.64,188.29,1,0,0,32.53,161.27,1.48,0.51,0
103873,21.36,310.14,68.07,1,0,11,6.45,278.41,6.48,-44.54,0
103874,18.01,113.63,152.56,3,0,11,12.81,19.12,2.01,-11.0,0
103875,25.09,187.4,232.24,1,0,22,22.26,141.47,1.27,-12.1,0
103876,59.84,371.06,149.87,3,2,0,56.08,119.26,3.28,-4.2,0
103877,53.67,118.14,154.66,1,1,13,51.17,117.72,1.85,2.7,0
103878,39.04,276.14,91.79,3,1,13,31.74,103.98,2.1,4.37,0
103879,17.56,142.94,245.81,2,0,14,11.51,103.93,0.92,-5.15,0
103880,32.04,173.59,126.0,3,1,12,28.05,110.13,2.73,-3.71,0
103881,40.09,157.54,54.98,1,0,0,27.06,155.0,4.58,-37.27,0
103882,37.88,170.71,146.76,3,0,0,36.94,147.76,5.3,14.01,0
103883,15.27,156.59,308.77,3,1,0,13.08,88.66,3.01,0.63,0
103884,23.45,440.05,145.5,2,0,2,17.22,80.42,3.51,-4.54,0
103885,34.01,475.15,468.18,1,2,0,18.97,91.09,3.0,-6.49,0
103886,44.55,159.24,227.9,2,0,10,45.88,70.25,3.53,-24.26,0
103887,13.03,139.81,216.86,3,1,31,11.59,261.9,6.37,27.61,0
103888,32.54,163.48,167.73,3,2,25,41.51,41.99,7.15,-11.72,0
103889,37.33,195.29,173.37,2,0,20,32.91,141.13,0.97,-25.84,0
103890,51.3,285.03,155.72,3,0,29,46.3,140.63,4.26,-4.66,0
103891,47.81,476.31,152.43,2,1,0,18.34,65.47,5.56,-1.49,0
103892,45.49,514.42,241.03,4,1,3,37.65,107.49,2.71,14.9,0
103893,24.42,162.76,107.58,2,0,23,16.38,192.02,4.53,-4.16,0
103894,14.83,99.7,99.61,5,1,3,14.19,73.83,4.36,-5.85,0
103895,29.33,258.92,97.05,5,1,4,24.45,197.74,3.07,-13.49,0
103896,54.93,510.81,554.5,3,0,45,54.73,176.05,4.03,-24.45,0
103897,65.52,825.86,240.96,2,2,13,84.08,58.79,2.44,-21.89,0
103898,48.19,177.47,212.82,3,0,43,26.52,46.29,1.87,6.29,0
103899,42.46,300.21,100.62,1,0,0,41.89,99.39,2.81,4.85,0
103900,41.52,170.39,253.61,2,2,0,38.24,42.76,2.96,12.48,0
103901,27.25,185.96,168.82,2,1,19,33.92,15.75,2.71,-4.56,0
103902,33.01,206.36,202.5,1,2,13,30.58,67.1,1.2,20.67,0
103903,74.18,507.23,105.19,1,0,0,66.78,331.74,3.04,-15.85,0
103904,22.9,107.47,196.59,2,1,7,22.05,68.82,3.47,-8.56,0
103905,72.38,240.87,142.57,4,2,56,70.96,113.01,6.12,-3.58,0
103906,30.28,74.38,118.14,4,2,16,33.72,136.98,4.89,-3.72,0
103907,63.55,416.59,269.54,2,1,22,34.64,87.8,5.13,-14.36,0
103908,18.58,104.87,77.26,3,0,0,12.11,73.67,1.72,-16.9,0
103909,45.56,227.45,245.57,1,1,16,53.93,188.11,4.97,-37.27,0
103910,25.12,340.69,262.28,1,0,11,6.54,92.18,3.82,21.52,0
103911,18.51,84.32,110.96,2,0,32,13.49,85.2,4.26,-1.75,0
103912,38.62,548.95,114.64,2,1,31,30.41,145.23,1.57,-7.42,0
103913,55.13,869.09,159.22,2,0,19,38.91,48.52,5.1,-13.9,0
103914,23.93,63.15,210.2,3,1,13,27.41,42.18,3.87,-0.62,0
103915,17.83,130.7,165.49,3,0,0,15.49,33.95,2.49,-4.39,0
103916,33.58,192.5,228.47,1,1,0,21.94,126.55,2.66,23.96,0
103917,33.65,54.93,474.66,3,0,13,19.9,81.58,3.17,-9.29,0
103918,44.79,152.27,136.14,2,1,27,36.75,147.77,3.33,-6.71,0
103919,53.66,553.38,70.08,1,1,35,55.89,92.79,1.08,9.46,0
103920,34.08,654.66,283.5,3,0,0,26.74,39.54,2.66,7.95,0
103921,80.67,886.76,454.31,2,1,0,57.79,72.71,3.37,-20.07,0
103922,38.72,318.61,223.4,1,0,28,22.31,154.14,4.47,5.98,0
103923,29.95,207.41,98.96,1,1,0,25.26,76.9,2.59,16.16,0
103924,16.95,275.17,168.14,1,1,0,14.06,183.44,1.58,19.66,0
103925,31.1,637.26,97.3,1,1,3,17.69,68.56,3.99,-20.47,0
103926,30.08,157.03,256.35,3,0,2,30.28,138.58,1.05,-2.49,0
103927,53.92,138.85,85.61,3,3,35,63.44,30.88,4.94,-18.33,0
103928,43.1,105.67,152.61,2,2,27,32.85,78.57,6.44,10.89,0
103929,20.59,279.08,103.6,2,2,0,16.99,71.35,2.56,0.32,0
103930,37.82,258.59,193.0,4,1,37,17.92,38.9,4.51,16.03,0
103931,47.35,363.24,147.15,1,0,14,44.24,175.38,3.19,6.02,1
103932,69.61,199.05,198.38,1,0,31,60.29,61.3,1.71,-15.64,0
103933,52.18,250.65,182.23,2,2,35,34.88,57.62,6.1,-0.77,1
103934,49.29,297.64,104.62,1,2,7,27.81,196.49,1.12,-13.23,0
103935,35.96,279.28,254.1,2,0,22,43.58,99.15,3.54,-18.1,0
103936,41.68,239.06,175.24,2,0,4,35.25,143.69,5.27,-9.69,0
103937,61.41,255.92,104.51,3,0,28,31.97,32.4,6.05,0.88,0
103938,19.21,90.85,617.37,3,2,13,18.52,55.74,5.95,-16.51,0
103939,29.91,383.05,233.92,2,0,29,24.15,314.71,1.8,-0.16,0
103940,24.72,195.58,165.45,2,0,39,18.91,150.24,3.36,-22.23,0
103941,41.51,394.63,392.02,3,0,21,41.29,47.27,3.91,-30.51,0
103942,60.88,271.9,495.69,1,1,10,5.89,103.01,2.17,24.77,0
103943,26.75,42.76,166.17,6,0,10,7.98,49.52,8.58,-8.11,0
103944,11.94,64.33,217.9,1,1,0,13.07,207.7,4.03,-5.03,0
103945,29.07,131.96,104.54,1,2,0,20.87,23.06,2.34,-7.48,0
103946,52.79,440.02,166.0,2,2,28,33.96,106.16,1.02,5.65,0
103947,44.58,1613.33,161.33,3,0,29,18.53,105.21,1.07,0.43,0
103948,42.44,420.53,199.26,1,1,0,33.88,46.17,8.16,11.37,0
103949,30.86,848.31,216.15,1,0,14,25.59,76.4,3.34,2.21,0
103950,19.68,183.11,244.9,2,0,8,21.85,112.75,0.65,-2.33,0
103951,44.13,225.47,205.13,5,0,24,37.21,30.97,1.74,13.16,0
103952,24.04,200.29,92.49,2,2,51,16.21,41.77,6.28,-7.59,1
103953,93.52,1594.67,107.43,3,0,24,79.63,82.0,4.68,-2.81,0
103954,45.24,790.58,133.28,2,3,0,46.48,54.6,1.31,-5.78,0
103955,26.95,141.5,154.12,2,1,10,26.22,68.17,2.85,18.53,0
103956,26.58,211.18,320.82,3,0,37,24.07,88.92,1.6,3.02,0
103957,33.57,114.98,94.95,1,2,0,27.48,52.12,2.86,-1.01,0
103958,31.42,332.23,147.88,1,1,0,19.0,88.58,4.97,-34.66,0
103959,57.85,880.52,304.03,4,4,24,28.45,107.62,1.13,3.36,0
103960,38.06,271.79,152.63,3,2,35,17.21,143.61,2.11,8.53,0
103961,25.18,126.26,231.87,3,0,22,21.37,42.62,1.66,11.74,0
103962,81.94,686.79,166.7,3,1,1,71.67,61.73,1.07,-5.03,0
103963,35.79,308.64,207.3,1,1,21,36.63,128.12,8.36,7.77,0
103964,49.47,360.61,158.74,1,0,19,44.05,36.99,2.06,4.84,0
103965,26.62,203.75,259.78,5,0,18,26.96,95.92,1.05,-32.44,0
103966,41.21,264.48,76.95,1,2,10,29.56,91.53,3.5,14.83,0
103967,40.26,463.7,147.4,4,2,12,37.95,19.06,3.15,-4.45,0
103968,14.95,151.26,211.89,3,1,0,7.47,66.9,5.7,1.55,0
103969,86.68,371.14,241.41,3,1,56,63.71,109.76,2.99,-11.35,0
103970,62.56,264.21,409.15,2,0,14,18.28,79.26,1.97,8.48,0
103971,29.27,180.43,145.17,1,0,21,22.18,67.71,4.05,3.44,0
103972,21.31,215.65,406.13,1,0,8,22.51,98.84,4.15,-27.03,0
103973,40.93,308.49,125.27,4,1,27,31.41,162.9,2.67,-12.28,0
103974,36.39,184.69,373.8,3,1,0,33.86,124.26,7.09,19.26,0
103975,41.07,327.69,282.19,2,3,0,33.61,57.19,2.08,9.96,0
103976,38.15,226.35,108.91,4,1,11,23.17,37.5,3.76,-6.95,0
103977,43.95,477.86,213.11,3,1,48,30.91,122.91,0.65,-6.76,1
103978,67.13,555.06,175.0,1,1,33,70.15,44.4,5.63,-15.3,0
103979,45.2,270.23,253.92,1,0,0,41.99,65.56,1.19,-14.47,0
103980,21.82,171.52,159.2,3,2,21,13.0,101.53,3.55,1.01,0
103981,64.62,873.0,152.01,2,1,0,26.05,179.06,2.86,22.61,0
103982,73.23,385.57,382.21,4,2,19,58.71,194.67,3.5,-6.72,0
103983,144.57,1237.7,170.49,4,0,21,87.4,93.34,3.1,-1.53,0
103984,21.11,142.66,283.58,2,0,28,14.9,66.3,3.53,-12.94,0
103985,39.04,338.34,159.02,3,0,0,15.09,43.79,3.38,-3.42,0
103986,13.71,69.2,450.17,4,3,0,13.85,291.48,2.44,3.13,0
103987,44.89,332.07,123.95,2,1,10,32.58,75.63,2.27,26.46,0
103988,27.35,333.11,128.4,3,1,0,20.89,135.17,5.88,15.61,0
103989,83.17,364.42,416.31,4,2,0,45.06,101.28,3.06,15.6,0
103990,24.7,88.94,140.93,3,0,16,16.81,66.85,5.65,-8.8,0
103991,16.37,60.06,434.22,2,2,0,12.78,65.17,3.76,-15.72,0
103992,28.31,110.37,293.97,1,1,52,16.89,39.25,1.11,-1.99,0
103993,14.39,135.63,165.32,2,0,2,10.01,176.49,1.75,-11.12,0
103994,49.07,170.09,66.4,4,1,7,53.81,83.72,3.39,-8.63,0
103995,13.82,83.35,178.1,2,2,17,4.32,212.21,5.38,2.14,0
103996,35.45,338.06,190.35,2,1,0,28.22,68.75,4.96,7.62,0
103997,13.74,118.46,342.04,3,2,21,7.61,75.26,3.54,16.07,0
103998,30.3,174.92,431.21,1,1,18,32.85,45.6,2.52,5.71,0
103999,73.32,564.67,123.5,3,1,5,51.68,74.66,2.8,0.23,0
104000,41.17,304.03,279.67,1,0,16,20.1,42.77,1.7,-14.21,0
104001,23.73,148.5,274.22,2,1,19,16.52,114.6,2.97,16.16,0
104002,34.51,217.41,324.84,1,1,37,28.9,96.01,1.05,9.7,0
104003,35.28,755.27,236.8,2,0,57,50.95,218.05,2.56,-8.38,0
104004,43.29,454.23,61.84,1,0,0,9.64,37.53,9.78,10.74,0
104005,18.92,457.83,165.25,5,0,0,8.52,186.68,1.91,-0.32,1
104006,45.7,249.49,95.33,1,1,13,49.18,50.04,1.41,15.01,0
104007,10.36,69.53,161.02,2,0,0,3.86,110.65,1.12,-5.57,0
104008,26.36,94.8,308.57,1,0,23,19.83,45.27,2.1,-5.03,0
104009,28.1,131.2,212.89,2,0,14,17.68,101.64,1.72,-25.8,0
104010,46.54,843.21,338.46,5,0,18,27.45,19.95,2.84,-8.9,0
104011,35.36,190.65,217.22,3,3,6,25.0,60.19,7.6,22.97,0
104012,18.59,339.81,88.14,1,1,16,12.4,95.92,7.24,38.04,0
104013,22.47,84.46,44.99,3,0,20,22.79,258.03,2.12,4.69,0
104014,38.27,158.21,195.35,1,2,15,41.41,25.1,4.0,-9.39,0
104015,33.78,199.35,160.02,1,3,0,28.93,89.88,2.97,-6.11,1
104016,26.97,182.87,105.18,2,2,15,18.64,65.93,0.87,-2.71,0
104017,28.19,313.07,70.64,3,2,45,22.96,28.51,6.23,-6.95,0
104018,47.88,419.86,120.16,3,1,16,45.54,45.83,1.05,9.86,0
104019,27.73,157.61,161.74,3,2,14,27.74,67.84,4.33,-22.62,0
104020,33.64,220.29,259.61,1,0,40,28.34,119.11,4.42,-1.52,0
104021,92.93,554.57,199.68,1,2,0,105.19,94.87,1.86,25.48,0
104022,18.44,81.72,435.89,2,1,28,10.99,40.95,2.87,13.67,0
104023,15.21,68.3,101.84,3,0,2,15.74,29.95,3.53,28.7,0
104024,49.8,582.78,292.23,2,2,31,46.12,115.63,4.76,-3.95,0
104025,25.79,72.37,184.74,4,0,26,15.41,80.05,4.0,-11.6,0
104026,30.33,476.63,263.76,1,0,4,24.51,236.67,6.03,2.77,0
104027,24.63,145.22,141.58,3,1,7,20.33,72.84,1.77,-13.44,0
104028,31.14,148.13,324.53,1,0,29,22.25,178.71,3.98,-9.71,0
104029,71.86,728.13,211.73,2,2,0,51.15,124.73,1.58,-5.14,0
104030,50.21,738.65,123.87,3,0,4,18.52,147.34,4.9,16.41,0
104031,51.59,631.49,178.81,2,2,23,29.8,116.66,3.71,12.11,0
104032,18.51,166.48,157.78,2,1,6,12.78,118.2,3.74,5.72,0
104033,20.85,251.31,235.57,3,1,14,12.65,22.75,1.98,-0.43,0
104034,9.75,28.95,94.07,3,1,0,5.23,78.07,5.9,24.5,0
104035,24.32,131.12,177.12,1,2,0,24.69,60.44,2.95,4.62,0
104036,53.83,238.93,223.72,2,1,24,38.98,192.91,1.02,-15.74,0
104037,44.17,570.32,183.3,2,0,0,57.05,49.34,1.15,0.62,0
104038,31.68,183.06,377.58,2,1,0,25.52,76.07,3.18,-16.09,0
104039,34.65,370.16,275.52,2,1,31,35.0,145.52,3.22,-9.77,1
104040,25.67,234.91,179.26,2,2,21,17.92,107.81,9.84,18.76,0
104041,38.38,174.56,202.78,2,0,0,22.44,99.5,7.17,2.66,0
104042,49.4,257.86,211.79,6,0,14,40.3,175.09,3.3,-0.26,0
104043,16.91,226.11,224.7,2,1,0,18.16,105.2,4.74,2.03,0
104044,40.05,190.25,65.95,5,0,9,29.15,64.9,1.36,-3.09,0
104045,53.25,396.74,152.49,4,0,15,45.88,41.35,7.14,-33.64,0
104046,29.04,137.44,79.56,1,0,0,23.65,120.52,4.5,9.15,0
104047,47.97,287.03,363.58,1,1,25,34.81,56.7,2.86,8.11,0
104048,124.21,849.61,174.08,2,1,28,91.7,77.88,2.36,0.76,0
104049,33.39,158.04,161.84,2,2,16,16.71,171.88,0.53,-12.32,0
104050,41.78,180.91,294.77,3,1,19,31.22,78.81,3.4,24.74,1
104051,25.11,202.81,227.06,3,1,0,22.93,68.94,1.88,-9.13,0
104052,37.97,174.24,96.76,5,0,36,31.29,76.1,5.09,-13.88,0
104053,43.05,200.95,173.12,1,6,10,34.27,77.34,4.66,-0.45,0
104054,38.21,167.24,149.7,4,2,0,35.58,49.65,3.05,8.65,1
104055,22.12,148.92,68.96,2,1,14,17.67,246.22,5.56,5.49,0
104056,38.41,430.94,123.14,2,2,25,28.94,64.73,10.4,6.62,0
104057,67.58,1004.77,162.72,2,0,21,63.11,144.09,3.59,15.85,0
104058,42.83,208.55,168.97,2,2,0,33.58,48.85,3.04,2.43,0
104059,53.96,1106.89,79.66,4,1,25,37.28,125.15,3.44,18.21,0
104060,31.46,133.25,339.13,1,0,10,27.28,99.63,1.65,5.56,0
104061,49.05,590.22,170.17,3,1,21,36.35,91.36,4.18,-3.17,0
104062,39.69,193.66,183.76,3,0,0,26.97,99.96,3.97,-8.57,0
104063,22.82,103.33,224.37,2,1,30,18.0,115.51,4.33,18.89,0
104064,40.39,194.85,116.69,2,1,15,31.98,78.54,3.66,7.91,0
104065,22.4,152.75,231.35,2,0,33,10.62,80.93,5.47,-6.84,0
104066,26.33,246.27,147.09,1,0,0,21.94,127.27,5.01,-8.46,0
104067,38.11,372.93,109.93,4,0,0,46.18,45.36,5.49,-17.29,0
104068,40.01,174.69,246.74,2,0,7,20.21,41.35,1.94,23.52,0
104069,20.5,87.47,408.86,3,0,38,12.8,100.2,9.11,5.26,0
104070,56.24,248.95,268.17,2,1,47,81.27,26.95,5.29,20.11,0
104071,45.27,299.76,299.05,2,0,0,24.65,32.79,4.12,29.64,0
104072,25.49,160.62,135.18,3,1,12,27.31,265.86,7.88,26.16,0
104073,17.52,76.27,74.76,2,1,14,12.14,228.02,9.88,-8.01,0
104074,32.79,262.66,408.52,1,0,24,25.09,63.9,5.07,41.63,0
104075,28.64,621.33,557.21,2,1,27,20.54,163.91,1.65,9.61,0
104076,36.83,200.3,420.52,3,1,0,31.54,167.35,2.67,-19.31,0
104077,29.72,167.52,149.65,7,1,13,10.55,119.4,2.99,1.89,0
104078,14.18,131.33,95.38,3,0,0,11.3,85.84,5.55,-0.24,0
104079,29.39,155.57,100.17,3,1,26,19.08,131.06,5.27,4.59,0
104080,30.5,298.33,71.3,4,2,5,8.67,145.27,4.77,2.64,0
104081,46.55,227.5,169.68,2,1,0,47.96,132.3,2.75,7.51,0
104082,25.56,447.25,435.32,3,0,17,5.7,35.52,4.53,-12.38,0
104083,74.5,619.58,166.51,1,0,5,95.89,304.8,7.31,2.94,0
104084,14.81,76.02,212.56,3,1,34,13.39,380.62,2.94,-8.21,1
104085,63.14,329.29,383.58,3,0,0,25.87,28.63,0.69,1.12,0
104086,31.64,171.3,144.13,2,0,52,34.31,122.29,2.88,-4.37,0
104087,51.53,716.55,551.42,1,0,27,28.98,307.12,3.38,-8.02,0
104088,36.28,134.67,538.4,2,0,35,20.82,164.22,4.14,9.47,0
104089,58.45,292.98,167.48,2,0,0,17.52,165.27,5.59,5.75,0
104090,29.4,155.42,131.02,2,0,44,15.7,37.97,1.12,4.53,0
104091,21.35,148.27,264.13,5,0,0,12.03,144.67,2.08,-8.47,0
104092,66.33,405.42,148.68,2,2,8,63.31,103.89,1.27,6.84,0
104093,33.26,110.45,95.28,3,1,35,34.65,143.7,6.27,-2.38,0
104094,38.67,221.64,364.18,2,1,21,17.01,48.35,5.69,-8.07,0
104095,61.01,406.31,351.43,2,4,0,49.88,47.32,3.62,13.17,0
104096,22.0,112.49,196.07,3,0,32,6.38,82.62,2.29,10.39,1
104097,45.76,451.52,89.87,5,1,18,37.46,71.69,10.39,-47.0,0
104098,26.84,297.53,91.53,3,0,4,34.64,81.89,2.51,-34.03,0
104099,32.98,221.98,190.93,1,1,0,10.06,67.5,4.99,21.58,0
104100,36.16,284.02,136.73,3,0,19,17.95,79.77,1.89,-20.71,0
104101,17.82,42.34,149.21,3,1,9,16.6,60.35,9.97,-21.68,0
104102,24.65,139.8,315.78,2,0,14,23.7,87.43,6.88,-4.14,0
104103,64.29,743.71,269.4,1,0,0,33.09,38.31,4.0,1.97,0
104104,52.15,295.4,384.11,1,2,4,58.32,122.52,3.59,-9.26,1
104105,34.03,164.75,104.39,2,0,20,18.58,105.23,1.75,-47.78,1
104106,39.05,853.64,149.04,3,0,45,45.62,42.21,3.89,0.33,0
104107,30.66,532.93,273.25,2,0,8,26.59,199.46,3.26,25.03,0
104108,64.44,569.93,230.3,1,0,37,68.81,54.8,3.89,-22.64,0
104109,31.98,395.66,418.12,4,3,26,26.95,183.68,6.5,22.73,0
104110,38.85,89.36,226.84,3,0,16,35.52,109.67,7.74,-6.18,0
104111,58.62,276.77,497.41,3,1,0,54.37,164.05,1.56,24.76,0
104112,24.67,136.52,242.25,1,0,0,25.56,100.04,3.3,7.36,0
104113,70.58,439.1,322.84,5,2,23,52.36,126.46,3.31,-10.19,0
104114,17.58,96.31,150.66,4,1,2,9.23,162.97,2.76,7.45,1
104115,72.87,142.53,181.42,2,0,0,53.21,282.63,2.7,17.68,0
104116,29.6,251.28,297.07,4,1,8,17.26,171.5,1.46,-23.92,0
104117,31.38,288.26,437.07,1,0,9,18.81,117.77,5.01,-0.35,0
104118,14.95,233.15,268.82,1,0,28,17.4,40.07,2.54,13.53,0
104119,28.52,134.62,171.95,4,0,2,25.83,21.12,3.11,-7.14,0
104120,21.92,99.31,383.94,1,1,26,19.6,83.23,3.03,-21.74,1
104121,26.63,48.8,53.91,1,1,19,27.11,58.62,1.01,28.73,0
104122,32.9,198.88,82.33,1,0,0,29.76,59.93,2.28,-29.09,0
104123,53.86,591.59,261.87,5,1,17,65.53,85.66,6.45,-6.72,0
104124,38.43,198.1,181.4,1,1,0,8.7,133.95,7.48,-3.08,0
104125,40.2,821.75,251.13,3,1,0,20.12,62.01,4.4,29.41,0
104126,21.38,131.63,186.49,1,1,20,12.29,154.0,0.71,-35.38,0
104127,23.55,177.4,246.41,3,2,11,9.56,91.83,7.34,-2.23,0
104128,78.63,278.42,115.01,2,0,0,61.19,92.05,1.59,-11.56,0
104129,25.14,203.17,246.34,2,2,0,19.86,277.22,1.52,-11.66,0
104130,73.75,191.88,311.03,1,1,0,91.73,100.15,5.37,21.46,0
104131,31.37,310.67,352.22,2,2,0,30.62,87.12,4.25,-16.59,0
104132,35.04,352.31,544.8,3,1,22,21.83,123.24,6.17,-20.85,0
104133,56.66,782.56,205.86,2,0,1,49.49,264.57,8.31,-19.65,0
104134,62.04,260.77,209.27,1,3,15,18.19,87.51,4.35,0.46,0
104135,33.3,252.57,77.88,3,0,12,26.16,117.17,6.94,-2.38,0
104136,29.39,272.72,134.38,3,1,12,22.69,84.34,1.57,-6.02,0
104137,34.13,298.04,161.86,3,0,30,17.9,84.6,3.81,-10.0,0
104138,40.75,185.06,320.74,1,0,8,28.51,67.07,6.56,19.31,0
104139,52.27,110.65,128.63,2,3,28,30.15,64.31,2.33,-31.54,0
104140,35.07,291.97,278.93,1,0,0,18.12,249.0,5.11,16.15,0
104141,46.24,299.92,179.84,3,3,32,42.48,64.55,6.75,-22.99,1
104142,73.16,385.75,163.29,3,0,0,73.78,35.71,3.41,14.11,0
104143,41.55,426.16,206.41,3,3,0,36.46,97.03,3.29,10.15,0
104144,40.27,275.63,145.16,3,0,0,25.79,165.75,5.51,7.46,0
104145,17.67,63.95,142.16,3,2,31,10.33,189.68,0.82,-3.36,0
104146,10.71,28.55,70.48,2,1,0,6.95,43.95,2.6,-8.44,0
104147,41.68,165.93,157.05,3,1,0,28.97,175.47,0.72,0.84,0
104148,33.54,776.73,138.24,2,2,0,17.84,309.57,3.86,14.89,0
104149,27.76,278.94,135.53,1,1,16,28.14,59.7,4.88,-6.77,0
104150,39.05,300.41,226.38,2,0,25,27.32,81.07,2.68,-9.69,0
104151,34.06,217.73,258.58,2,1,42,32.06,42.99,3.26,-2.64,0
104152,58.14,359.63,204.52,1,0,55,23.26,273.7,2.05,-5.9,0
104153,36.38,456.51,311.2,2,2,23,21.03,36.76,2.28,-4.45,0
104154,25.01,136.98,247.03,3,0,18,24.13,70.81,5.56,22.84,1
104155,54.65,510.45,153.04,2,0,0,52.92,144.12,3.04,-13.59,0
104156,31.74,186.67,139.54,3,1,46,14.26,59.7,3.05,16.92,0
104157,44.36,819.16,213.79,1,2,15,36.63,49.72,3.77,11.86,0
104158,28.23,286.45,246.79,2,0,6,23.5,87.22,9.21,-23.62,0
104159,26.13,340.91,388.3,2,1,18,14.97,377.63,5.0,-12.7,0
104160,36.35,189.98,346.58,3,2,0,30.51,77.19,2.99,-2.76,0
104161,35.2,418.26,133.64,4,0,0,12.49,79.48,4.9,-2.9,0
104162,43.44,260.05,170.18,1,1,22,22.51,46.08,3.98,-10.0,0
104163,31.01,229.38,260.35,2,0,36,27.91,113.39,2.92,13.2,0
104164,15.32,242.84,323.87,1,0,22,11.6,152.94,0.5,1.04,0
104165,28.81,119.72,301.69,4,2,11,22.19,62.55,4.91,-0.92,0
104166,50.03,387.65,173.79,3,1,12,35.33,124.12,6.1,17.44,1
104167,30.62,266.78,90.31,1,1,15,27.07,62.85,0.84,-12.9,1
104168,31.33,284.4,103.91,3,0,14,28.08,28.89,4.34,-10.65,1
104169,54.56,304.82,209.12,2,1,10,51.71,118.42,7.2,-7.84,0
104170,25.41,504.72,217.28,5,0,12,19.85,312.45,1.77,-22.94,0
104171,17.48,64.04,98.36,1,2,39,11.41,43.92,3.17,-2.33,0
104172,32.56,472.68,184.47,3,1,20,19.89,100.23,3.38,7.37,1
104173,28.15,361.74,254.71,5,0,13,13.67,197.49,6.7,-20.99,0
104174,22.66,410.3,95.56,4,0,23,14.71,84.66,2.04,-17.73,0
104175,32.34,102.33,330.53,2,0,23,19.35,38.23,6.22,-1.38,0
104176,43.66,197.95,146.25,2,0,29,50.23,92.46,7.88,3.14,0
104177,34.85,514.43,359.47,1,1,0,17.02,220.09,4.67,-5.72,0
104178,40.18,110.04,134.23,1,0,3,40.56,66.41,2.65,-7.89,0
104179,79.15,248.16,102.34,2,0,0,54.07,103.46,1.12,18.24,0
104180,30.0,164.48,139.91,2,0,25,20.95,47.83,3.02,-10.73,0
104181,39.67,305.67,170.82,1,1,24,33.73,84.79,2.32,20.7,0
104182,27.83,431.91,145.37,3,0,0,11.0,113.5,1.34,-10.46,0
104183,23.91,152.59,159.84,1,2,19,13.15,97.06,5.69,5.77,0
104184,26.9,138.92,216.29,4,1,36,11.83,69.47,2.61,-10.82,1
104185,28.22,230.79,163.83,1,0,7,18.48,117.4,4.65,-8.44,0
104186,41.15,364.24,173.57,1,0,17,21.51,134.49,1.41,-11.51,1
104187,100.73,879.16,70.31,1,1,25,108.72,139.93,2.84,8.93,0
104188,25.36,162.4,223.27,8,0,0,15.32,75.49,7.48,22.45,0
104189,29.02,76.42,171.38,3,0,14,4.51,62.0,2.58,-0.45,0
104190,34.02,150.51,436.43,4,0,34,22.67,292.27,2.63,-17.71,0
104191,41.82,595.56,107.36,2,1,1,39.81,97.75,3.58,7.42,0
104192,39.41,302.9,66.58,5,0,26,45.62,77.12,1.8,20.14,0
104193,62.38,371.61,252.87,2,1,12,43.2,37.1,4.41,11.07,0
104194,11.75,143.81,217.79,1,1,0,7.29,51.44,5.81,-22.74,1
104195,11.96,47.56,103.37,2,1,10,8.92,61.22,4.11,-11.15,0
104196,28.0,175.11,77.6,2,0,2,23.91,117.15,1.97,-14.22,0
104197,57.35,430.06,419.27,5,0,0,26.83,72.68,2.8,-1.11,0
104198,17.3,97.13,391.79,2,1,7,11.92,90.82,4.6,6.61,0
104199,9.04,66.57,45.83,1,0,13,6.67,38.09,5.54,14.72,0
104200,45.26,288.43,139.9,3,0,9,34.46,209.03,7.03,4.01,0
104201,39.06,135.81,449.56,2,0,7,27.88,57.82,2.05,20.72,0
104202,21.43,164.25,138.53,3,0,16,11.06,103.64,6.44,25.74,0
104203,22.46,80.93,137.43,2,0,21,18.75,65.46,5.33,19.53,0
104204,22.62,172.03,154.07,1,0,0,16.72,74.36,5.69,-12.11,0
104205,36.78,511.87,97.17,2,0,7,27.16,55.89,4.68,8.46,0
104206,26.4,160.6,70.48,1,0,0,12.66,107.51,1.71,6.25,0
104207,43.71,170.35,321.13,3,2,9,39.78,49.98,3.42,26.41,0
104208,9.69,63.64,65.32,1,3,14,4.97,108.68,0.83,45.06,0
104209,23.8,109.91,206.22,1,2,22,27.47,83.81,3.84,-7.63,0
104210,21.09,198.7,293.12,3,2,14,9.6,131.34,2.69,1.57,0
104211,31.19,202.74,81.03,1,1,21,29.33,139.35,0.5,0.22,0
104212,27.47,452.15,108.27,3,0,13,7.5,74.39,1.8,16.71,0
104213,50.12,627.52,350.8,3,0,0,9.29,112.1,14.04,-3.07,0
104214,15.16,98.3,241.3,2,1,0,9.27,68.78,1.88,9.21,0
104215,35.72,357.64,128.18,2,2,7,6.61,198.24,1.72,-0.56,0
104216,45.0,258.76,348.69,3,0,0,41.96,72.56,6.19,-23.76,0
104217,80.71,574.63,349.52,2,1,9,60.09,79.74,2.13,-1.38,0
104218,28.18,164.64,208.71,2,1,3,31.0,67.93,2.48,2.14,0
104219,40.5,415.92,109.71,2,1,19,28.68,57.97,4.72,3.1,0
104220,15.54,222.74,143.39,1,0,12,12.6,304.91,3.25,14.7,0
104221,11.93,124.49,210.71,5,1,20,8.15,120.5,3.27,-6.98,0
104222,51.19,568.14,162.26,1,0,19,27.21,93.75,1.81,-16.52,0
104223,34.91,387.72,301.68,2,1,8,22.63,67.63,5.45,20.69,0
104224,59.48,548.52,77.6,1,0,9,26.71,175.51,4.52,-7.49,0
104225,18.87,74.71,79.13,2,1,21,15.98,64.87,1.87,2.29,0
104226,44.23,724.66,198.83,2,2,56,29.77,96.76,3.34,0.42,0
104227,81.15,1400.29,137.36,1,1,0,58.83,337.51,5.1,-23.4,0
104228,42.28,263.27,127.5,2,0,12,61.55,50.68,2.2,21.43,0
104229,39.64,230.53,68.07,3,1,0,25.74,124.41,3.56,3.95,0
104230,35.14,334.06,181.95,2,0,11,29.11,107.01,0.79,8.8,0
104231,17.26,159.14,174.85,4,1,0,12.71,123.56,4.99,18.53,0
104232,64.42,407.6,257.85,1,2,9,66.95,75.86,2.14,-2.43,0
104233,26.59,99.62,186.95,2,1,14,21.53,63.08,3.63,8.59,0
104234,43.92,358.21,167.34,2,1,3,29.96,103.1,5.34,2.28,0
104235,17.32,159.75,343.88,2,1,0,22.92,68.46,4.15,11.62,0
104236,20.59,207.14,87.45,3,3,37,11.01,22.22,1.67,-5.76,0
104237,66.76,556.51,241.77,3,0,27,46.84,54.88,2.51,23.42,0
104238,29.94,182.99,71.8,1,1,9,29.31,74.43,4.31,-17.24,0
104239,67.31,774.51,113.51,2,3,0,36.72,47.14,0.65,20.49,0
104240,33.79,244.44,92.39,2,0,13,31.81,98.53,4.08,21.73,0
104241,15.28,84.77,276.73,1,1,18,9.63,57.13,1.75,4.51,0
104242,52.29,334.41,173.64,3,2,25,52.33,87.68,4.58,-1.25,0
104243,26.84,78.48,178.67,2,1,27,26.69,330.48,3.97,20.36,0
104244,47.93,306.29,97.93,3,1,30,34.87,187.92,5.66,13.9,0
104245,35.4,349.61,152.65,1,0,0,17.7,128.34,5.21,-12.69,0
104246,17.48,145.0,118.28,1,0,6,11.4,266.49,5.25,8.07,0
104247,37.69,564.26,222.26,1,1,29,28.12,86.16,3.45,-3.95,0
104248,94.03,577.13,104.36,1,1,0,91.41,86.69,3.29,6.2,0
104249,43.69,390.24,374.03,2,3,33,36.27,47.77,5.67,8.78,0
104250,34.11,354.87,71.62,3,1,44,30.17,193.78,3.22,-12.28,0
104251,56.78,1282.53,115.51,2,0,33,47.55,291.2,2.17,-21.38,0
104252,38.48,289.58,452.78,2,2,23,37.0,155.13,2.97,-8.97,0
104253,38.46,159.73,141.69,2,0,3,26.92,211.42,3.35,18.47,0
104254,21.42,229.06,87.34,4,2,17,16.94,17.42,2.1,1.65,0
104255,38.88,691.84,203.05,2,0,0,29.44,366.36,2.88,18.85,0
104256,55.77,332.27,138.59,1,1,0,35.72,84.54,2.04,26.21,0
104257,24.03,256.1,113.66,1,1,0,24.1,369.96,2.92,1.75,0
104258,66.44,859.75,98.52,3,0,13,66.29,254.37,2.05,7.09,0
104259,33.59,390.93,825.15,3,1,4,35.31,143.06,2.07,12.4,0
104260,23.47,174.96,156.74,4,0,16,13.12,73.26,1.56,-30.78,0
104261,54.83,270.68,62.42,3,0,27,45.93,98.96,6.42,-9.92,0
104262,30.76,206.76,409.32,2,1,0,31.47,28.61,4.12,-0.91,0
104263,49.26,433.69,251.9,2,3,14,55.45,157.32,5.42,16.15,0
104264,30.69,338.35,118.08,2,0,4,11.44,19.43,1.21,-22.09,0
104265,34.07,281.83,107.74,2,0,15,25.53,75.23,7.65,11.04,0
104266,43.7,253.0,260.7,1,1,24,30.71,227.18,1.94,-8.14,0
104267,39.9,368.65,157.14,3,1,28,45.79,138.69,2.05,7.91,0
104268,14.26,153.44,62.41,3,1,24,2.82,35.94,7.84,-5.93,0
104269,21.13,178.84,481.03,2,0,19,10.32,40.27,2.68,-4.21,0
104270,53.17,245.03,141.78,1,2,0,58.93,62.89,2.96,-7.6,0
104271,32.98,210.84,409.74,2,0,0,20.86,94.33,0.79,-5.85,0
104272,27.65,310.91,363.62,1,0,0,11.74,152.28,3.28,18.0,0
104273,18.99,66.58,103.79,4,2,18,21.42,129.32,1.74,-15.8,0
104274,21.53,52.92,317.73,3,0,0,8.44,47.68,4.73,-21.16,0
104275,14.09,209.66,125.8,2,1,18,14.17,130.46,4.39,-18.11,0
104276,33.44,302.29,64.47,4,0,16,12.04,139.07,3.52,-8.22,0
104277,26.74,253.49,142.51,2,2,0,10.41,120.65,4.15,-2.16,0
104278,22.66,92.56,224.0,3,0,0,18.12,398.11,3.11,2.24,0
104279,33.94,343.56,139.55,3,1,30,18.26,139.16,3.06,-2.08,0
104280,41.23,331.18,152.03,3,0,24,33.73,160.86,1.64,-9.81,0
104281,89.77,284.59,337.62,1,1,0,107.77,277.36,5.01,29.09,0
104282,17.73,252.91,190.86,1,1,0,12.61,149.89,8.18,8.72,0
104283,58.97,446.89,113.2,1,0,0,68.23,64.66,2.91,-11.84,0
104284,54.23,311.41,264.83,1,1,38,45.07,189.7,3.72,-0.5,0
104285,24.65,142.83,200.67,4,0,12,24.38,70.74,5.48,15.82,0
104286,38.35,98.01,44.97,2,2,45,6.2,49.91,6.89,-8.58,0
104287,28.49,268.27,227.82,4,0,8,25.9,52.54,6.71,-3.68,0
104288,38.05,303.61,223.29,1,3,17,33.13,188.41,0.91,-6.83,0
104289,69.02,438.49,182.0,3,3,28,45.55,130.58,0.91,16.79,0
104290,45.96,609.73,293.94,2,0,41,56.26,170.09,7.03,5.97,0
104291,44.0,154.19,124.36,2,2,21,27.58,130.96,4.16,-10.19,0
104292,28.84,149.79,216.6,1,0,12,10.03,100.8,6.71,31.78,0
104293,17.95,82.14,76.03,1,0,12,16.97,108.92,4.14,-15.25,0
104294,31.87,194.04,225.17,2,2,0,12.56,128.31,3.84,-0.63,0
104295,60.24,436.14,526.97,3,3,5,46.33,62.7,0.5,17.72,0
104296,17.6,152.79,104.15,2,1,12,19.1,41.5,9.08,-2.11,0
104297,21.77,128.12,118.52,2,0,36,19.04,67.27,3.75,-5.23,0
104298,37.05,167.24,121.81,1,0,4,25.49,124.75,4.59,6.22,0
104299,22.47,365.46,193.34,2,0,31,14.88,61.01,4.87,2.15,0
104300,24.5,572.75,100.31,6,1,10,26.13,322.98,2.83,-12.72,1
104301,28.93,217.52,226.93,2,1,34,12.87,117.28,2.34,10.3,0
104302,18.93,90.77,286.78,4,0,24,17.87,96.69,5.02,-12.66,0
104303,22.58,330.51,241.49,2,1,22,29.32,62.55,5.89,-21.08,0
104304,48.03,163.11,68.06,2,1,29,42.55,155.91,5.31,2.84,0
104305,19.43,115.07,311.16,2,0,26,13.42,43.49,2.56,-13.11,0
104306,17.05,84.28,301.42,1,2,31,12.11,108.77,3.24,0.53,0
104307,26.36,103.34,284.16,2,0,50,16.6,69.3,4.45,5.85,1
104308,48.65,296.08,220.97,1,0,41,28.57,96.77,2.38,2.92,0
104309,32.03,145.56,203.17,5,0,20,24.97,120.49,5.69,47.07,0
104310,28.4,200.04,317.59,3,1,4,26.12,45.26,5.06,22.19,0
104311,35.71,253.36,518.47,2,2,18,41.16,33.02,3.28,8.64,0
104312,15.96,81.86,106.57,2,2,0,4.16,51.46,7.24,7.78,0
104313,43.73,254.33,325.68,3,2,26,6.13,152.53,2.91,12.54,0
104314,41.59,259.4,171.66,2,2,0,48.14,112.58,4.18,0.42,0
104315,29.11,305.51,167.61,1,0,32,22.25,70.67,4.09,-0.9,0
104316,55.04,357.71,77.31,2,1,47,42.78,293.15,4.43,-0.3,0
104317,21.07,222.79,153.9,2,1,0,18.45,194.58,5.08,-6.59,0
104318,58.14,545.51,104.01,4,1,11,40.89,168.32,4.28,30.9,0
104319,37.52,349.51,139.47,2,1,0,46.67,58.28,6.76,-14.59,0
104320,30.08,421.46,98.39,1,3,0,26.26,167.2,5.63,15.03,0
104321,34.69,138.74,140.62,1,2,10,22.13,110.41,1.44,12.78,0
104322,33.35,184.27,143.97,2,1,23,22.03,58.35,7.92,11.03,0
104323,60.61,1024.58,189.84,2,1,25,43.28,84.55,2.58,1.53,0
104324,21.56,132.7,74.06,3,1,14,11.98,48.27,2.93,-12.7,0
104325,24.83,42.55,81.28,2,0,0,29.11,58.66,7.54,7.53,0
104326,55.8,352.87,219.64,2,1,14,43.58,45.3,2.86,7.52,1
104327,26.77,200.48,116.09,3,1,0,12.24,159.77,2.29,36.21,0
104328,52.49,99.28,325.04,4,1,0,44.68,86.25,2.32,10.63,0
104329,75.2,1025.54,203.74,1,1,0,83.45,51.15,1.39,5.24,0
104330,29.21,143.11,251.31,3,0,30,29.65,122.76,6.0,1.18,0
104331,47.56,392.35,391.05,2,1,21,26.64,90.08,2.63,-4.99,0
104332,20.83,130.2,151.81,2,0,17,9.84,169.04,0.78,4.86,1
104333,49.15,180.68,131.23,3,0,0,54.41,97.5,2.71,10.21,0
104334,38.29,156.92,290.73,2,1,5,13.17,38.0,10.03,-10.45,0
104335,43.3,189.92,238.22,2,0,0,36.49,66.8,4.39,-6.16,0
104336,26.18,315.32,162.38,1,0,36,15.91,44.95,5.72,-12.31,0
104337,16.57,107.77,386.94,2,0,51,17.87,126.17,5.88,8.16,0
104338,43.9,236.7,160.17,3,0,22,21.35,172.52,1.14,17.72,0
104339,13.83,60.67,183.27,1,1,25,7.62,35.64,5.07,-39.75,0
104340,30.34,386.27,182.11,2,0,9,27.44,83.52,2.19,-4.02,0
104341,53.46,778.13,107.65,2,0,0,50.72,179.73,3.07,27.77,0
104342,38.16,482.98,187.85,4,2,0,41.59,35.32,2.27,12.03,0
104343,84.11,753.12,388.07,2,1,3,73.03,69.32,1.42,6.69,0
104344,55.51,449.2,229.91,1,0,5,46.49,89.99,3.61,-17.05,0
104345,26.08,99.39,183.1,3,0,0,26.4,170.76,9.98,13.99,0
104346,35.43,219.34,164.68,1,0,12,14.43,124.79,5.21,-0.17,0
104347,34.26,170.38,215.93,4,0,0,18.16,141.07,4.31,12.25,0
104348,17.17,48.26,271.87,4,0,51,7.36,129.19,1.16,34.55,0
104349,22.92,272.22,251.65,1,1,0,1.8,71.95,1.25,-18.86,0
104350,27.19,134.42,149.97,2,3,27,26.12,241.25,0.5,22.52,0
104351,14.0,178.2,215.2,2,3,7,15.5,60.18,2.21,-3.61,0
104352,35.76,388.97,234.38,1,1,20,31.79,16.99,2.61,19.43,1
104353,31.29,289.32,103.44,2,0,21,26.44,30.55,2.68,-8.14,0
104354,16.49,156.79,197.45,3,0,14,12.72,83.9,2.51,-14.0,0
104355,41.98,216.05,54.83,2,1,0,32.07,73.76,1.02,11.99,0
104356,48.3,856.05,234.71,5,0,6,56.7,65.23,3.7,-24.25,0
104357,38.76,277.27,258.82,5,1,15,44.09,98.49,10.02,-10.84,0
104358,30.25,246.26,271.54,2,2,13,18.26,184.95,2.21,-10.81,0
104359,45.67,231.1,144.85,3,0,0,46.91,118.18,2.88,-9.52,0
104360,47.53,208.88,213.35,3,3,35,50.26,132.81,6.07,9.95,0
104361,40.19,357.18,393.91,4,0,0,36.68,47.08,7.69,8.51,0
104362,24.15,188.47,391.71,3,0,7,20.45,65.9,2.32,-1.07,0
104363,39.64,186.99,177.13,2,1,0,33.23,137.01,3.06,-11.05,0
104364,59.94,204.39,194.33,4,0,15,22.75,96.03,3.86,-2.02,0
104365,26.76,99.27,331.61,3,1,30,9.56,119.83,4.19,-18.84,0
104366,89.97,1145.27,78.85,3,0,0,85.09,130.07,2.14,-18.93,0
104367,27.63,142.32,150.7,2,2,54,13.12,99.44,3.87,-10.63,0
104368,35.51,209.85,375.22,1,1,15,14.3,232.51,5.53,-21.74,0
104369,25.86,373.83,307.76,2,2,18,5.98,65.42,2.71,2.05,0
104370,38.7,154.57,220.53,2,1,0,24.42,55.06,5.2,8.85,0
104371,15.98,77.77,78.63,2,1,11,13.48,31.21,4.11,0.11,0
104372,27.37,130.47,175.13,5,0,29,23.64,141.03,1.24,-16.72,0
104373,21.41,336.58,130.13,2,1,15,20.61,63.93,4.0,-6.97,0
104374,37.2,705.46,215.95,2,0,14,24.26,192.37,3.41,13.73,0
104375,54.75,558.1,115.33,4,1,11,42.53,104.44,0.72,17.5,0
104376,46.81,484.76,102.39,2,1,0,45.0,73.44,1.33,-18.21,0
104377,12.04,63.04,57.82,1,0,0,10.43,47.8,3.98,6.56,0
104378,87.73,1625.96,352.46,1,0,33,52.97,149.56,2.19,-12.43,0
104379,39.97,319.89,144.47,3,0,27,32.97,87.14,8.12,17.67,1
104380,24.68,264.64,196.25,3,0,30,6.27,105.69,2.89,18.49,0
104381,37.56,249.44,179.78,3,0,0,28.17,129.34,3.21,-37.44,0
104382,37.89,231.95,100.07,3,0,9,22.56,105.56,3.13,-14.21,0
104383,25.93,416.84,90.06,2,1,34,29.29,54.05,4.8,6.16,0
104384,38.26,350.79,103.55,1,2,0,19.35,123.05,3.69,-33.53,0
104385,26.63,385.13,120.93,3,0,32,20.75,147.22,1.01,21.95,0
104386,29.18,232.05,220.21,3,0,1,18.75,111.71,0.97,5.79,0
104387,25.7,117.71,116.2,3,2,0,15.69,131.53,1.25,-23.53,0
104388,18.37,96.05,470.37,3,2,11,15.51,139.09,3.0,14.67,0
104389,37.37,275.44,316.68,1,1,0,24.12,70.96,2.24,14.79,0
104390,45.55,233.08,280.78,2,0,0,55.25,69.39,5.01,8.36,0
104391,44.13,177.55,168.54,2,2,13,11.31,342.37,3.31,6.19,0
104392,50.62,646.09,413.98,2,0,21,45.95,199.39,3.92,12.35,0
104393,40.5,215.89,159.66,4,2,33,29.52,87.43,6.35,-17.14,0
104394,27.54,206.57,176.93,4,0,22,20.31,135.57,7.08,2.04,0
104395,51.07,414.54,197.64,3,1,47,42.16,51.27,2.7,-12.93,1
104396,19.0,99.12,264.8,2,0,36,18.99,62.83,7.98,15.91,0
104397,23.34,337.43,255.51,2,0,25,19.05,42.59,1.93,-1.47,0
104398,22.68,90.81,138.61,2,2,20,22.69,106.83,3.06,-35.05,0
104399,56.9,454.0,134.26,2,2,34,43.34,107.58,6.52,-24.07,0
104400,53.5,423.51,255.93,3,2,0,26.29,172.45,5.52,-2.25,0
104401,43.58,296.91,266.76,3,1,3,31.71,79.25,3.46,-10.14,0
104402,56.7,207.51,144.98,5,0,0,58.86,170.68,1.34,-9.53,0
104403,23.56,254.93,75.19,3,0,23,15.25,133.16,1.54,-13.28,0
104404,40.94,415.67,160.6,1,2,0,19.62,393.61,1.24,-14.48,1
104405,33.08,165.2,253.63,2,0,66,29.94,244.71,5.2,3.59,0
104406,51.24,510.86,485.87,1,0,2,42.74,220.32,2.62,9.27,0
104407,33.23,280.58,93.14,4,1,13,18.52,148.59,5.28,1.95,1
104408,29.43,108.61,142.36,2,0,4,20.36,52.63,4.0,7.96,0
104409,44.65,203.91,145.3,2,3,3,31.46,107.28,1.44,-1.05,1
104410,51.92,642.06,379.42,3,0,0,39.02,346.66,4.4,-25.18,0
104411,25.91,211.71,176.57,2,3,0,23.62,122.0,2.39,20.46,0
104412,34.05,179.76,109.28,2,1,0,22.09,54.97,9.85,19.48,0
104413,21.74,99.06,244.75,4,0,21,20.1,110.1,2.89,7.35,0
104414,11.37,61.52,144.09,1,0,4,7.01,49.7,1.31,-20.48,0
104415,38.3,214.7,91.79,4,1,46,44.68,53.84,6.57,-24.11,0
104416,46.03,211.09,110.16,2,0,0,53.95,115.3,3.39,-13.03,0
104417,39.38,115.39,467.16,5,1,38,21.1,140.27,4.59,30.27,0
104418,14.56,180.18,222.35,2,0,40,6.46,55.76,3.02,3.6,0
104419,29.89,339.91,190.99,2,2,34,29.73,64.33,3.49,-1.69,0
104420,12.9,47.77,156.89,1,1,16,10.51,38.24,1.07,-0.11,0
104421,64.83,485.79,211.38,3,2,5,57.56,83.28,6.3,-7.82,0
104422,21.47,95.72,210.0,1,1,34,12.59,28.0,2.72,-2.89,0
104423,61.58,378.19,211.38,2,0,0,44.14,75.21,1.0,-0.57,0
104424,53.57,315.61,191.74,3,1,16,35.56,94.4,4.48,-10.64,0
104425,23.34,131.9,290.27,5,0,11,19.28,31.39,5.37,-20.17,0
104426,21.02,400.61,182.3,4,0,0,9.22,49.18,1.14,-0.37,0
104427,40.98,230.16,105.12,3,0,17,29.72,86.81,13.04,-13.52,0
104428,23.94,111.85,128.53,3,2,25,10.44,79.99,5.4,14.22,0
104429,36.65,175.23,60.61,3,0,0,22.76,82.24,2.93,5.37,0
104430,28.16,332.25,548.78,3,1,20,20.44,106.98,3.35,-3.58,0
104431,15.7,48.12,289.3,3,0,0,13.77,33.01,5.83,-12.75,0
104432,12.83,61.33,114.03,2,0,0,11.51,137.69,4.21,8.22,0
104433,38.76,559.3,154.15,5,0,3,36.44,74.33,1.97,8.83,0
104434,27.18,214.98,126.81,1,2,18,10.31,62.93,5.36,-8.85,0
104435,27.29,210.26,420.46,3,1,27,29.09,29.4,7.37,3.36,0
104436,47.87,973.08,82.44,1,3,13,28.19,76.65,1.93,-14.87,1
104437,59.35,469.88,191.7,2,1,22,36.03,122.37,2.78,0.47,0
104438,30.96,152.1,169.57,4,0,9,25.3,97.98,2.42,-14.27,0
104439,30.03,182.54,283.64,1,1,19,19.99,99.71,1.72,-9.34,0
104440,43.83,173.92,169.99,3,0,18,36.84,73.43,7.67,10.95,0
104441,19.01,249.29,68.44,2,1,2,16.85,86.79,4.27,15.72,0
104442,38.7,361.03,156.78,3,1,5,21.64,46.31,7.21,-22.87,1
104443,44.87,551.04,105.45,3,0,22,31.59,89.74,3.58,-4.31,0
104444,47.53,610.24,188.05,4,1,44,33.82,67.03,5.42,8.17,0
104445,14.64,83.31,396.13,4,2,33,14.49,45.83,1.18,-17.65,0
104446,24.85,108.45,69.15,2,2,0,15.75,141.55,1.73,-7.95,0
104447,23.57,160.8,115.91,2,2,0,14.68,34.98,5.26,6.19,0
104448,36.61,165.64,132.82,4,0,2,18.11,123.27,2.38,-10.08,0
104449,43.45,330.32,145.92,2,2,13,22.71,128.01,5.64,-21.95,0
104450,68.64,846.26,270.43,2,0,12,28.3,65.59,4.91,-7.02,0
104451,28.01,180.27,163.61,4,1,34,16.09,167.01,3.02,-5.17,0
104452,27.98,211.1,226.25,4,0,35,32.13,64.77,3.55,21.36,0
104453,58.72,392.17,127.58,2,2,12,54.18,62.37,2.87,33.32,0
104454,40.0,418.25,204.26,1,0,7,42.77,43.8,3.49,3.04,0
104455,61.92,310.38,276.1,1,1,21,31.73,89.55,6.23,-0.58,0
104456,39.86,93.03,120.32,2,1,31,10.48,50.63,1.5,-18.66,0
104457,20.79,184.19,276.64,3,1,21,17.24,55.97,1.0,-22.95,0
104458,19.21,220.36,185.26,3,3,4,23.31,86.54,3.53,15.43,0
104459,17.41,152.36,319.88,3,0,0,10.95,88.74,1.81,-24.08,0
104460,47.15,239.62,161.12,2,0,0,36.56,191.21,2.55,7.91,0
104461,59.75,237.13,221.99,2,0,15,21.37,157.34,5.47,33.79,0
104462,80.44,721.06,176.02,5,0,23,60.9,125.26,5.68,-17.33,0
104463,51.15,384.29,170.72,5,1,25,36.76,82.42,3.04,-30.75,0
104464,59.06,388.25,207.55,1,0,32,13.39,70.63,3.77,5.2,0
104465,26.96,469.41,241.82,4,0,38,13.23,88.58,3.7,17.28,1
104466,20.8,90.69,90.53,1,1,0,9.79,64.46,4.14,-16.85,0
104467,51.31,872.46,396.02,2,1,19,18.22,59.1,8.26,12.39,0
104468,42.24,300.4,64.72,3,0,19,24.02,85.84,1.47,16.71,0
104469,36.73,102.7,123.51,2,0,10,32.22,53.13,5.56,3.73,0
104470,41.67,266.66,170.91,2,0,0,24.65,55.13,3.32,-7.97,0
104471,40.48,457.8,225.82,3,1,38,41.98,159.61,1.77,10.11,0
104472,62.37,363.74,428.31,2,1,1,41.12,39.33,2.8,-9.83,0
104473,62.68,209.9,64.77,2,3,0,52.12,48.23,3.29,-2.68,0
104474,44.71,288.27,136.15,1,1,12,39.1,193.21,1.08,-7.46,0
104475,51.21,233.52,55.88,3,0,7,58.05,71.13,3.37,2.22,0
104476,44.11,394.85,183.16,1,2,45,25.19,205.5,2.69,0.64,0
104477,28.44,293.08,209.01,1,1,20,24.48,44.67,2.19,-2.39,0
104478,49.2,203.08,431.77,2,0,6,25.25,94.07,9.06,-5.63,0
104479,18.69,91.91,192.35,2,2,8,22.06,143.01,2.5,6.92,0
104480,56.24,574.69,319.63,2,1,8,27.56,52.26,0.73,-12.94,0
104481,20.45,93.16,248.16,3,1,51,17.3,245.77,4.64,-14.17,0
104482,39.8,162.19,141.68,2,0,24,45.37,71.21,3.57,15.04,0
104483,23.93,92.91,82.93,1,2,0,10.79,122.15,1.0,11.94,0
104484,44.9,374.77,209.39,3,1,7,40.35,59.92,8.1,-12.38,0
104485,34.47,281.62,79.23,3,1,11,17.3,220.25,3.17,-13.32,0
104486,17.08,84.91,366.98,2,0,0,22.75,107.97,2.57,-12.48,0
104487,42.29,296.82,164.65,2,0,0,11.72,316.77,5.4,-29.69,0
104488,26.99,405.35,347.34,1,1,22,10.0,182.59,5.7,12.17,0
104489,52.03,223.8,138.22,1,0,0,24.44,148.71,2.87,3.41,0
104490,35.02,92.39,208.68,2,0,34,16.73,50.74,6.59,-15.46,0
104491,41.82,367.5,201.97,2,0,12,36.81,94.64,2.53,8.61,0
104492,22.75,150.68,175.6,1,1,3,27.29,74.43,0.66,11.27,1
104493,26.85,131.77,141.88,2,0,0,27.89,91.43,1.2,-2.75,0
104494,28.47,276.14,223.37,2,0,34,23.02,98.34,3.23,4.78,0
104495,51.46,548.06,108.16,3,1,17,38.72,52.43,5.0,4.46,0
104496,74.45,172.77,92.55,1,1,3,44.55,81.93,6.63,-2.22,0
104497,24.36,123.06,356.56,1,1,0,20.65,84.94,5.4,-1.56,0
104498,56.82,1267.24,268.51,1,1,40,39.65,49.09,6.37,3.49,0
104499,13.18,123.55,186.64,3,0,0,10.51,145.48,1.02,1.1,0
104500,20.45,200.72,449.79,2,1,5,11.55,102.85,5.49,-8.61,0
104501,22.73,286.08,155.35,1,0,22,10.22,146.61,5.16,-10.27,0
104502,19.04,134.45,372.58,2,1,38,14.4,120.56,6.15,21.96,0
104503,17.16,178.93,198.25,3,1,8,12.89,32.19,2.13,-7.64,0
104504,42.15,422.48,102.45,4,1,0,25.33,54.59,3.97,-21.22,0
104505,31.79,291.33,497.39,1,2,10,17.75,242.68,2.23,15.68,0
104506,41.52,247.39,310.4,5,0,28,36.93,144.15,2.91,-2.64,0
104507,47.75,364.31,168.41,2,1,32,41.25,34.02,0.5,-3.12,0
104508,39.44,205.74,268.51,3,1,0,48.09,119.32,2.44,-2.85,0
104509,47.06,331.51,144.16,3,1,14,51.54,54.63,2.59,16.83,0
104510,33.92,132.39,284.0,2,1,0,15.32,25.58,5.83,-16.6,0
104511,20.52,96.72,48.32,2,0,27,14.41,243.26,2.65,14.47,1
104512,56.34,342.45,102.73,2,1,19,23.03,94.16,2.18,2.98,0
104513,26.85,117.25,308.45,5,0,0,7.79,102.51,4.45,11.79,0
104514,22.97,124.93,156.91,3,2,39,29.84,42.34,3.42,-8.81,1
104515,32.31,208.35,201.77,2,0,18,36.19,45.06,4.3,38.24,0
104516,23.21,198.67,85.82,1,1,16,13.75,34.63,3.56,-3.67,0
104517,29.01,326.37,497.34,2,0,8,30.77,210.61,3.4,-2.93,0
104518,40.86,226.83,346.45,4,1,11,44.86,33.58,4.01,-15.65,0
104519,40.94,558.67,161.19,2,1,5,11.05,237.43,5.02,-3.92,0
104520,23.37,261.53,144.08,2,2,0,22.49,49.79,3.94,-14.89,0
104521,28.1,253.11,317.11,2,1,34,17.62,43.08,5.8,30.47,0
104522,56.76,429.03,535.56,4,0,3,48.0,87.06,3.4,-28.97,0
104523,43.76,359.31,304.15,3,0,2,65.75,59.7,3.53,-36.82,0
104524,89.04,1128.41,594.34,5,1,9,102.07,95.41,3.91,-10.38,0
104525,59.53,768.24,108.38,1,0,37,42.74,53.17,2.3,3.5,1
104526,58.57,799.24,114.7,4,2,32,64.75,74.57,3.76,18.34,0
104527,18.74,133.94,93.6,3,0,4,5.05,57.1,6.25,0.04,0
104528,49.36,455.99,229.51,4,0,34,43.23,150.89,8.08,-6.99,0
104529,34.17,468.31,198.25,1,2,13,30.14,122.41,2.18,-1.9,0
104530,27.31,139.97,165.57,1,1,0,25.3,104.42,4.81,9.59,0
104531,37.75,225.35,280.91,3,1,3,23.51,169.35,4.91,-19.55,0
104532,53.55,377.9,354.51,2,1,36,45.28,105.4,3.37,12.78,0
104533,43.85,481.27,77.78,4,0,49,42.27,100.19,4.7,-29.94,0
104534,23.57,260.74,129.62,2,0,17,3.99,83.75,4.8,-5.67,1
104535,48.88,304.88,282.6,2,0,1,32.8,58.56,5.67,-3.48,0
104536,26.27,86.49,139.17,1,3,9,13.77,58.64,1.54,-23.41,0
104537,38.58,305.47,116.04,1,0,0,35.33,98.31,2.5,-1.49,0
104538,30.53,135.04,315.18,3,0,0,33.42,165.76,3.86,-8.57,0
104539,31.72,105.4,88.56,3,0,0,18.94,126.73,5.69,1.64,0
104540,49.41,183.85,152.49,1,0,10,23.61,126.29,2.09,2.32,0
104541,21.92,180.61,215.66,3,1,14,17.08,46.35,2.93,3.58,0
104542,83.99,1161.09,131.28,3,2,9,38.78,123.16,1.37,-9.61,0
104543,15.42,110.08,276.91,1,1,8,10.69,70.83,3.56,0.28,1
104544,26.75,208.1,131.64,2,0,25,17.84,100.01,3.8,16.17,0
104545,41.34,522.85,390.61,2,0,7,37.0,125.34,1.05,9.95,0
104546,45.53,147.23,167.97,3,1,9,37.73,44.97,2.79,2.55,0
104547,33.45,303.73,260.38,1,1,8,26.44,98.91,0.84,-16.5,0
104548,34.11,237.37,271.31,3,0,39,39.54,103.71,2.96,-40.88,0
104549,42.1,391.13,127.46,2,0,3,34.42,163.86,1.4,-31.81,0
104550,31.54,173.39,58.18,3,1,22,20.36,66.0,3.1,7.59,1
104551,65.52,304.67,219.5,1,1,0,44.3,86.75,14.29,-14.04,0
104552,51.06,383.45,187.3,3,0,18,28.54,99.66,3.0,-21.2,0
104553,51.84,827.68,244.36,1,1,21,25.68,66.01,2.45,-11.82,0
104554,22.66,243.94,158.91,2,0,31,9.12,65.29,2.13,-4.04,0
104555,33.77,183.4,142.06,4,0,5,34.91,63.79,5.27,-0.74,0
104556,30.57,109.46,543.28,4,2,0,17.44,83.36,3.9,-13.0,0
104557,22.26,67.2,80.09,2,1,0,18.45,256.74,7.85,11.72,0
104558,41.16,556.34,269.52,5,0,29,27.78,85.16,4.87,-5.28,0
104559,27.48,119.32,131.23,2,0,49,20.41,120.58,0.85,-5.79,1
104560,47.01,279.62,149.65,1,1,27,48.81,91.72,5.22,-15.87,0
104561,21.62,293.03,151.19,2,0,0,17.17,74.84,2.39,27.24,0
104562,75.86,236.96,115.71,3,1,26,39.4,88.7,4.02,-4.47,0
104563,23.38,345.17,246.44,4,1,0,14.24,142.8,5.1,6.15,0
104564,38.63,238.2,386.76,3,0,5,37.28,87.16,2.07,0.6,0
104565,49.98,197.02,233.1,2,1,15,43.53,81.72,4.61,16.66,0
104566,27.07,167.47,190.53,4,0,18,26.55,78.17,4.19,-14.72,0
104567,51.37,250.53,104.63,2,1,13,35.46,49.59,4.75,5.89,0
104568,20.13,175.66,239.18,1,1,1,8.07,167.98,10.09,-6.73,1
104569,67.28,340.58,589.31,1,1,31,58.98,68.83,2.07,0.84,0
104570,35.22,94.8,146.0,2,0,2,28.64,217.34,7.93,-7.18,0
104571,26.76,167.77,146.37,2,0,34,21.94,104.23,3.45,26.71,0
104572,30.59,108.67,132.21,2,0,0,12.38,209.21,1.32,-3.69,0
104573,50.37,390.5,137.52,1,1,15,29.71,79.83,7.27,-25.33,0
104574,26.91,104.03,39.77,4,3,0,13.87,57.97,5.95,-3.94,0
104575,24.98,137.01,224.92,4,1,0,21.23,168.3,7.0,-0.0,0
104576,31.68,242.95,113.06,3,1,2,27.19,64.28,5.43,-0.04,0
104577,20.61,129.72,74.24,4,0,39,15.23,194.64,1.73,-21.09,0
104578,79.41,630.0,272.38,2,0,35,78.76,127.36,8.39,-19.76,0
104579,27.13,266.81,99.27,2,1,27,30.45,216.69,10.93,25.88,0
104580,50.89,199.64,149.41,1,2,12,42.66,50.1,5.33,-5.39,0
104581,38.46,260.69,403.23,2,1,15,35.3,159.77,1.98,-3.83,0
104582,22.47,29.77,82.92,2,0,34,13.81,57.64,6.37,29.33,0
104583,34.91,276.51,77.48,1,2,24,19.85,21.37,0.92,10.03,0
104584,49.81,299.96,208.74,3,0,12,49.93,154.06,2.79,-2.51,0
104585,32.16,137.66,338.72,2,2,38,17.09,89.65,1.63,1.54,0
104586,59.87,490.79,75.72,2,0,26,55.34,160.33,6.73,27.93,1
104587,55.42,697.35,225.24,4,1,16,65.39,95.11,3.48,-11.5,0
104588,52.92,292.0,247.77,2,3,3,48.34,91.17,3.31,10.52,0
104589,28.46,124.21,58.0,1,1,2,20.77,221.06,3.94,8.22,0
104590,21.53,163.67,279.26,4,0,5,8.93,96.62,0.91,-1.1,1
104591,26.56,95.33,291.51,3,1,20,21.0,67.66,5.72,-10.19,1
104592,38.23,192.36,151.63,5,2,27,38.32,85.35,3.19,4.04,0
104593,44.74,577.13,358.44,3,1,0,31.56,98.93,0.65,-2.04,1
104594,13.17,95.12,336.3,1,0,0,13.24,16.33,2.38,8.78,0
104595,34.87,95.38,190.5,1,1,0,29.34,120.84,7.34,-26.58,0
104596,37.58,107.11,140.42,1,2,4,30.92,203.4,4.6,45.75,0
104597,30.89,234.49,105.41,2,0,33,20.72,87.39,5.24,6.92,0
104598,62.58,674.2,176.32,1,0,6,24.15,69.92,5.15,5.26,0
104599,42.32,131.93,246.24,2,0,16,27.24,113.58,4.18,28.83,0
104600,63.11,553.19,150.6,1,0,19,40.5,256.19,3.39,-11.37,0
104601,31.76,432.36,53.75,1,0,0,28.39,119.26,4.74,-12.42,0
104602,53.37,960.11,361.68,1,1,38,39.82,102.35,3.26,-6.9,0
104603,73.05,603.44,199.85,2,1,0,74.57,71.2,5.5,30.58,0
104604,63.16,569.59,146.08,2,0,40,51.81,47.38,3.39,-3.39,0
104605,21.41,51.58,288.41,1,0,9,13.36,91.27,2.34,39.37,0
104606,31.22,624.52,416.34,2,0,5,17.06,92.27,3.44,-9.99,0
104607,29.96,157.31,38.55,1,1,0,17.95,28.23,1.81,-41.29,0
104608,43.62,191.46,228.56,2,1,15,34.47,58.19,5.58,-27.23,0
104609,47.67,293.69,82.13,2,3,52,31.31,180.39,3.64,6.85,1
104610,24.0,357.66,236.86,4,3,19,11.54,77.09,4.8,7.72,0
104611,36.08,761.89,193.12,2,0,16,36.15,20.62,6.56,3.44,0
104612,14.1,105.11,255.34,1,2,0,11.11,235.22,2.78,-17.44,0
104613,66.97,772.15,136.78,1,1,22,54.83,52.72,3.68,-19.9,0
104614,27.79,198.8,64.24,4,0,14,15.13,67.87,11.48,-23.68,0
104615,35.89,149.53,140.51,7,1,10,17.57,170.23,8.55,-6.71,0
104616,30.45,445.99,225.14,3,2,20,21.6,57.66,0.95,3.24,1
104617,58.62,300.64,314.64,2,0,0,14.24,27.6,3.19,17.27,0
104618,9.76,147.25,94.49,2,1,10,9.22,102.55,3.93,12.14,0
104619,34.74,465.47,316.66,2,0,0,19.94,145.17,4.6,0.72,0
104620,33.37,317.56,126.04,2,3,12,22.8,67.92,3.08,38.27,0
104621,28.54,498.5,219.71,4,1,0,24.45,83.61,0.5,-1.21,0
104622,76.11,1626.58,135.98,1,1,0,52.81,44.34,4.88,-35.88,0
104623,23.48,150.56,198.97,2,0,0,10.75,49.53,5.71,-21.97,0
104624,49.53,231.41,293.97,3,0,32,55.8,74.2,4.5,-0.34,0
104625,41.09,113.23,91.66,6,1,0,15.07,132.82,2.48,-22.02,0
104626,61.75,1327.81,123.84,4,0,0,11.79,95.44,3.32,17.77,0
104627,25.92,145.65,199.28,2,1,39,25.11,165.98,2.73,1.5,0
104628,25.17,310.74,674.4,1,0,22,9.69,242.74,5.59,18.22,0
104629,57.32,276.96,111.97,3,0,0,60.94,153.2,2.4,2.17,0
104630,42.38,640.2,552.82,1,2,36,35.78,34.67,1.3,-38.35,0
104631,17.46,86.14,542.07,2,3,41,14.33,75.91,2.55,20.73,0
104632,27.46,105.92,170.62,1,1,39,16.69,152.32,1.36,-2.84,0
104633,41.65,262.66,152.78,3,0,24,22.64,83.77,3.07,-2.07,0
104634,51.03,273.79,123.02,3,1,0,33.47,34.06,1.28,5.16,0
104635,25.78,243.17,173.37,2,1,11,13.68,64.63,4.28,-4.05,1
104636,9.43,64.34,83.03,5,0,0,9.92,23.02,2.43,6.54,0
104637,44.29,424.35,172.61,5,0,0,24.99,76.2,3.71,1.58,1
104638,20.21,122.32,410.03,4,3,0,17.72,59.67,1.11,-2.63,0
104639,14.12,70.87,128.62,3,1,0,14.14,72.49,7.85,-23.44,1
104640,9.78,51.16,157.68,3,2,14,5.18,182.86,2.71,-1.33,1
104641,50.48,982.42,70.62,2,0,3,42.62,40.49,3.11,-3.75,0
104642,37.09,290.53,221.12,2,1,3,19.53,58.49,2.98,8.48,0
104643,31.62,82.09,208.18,1,2,6,22.34,45.37,2.16,10.02,0
104644,65.39,352.91,186.42,1,0,38,41.55,171.16,4.81,-4.8,0
104645,46.63,342.57,159.76,2,2,50,26.86,177.43,3.49,-6.58,0
104646,72.43,1275.75,153.23,4,1,3,57.18,111.7,4.13,16.24,0
104647,18.7,218.96,237.22,2,0,18,8.35,108.29,1.76,8.97,0
104648,34.46,152.15,177.17,4,1,0,33.85,43.8,2.1,-11.73,0
104649,16.91,396.59,214.05,4,0,25,8.11,101.43,3.94,-25.44,0
104650,31.57,217.56,202.59,2,0,3,13.68,45.91,1.16,25.21,0
104651,31.3,408.52,333.9,2,0,0,21.5,92.25,0.99,10.31,0
104652,46.4,182.31,261.2,1,0,48,30.48,73.24,4.55,12.15,0
104653,35.73,75.39,200.14,1,1,0,29.97,63.01,1.25,-18.85,0
104654,46.33,160.38,414.92,6,2,0,35.73,91.54,5.6,10.16,0
104655,48.03,66.2,226.81,3,0,25,16.48,135.12,1.35,-16.52,0
104656,92.3,1857.56,368.96,3,1,5,91.99,261.15,1.65,14.03,0
104657,30.37,236.66,251.33,4,0,0,20.67,125.26,2.23,-3.85,0
104658,22.92,101.04,65.36,3,0,61,18.57,353.05,1.04,-21.95,1
104659,39.1,343.2,368.93,2,0,25,50.85,101.53,8.47,0.83,1
104660,24.39,187.71,193.89,3,0,10,26.14,262.47,5.11,5.89,0
104661,68.19,651.06,174.93,2,0,0,54.73,116.88,3.14,7.15,0
104662,30.81,394.88,210.12,1,1,20,12.53,103.93,2.09,-1.2,0
104663,27.14,164.32,148.89,3,1,0,11.15,81.36,4.7,-32.34,0
104664,28.31,127.64,203.94,1,0,2,29.46,107.69,2.23,20.06,0
104665,48.36,512.06,129.99,2,1,11,31.41,116.6,1.09,7.33,0
104666,32.6,340.85,362.78,4,0,15,23.08,38.45,2.11,-1.07,0
104667,26.22,193.04,169.1,2,1,9,12.16,136.98,1.37,17.29,0
104668,74.05,1539.86,145.84,1,0,0,63.79,36.94,1.71,-21.62,0
104669,23.81,133.9,108.23,1,0,28,24.65,137.07,2.7,-7.43,0
104670,35.56,158.75,208.68,2,0,0,40.22,128.92,2.98,13.15,0
104671,46.94,404.98,199.51,3,0,6,29.95,211.15,5.54,30.65,0
104672,16.8,83.91,222.87,3,2,2,15.31,53.65,5.53,-8.86,0
104673,43.44,389.61,102.31,3,2,30,31.55,49.78,3.43,-28.64,1
104674,21.77,100.48,74.61,1,1,3,21.12,174.89,4.06,8.99,0
104675,50.68,290.44,253.92,6,0,19,37.96,47.22,2.56,18.73,0
104676,22.7,408.91,407.28,3,2,17,12.35,44.52,0.5,-28.47,0
104677,47.8,273.2,102.36,1,1,0,51.63,102.0,3.26,-4.12,0
104678,57.57,270.28,431.45,3,0,10,44.59,87.51,3.92,14.86,0
104679,51.57,648.23,210.42,3,2,0,34.15,98.79,3.55,20.19,0
104680,39.19,162.2,179.3,2,0,18,31.13,124.27,8.72,-25.62,0
104681,31.54,156.13,144.65,2,0,0,17.85,124.69,3.62,-5.77,0
104682,27.0,252.18,84.06,2,0,33,23.06,85.89,1.24,-9.53,0
104683,67.85,759.32,309.89,2,0,8,47.56,92.64,6.25,-17.24,0
104684,25.55,329.22,117.49,2,1,0,14.08,86.45,5.33,1.1,0
104685,21.95,105.74,117.22,5,1,33,29.5,91.93,3.97,3.0,1
104686,47.22,445.27,310.6,2,0,0,23.52,39.15,3.11,24.95,0
104687,24.46,135.63,63.9,3,1,28,20.51,141.69,4.39,-38.4,0
104688,22.82,118.03,77.87,2,3,20,17.44,168.89,2.77,5.99,1
104689,18.28,233.51,178.21,2,1,5,9.02,131.93,0.73,-13.95,0
104690,28.16,149.78,211.51,3,1,0,18.75,125.98,1.38,-19.63,0
104691,33.72,271.28,234.99,1,1,34,13.97,49.67,2.92,-6.06,0
104692,39.05,295.43,152.47,3,1,21,49.46,38.5,1.27,2.26,0
104693,53.7,220.08,723.91,3,0,0,36.68,148.17,4.28,-10.79,0
104694,44.37,503.41,158.8,3,3,16,31.25,91.56,1.15,-5.97,0
104695,32.12,297.53,158.54,2,0,30,39.71,99.64,1.82,-2.14,0
104696,32.01,83.01,116.12,3,0,14,17.42,102.36,1.65,4.29,0
104697,44.03,354.09,192.69,4,0,16,47.27,105.01,4.11,15.1,0
104698,62.05,295.13,252.44,3,1,30,55.73,132.65,6.0,-4.97,0
104699,37.05,448.83,348.95,2,2,39,9.46,84.99,1.49,-0.5,0
104700,28.34,96.3,79.35,2,1,9,18.63,28.7,6.33,-1.46,0
104701,22.39,131.14,157.22,1,1,0,19.24,136.03,6.54,23.97,0
104702,18.27,153.23,230.13,1,1,0,13.86,127.27,3.9,5.28,0
104703,47.24,339.76,248.6,2,0,0,35.88,41.39,2.31,3.8,0
104704,45.4,465.37,180.65,1,1,0,27.16,44.71,2.54,-2.6,0
104705,45.38,148.69,242.57,5,1,0,25.95,152.87,1.7,-1.62,0
104706,33.03,528.12,115.36,3,1,45,22.23,176.14,1.66,-31.18,0
104707,65.92,600.01,424.03,2,1,21,81.76,18.2,1.98,-8.38,0
104708,28.15,388.88,310.72,3,2,2,14.72,117.25,4.58,5.97,0
104709,53.8,583.04,85.91,1,0,11,33.86,78.84,2.48,-1.85,0
104710,34.4,239.37,99.65,1,0,0,26.04,94.1,4.14,-4.48,0
104711,26.62,98.04,101.21,4,0,32,10.23,97.38,1.57,19.39,0
104712,45.69,241.32,261.34,1,0,0,39.21,56.97,0.76,3.94,0
104713,42.08,652.22,88.8,2,1,21,18.01,133.14,2.48,-19.68,0
104714,41.1,575.14,150.04,5,1,0,19.65,59.56,0.82,-25.67,0
104715,36.3,186.43,231.14,5,0,4,16.92,140.9,1.46,12.23,0
104716,34.41,58.85,173.57,4,4,34,11.69,160.97,7.04,-15.49,1
104717,102.53,645.28,207.54,1,3,0,109.4,53.33,3.11,2.11,0
104718,59.64,361.52,100.16,2,2,9,52.5,54.12,2.93,9.97,0
104719,48.45,299.36,249.67,1,0,23,47.51,96.35,5.45,2.04,0
104720,36.81,335.57,128.47,1,1,20,35.25,221.85,2.44,21.7,0
104721,55.07,597.4,150.57,3,1,13,38.99,63.07,2.66,-4.5,0
104722,44.19,507.5,205.14,1,0,20,32.81,70.66,2.23,2.58,1
104723,35.42,309.79,190.5,3,0,1,35.54,109.12,4.02,-8.31,0
104724,30.53,86.86,182.39,1,1,46,35.4,133.47,2.74,-6.2,1
104725,33.75,199.19,119.12,6,1,0,14.7,123.47,2.81,10.03,0
104726,8.4,186.16,152.66,1,0,32,11.6,91.76,1.86,11.88,0
104727,38.48,324.78,180.22,5,0,15,16.2,74.93,4.78,-25.31,0
104728,28.09,236.36,84.49,2,1,23,17.83,109.83,3.75,-13.59,0
104729,71.67,600.46,139.57,1,0,26,55.08,13.19,2.53,1.15,1
104730,35.31,304.19,222.78,2,1,22,27.94,276.27,1.43,6.8,0
104731,20.5,43.58,89.15,1,0,0,25.44,80.51,5.52,-20.35,0
104732,34.22,212.52,340.04,3,0,6,34.33,100.4,5.58,-10.3,0
104733,21.86,150.14,361.86,2,2,0,18.65,317.17,3.78,6.11,0
104734,43.31,575.38,90.75,2,0,6,43.69,57.69,2.96,8.85,0
104735,39.9,286.01,379.8,2,2,17,33.37,364.7,1.23,3.92,0
104736,53.86,165.51,166.33,2,0,22,31.3,140.28,1.78,-4.39,1
104737,24.52,212.81,226.59,4,0,19,21.37,117.65,3.24,-16.99,0
104738,35.54,166.44,136.98,4,3,0,27.26,132.44,2.26,-7.61,0
104739,18.94,72.14,299.06,3,1,1,10.21,54.32,1.06,13.19,0
104740,47.99,221.37,225.05,2,0,0,51.14,33.46,4.97,11.75,0
104741,44.21,405.86,115.03,4,1,0,32.55,44.32,4.04,-14.9,0
104742,43.75,574.64,94.83,1,0,0,20.56,172.82,2.89,21.9,0
104743,35.03,312.14,80.62,4,1,12,17.84,51.34,3.14,-13.49,1
104744,42.18,405.01,199.6,1,2,37,37.28,33.36,2.28,0.26,0
104745,72.05,638.89,246.61,3,2,0,72.94,85.82,2.34,-17.75,0
104746,30.79,226.7,257.49,2,2,0,26.8,127.06,5.57,23.4,0
104747,37.25,369.49,168.69,1,1,1,32.47,92.11,0.96,10.74,0
104748,21.47,44.84,95.26,4,0,18,11.75,129.49,7.5,0.81,0
104749,23.68,175.23,123.69,1,0,34,18.31,179.97,0.5,-8.35,0
104750,36.57,151.84,339.25,3,0,10,24.41,126.8,2.88,30.64,0
104751,57.52,720.16,137.88,4,3,0,40.34,82.05,2.94,5.8,0
104752,31.19,202.83,194.77,3,2,0,22.52,64.92,3.14,28.59,0
104753,31.47,223.76,99.62,1,0,15,18.41,142.92,3.58,0.25,1
104754,29.14,96.12,216.61,1,1,29,27.33,106.17,2.07,0.7,0
104755,27.51,320.23,139.94,3,4,44,13.69,53.7,4.41,10.55,0
104756,39.97,382.86,320.1,3,1,0,17.0,196.59,4.68,0.87,0
104757,17.84,165.0,275.45,2,0,14,9.88,105.33,6.32,2.03,0
104758,62.29,290.37,137.05,4,1,0,60.47,133.16,4.03,3.73,0
104759,25.94,123.35,167.89,3,0,0,21.66,71.14,2.31,11.12,0
104760,48.43,379.14,132.93,1,1,0,14.73,177.37,1.37,-13.56,0
104761,19.76,97.76,82.46,2,3,5,17.77,34.76,2.3,-1.5,1
104762,47.29,411.45,112.32,2,1,0,34.89,245.95,2.98,-9.5,0
104763,47.36,112.53,200.73,2,0,56,30.58,28.12,3.4,7.74,0
104764,41.61,228.24,215.26,1,2,3,28.69,39.4,2.61,-1.66,0
104765,22.37,384.58,195.32,2,2,29,9.32,104.68,2.81,-10.23,0
104766,39.16,341.48,152.48,3,1,0,31.07,65.45,4.34,19.67,0
104767,20.55,156.38,300.71,1,0,52,8.9,73.91,4.85,15.74,0
104768,31.24,590.0,186.4,1,2,18,20.69,65.44,7.82,15.8,0
104769,55.62,121.09,265.0,3,1,27,36.87,56.26,3.0,17.65,0
104770,50.09,233.25,67.86,2,0,1,47.21,108.85,2.71,6.83,0
104771,35.24,201.85,20.81,2,0,29,26.78,87.42,4.04,8.11,0
104772,22.57,242.69,210.41,2,0,18,20.91,153.04,3.88,-4.57,0
104773,46.8,507.55,82.21,3,0,5,21.11,94.44,2.49,18.21,0
104774,35.31,160.29,160.15,3,1,0,25.53,70.09,3.85,0.67,0
104775,12.32,142.04,152.44,1,0,7,10.87,143.24,8.94,-10.37,0
104776,49.78,284.8,430.97,3,1,6,52.79,29.98,2.48,4.59,0
104777,34.62,444.15,224.29,4,1,27,16.11,19.12,1.19,-7.31,0
104778,60.13,251.15,197.19,3,0,7,32.45,34.71,2.69,11.97,0
104779,21.38,140.71,285.23,2,1,0,18.74,73.24,1.18,9.65,0
104780,8.38,45.91,220.44,4,0,23,9.66,113.83,1.87,11.14,0
104781,39.68,471.0,139.94,2,0,35,32.6,18.12,3.21,-23.1,0
104782,39.91,215.09,324.49,4,1,0,18.86,89.38,1.69,-28.01,0
104783,16.36,112.08,97.77,2,1,44,7.81,72.75,6.26,1.15,0
104784,22.53,203.23,215.02,1,1,37,17.66,97.71,2.29,1.21,1
104785,120.93,1111.8,76.85,3,3,0,101.51,28.65,5.64,18.05,0
104786,30.5,332.69,201.37,3,1,0,21.19,432.24,1.24,-10.95,0
104787,48.63,378.32,200.16,4,1,30,23.35,91.77,1.34,-16.21,0
104788,26.12,148.31,452.6,2,1,0,26.78,43.36,2.76,-12.91,1
104789,13.66,80.3,76.11,3,1,0,9.06,97.27,1.68,-17.87,0
104790,32.42,229.86,129.34,1,2,0,28.58,220.68,1.52,-9.19,0
104791,31.06,246.3,283.0,3,1,12,9.53,41.59,3.52,-19.39,0
104792,29.24,190.13,216.45,6,2,38,30.71,36.71,1.3,-0.53,0
104793,33.24,234.93,198.77,4,1,18,19.24,83.85,5.28,-1.38,0
104794,39.42,129.22,106.39,1,0,30,42.82,88.25,3.95,-12.11,0
104795,32.71,319.7,130.06,2,0,5,29.55,137.75,4.01,-16.62,0
104796,19.82,151.87,357.0,3,0,13,7.78,218.11,5.4,-18.68,1
104797,43.56,503.19,174.97,3,1,0,35.34,143.71,4.08,-37.56,0
104798,14.56,101.91,221.27,4,1,10,16.95,39.14,2.34,-12.38,0
104799,13.91,40.83,168.95,1,1,0,8.35,47.33,4.72,-8.93,0
104800,48.81,285.62,93.9,4,0,9,56.85,55.75,2.57,-32.27,0
104801,43.97,278.51,300.83,1,3,7,37.22,143.51,3.09,19.02,0
104802,34.11,346.15,237.4,3,0,6,37.01,129.52,3.2,11.79,1
104803,18.68,46.44,639.74,5,0,49,14.75,191.85,1.2,-4.57,0
104804,25.45,181.87,102.96,1,1,43,18.3,125.8,5.43,-32.73,1
104805,31.1,281.42,282.98,1,0,37,37.61,61.76,5.35,14.91,0
104806,17.07,85.83,87.5,2,1,44,15.88,79.98,2.08,-8.83,1
104807,25.1,182.36,196.27,2,1,37,17.35,37.45,1.73,-25.55,1
104808,46.94,240.16,307.98,3,1,11,40.18,131.2,3.15,-20.73,0
104809,66.53,323.36,57.59,3,0,9,40.5,61.82,5.67,-9.9,0
104810,28.98,165.39,160.81,3,2,16,22.52,187.61,1.39,-16.27,0
104811,49.19,241.37,132.05,5,0,8,51.6,129.02,1.64,-11.77,0
104812,14.79,145.73,122.35,1,1,0,10.49,287.9,7.37,-31.72,0
104813,47.09,228.27,222.48,3,1,17,25.02,115.78,0.55,19.41,0
104814,24.38,108.64,333.4,4,0,0,12.39,114.49,2.2,12.47,0
104815,40.19,680.98,167.28,1,0,14,30.88,80.66,4.67,-13.49,0
104816,31.31,354.3,201.54,2,0,0,17.16,71.45,6.2,10.92,0
104817,63.4,174.98,191.68,1,2,10,24.84,77.06,5.76,-9.03,1
104818,23.61,112.77,180.18,1,2,15,10.63,163.91,1.72,-1.56,0
104819,46.42,366.84,98.87,2,0,5,48.45,40.07,3.72,-19.97,0
104820,30.86,254.01,331.16,2,1,0,22.05,93.49,4.64,5.9,0
104821,32.59,108.29,211.73,1,1,0,24.92,33.12,3.89,10.13,0
104822,32.22,402.54,223.66,2,0,20,16.38,112.57,14.53,1.34,0
104823,23.92,252.98,115.51,2,1,1,14.46,68.35,1.74,-9.92,0
104824,34.78,309.78,139.82,2,0,22,20.75,121.75,4.35,-31.9,0
104825,34.03,469.39,163.38,5,0,12,23.17,57.65,0.5,10.93,0
104826,39.01,342.39,77.42,1,2,8,13.09,77.14,3.69,-5.03,0
104827,36.36,318.49,71.13,2,0,18,37.17,131.53,0.66,-13.67,0
104828,50.12,764.48,129.35,2,0,0,37.39,97.06,5.67,-11.3,0
104829,53.03,643.84,239.93,1,3,19,42.45,227.12,5.48,2.17,0
104830,21.81,100.26,125.68,2,1,4,21.35,67.42,2.49,-20.32,0
104831,51.74,497.11,102.78,4,0,57,49.64,64.01,3.26,4.38,0
104832,20.52,103.06,114.99,3,1,0,12.44,189.03,6.49,-5.8,0
104833,45.6,410.7,140.12,3,1,5,41.09,72.2,3.42,-12.69,0
104834,46.26,410.94,148.17,4,0,6,41.56,70.24,3.17,-13.92,0
104835,14.81,51.91,592.29,3,0,0,12.28,113.26,0.55,3.25,0
104836,36.5,240.37,321.5,1,2,25,37.05,81.57,2.14,-39.19,0
104837,28.35,226.57,316.27,3,1,4,26.93,74.66,0.86,-11.63,0
104838,24.88,140.0,342.3,2,0,0,23.18,59.38,1.05,7.68,0
104839,64.28,526.63,103.92,1,0,24,70.15,203.81,3.72,-3.58,0
104840,26.08,273.16,91.9,5,1,0,19.75,82.22,3.54,16.19,0
104841,24.35,167.85,97.92,3,1,10,18.61,64.23,2.72,0.04,0
104842,36.21,283.62,375.0,3,0,24,34.58,75.32,3.93,-11.91,0
104843,47.65,666.13,133.22,2,0,5,33.61,111.36,3.07,-5.61,1
104844,32.84,291.23,90.44,2,2,5,28.58,216.28,2.62,0.17,0
104845,59.16,457.85,142.01,3,0,56,36.08,81.32,4.06,-14.15,0
104846,44.45,192.7,157.86,4,0,0,8.01,53.63,8.43,7.12,0
104847,13.13,128.58,208.63,1,0,0,11.81,284.61,1.6,25.28,0
104848,27.58,227.71,206.64,4,0,0,10.01,97.63,7.1,-19.51,0
104849,27.18,361.51,114.14,2,1,44,15.64,84.46,1.18,7.37,0
104850,43.43,311.19,262.45,1,0,0,41.47,93.96,2.89,-13.64,0
104851,10.74,30.32,126.65,2,2,16,10.29,42.63,1.31,-12.3,0
104852,110.21,329.72,165.17,1,1,3,115.04,87.58,4.82,-7.64,0
104853,44.45,449.47,262.61,4,1,22,10.89,141.96,0.62,-10.95,0
104854,37.43,196.99,126.46,2,0,11,30.84,187.14,1.0,7.63,0
104855,59.56,518.71,131.61,2,1,16,40.84,72.59,3.96,-1.27,0
104856,100.48,744.73,249.23,1,0,35,100.19,100.74,4.31,-4.88,0
104857,51.79,333.51,112.3,3,0,19,57.96,189.16,3.55,3.33,0
104858,53.64,357.82,145.67,3,1,0,22.68,92.05,4.3,4.22,0
104859,37.12,168.57,244.35,1,0,17,27.99,138.59,0.65,-2.31,0
104860,32.84,228.08,557.08,2,0,55,31.47,116.09,2.99,13.02,1
104861,28.25,147.66,251.12,1,1,22,18.8,60.42,3.04,-0.54,0
104862,24.13,140.24,233.44,2,1,14,28.63,51.94,3.31,29.69,0
104863,25.69,152.98,241.02,4,1,0,16.69,169.93,4.87,-15.71,1
104864,19.06,119.12,99.75,3,0,25,12.86,18.08,3.91,-24.49,0
104865,33.83,375.48,191.82,2,1,27,16.29,60.26,8.2,0.87,0
104866,16.4,107.58,177.08,2,0,17,12.93,38.96,3.9,11.68,0
104867,38.14,445.42,214.83,4,0,14,1.0,170.08,4.41,-7.09,0
104868,34.43,520.0,191.91,1,0,62,23.69,204.11,1.53,-14.32,0
104869,37.39,401.36,221.8,2,0,27,39.91,58.28,4.04,-1.92,0
104870,27.67,253.04,151.66,3,0,34,11.09,472.84,2.29,-5.78,0
104871,139.76,1152.01,185.9,3,1,13,48.28,205.64,2.19,-4.83,0
104872,64.55,696.45,91.62,3,2,9,66.42,101.3,4.79,-13.68,0
104873,19.99,146.33,150.96,1,2,23,21.25,221.36,1.0,-9.76,0
104874,38.87,445.12,386.8,2,0,9,15.98,61.24,3.28,12.36,0
104875,26.62,253.33,214.5,1,0,11,31.5,76.24,2.61,17.09,0
104876,22.17,129.65,177.94,2,1,20,19.03,118.83,5.26,-4.46,0
104877,19.15,209.8,510.72,1,0,2,19.38,59.42,4.85,-18.35,0
104878,42.51,311.53,85.16,4,2,15,23.47,41.65,2.65,-17.07,1
104879,25.76,170.98,97.78,3,1,13,28.91,51.27,1.5,-20.91,0
104880,54.1,298.47,461.72,3,3,29,36.95,79.98,5.47,11.46,0
104881,54.74,416.33,184.61,3,0,0,36.78,119.27,2.99,0.56,0
104882,64.95,748.26,157.52,2,0,0,56.54,73.48,6.3,-4.91,0
104883,23.85,260.38,93.07,1,1,6,15.55,33.65,3.76,11.32,0
104884,43.35,362.08,230.26,3,0,19,16.03,119.34,3.0,4.16,0
104885,46.52,439.52,242.84,2,1,29,36.43,193.22,2.4,-38.59,1
104886,28.27,373.8,98.59,5,1,0,18.96,60.57,3.83,-12.8,0
104887,24.73,160.61,166.63,3,0,21,13.8,244.08,1.1,-2.64,1
104888,72.21,289.41,149.67,4,1,32,76.56,151.58,2.0,24.59,1
104889,38.77,520.19,207.21,1,1,25,52.27,47.81,5.7,22.71,0
104890,46.6,250.27,97.26,2,1,0,24.24,61.01,1.25,-35.03,1
104891,24.18,119.84,358.36,3,1,0,19.33,74.59,5.15,-21.07,0
104892,20.22,57.66,297.87,3,1,19,13.15,80.53,6.97,0.17,0
104893,27.09,252.31,147.41,5,0,41,35.81,20.84,2.13,7.45,0
104894,33.1,103.0,159.8,3,1,12,28.89,57.28,7.37,-11.88,0
104895,21.68,104.3,166.99,2,1,9,21.29,64.56,9.71,5.76,0
104896,34.85,327.32,117.32,3,0,0,36.43,279.82,2.21,-11.96,0
104897,16.37,164.41,141.04,2,0,5,12.81,103.13,3.06,-10.89,0
104898,21.14,106.85,155.14,3,1,0,14.87,55.76,2.04,-18.73,0
104899,47.34,309.85,437.04,1,0,12,53.48,69.18,3.6,-22.52,0
104900,45.93,207.82,302.96,2,1,0,43.38,116.15,3.86,-9.58,0
104901,29.34,156.13,300.97,2,1,6,15.8,71.74,2.13,14.95,0
104902,22.14,177.04,220.61,2,1,0,12.6,63.35,1.84,5.21,0
104903,22.04,120.07,97.36,3,0,28,14.39,64.58,4.21,2.06,0
104904,29.59,183.31,175.94,1,1,0,30.77,120.02,2.58,-6.27,0
104905,46.78,157.42,306.96,3,0,1,52.31,39.28,2.42,4.34,0
104906,53.15,655.53,90.1,1,2,17,68.45,46.88,4.17,-9.11,0
104907,27.99,252.86,255.46,1,0,3,16.03,51.58,2.38,-14.03,0
104908,20.83,216.73,645.74,1,1,54,16.35,46.4,1.89,5.96,1
104909,39.48,526.89,322.78,1,1,28,25.66,54.91,1.96,-10.52,0
104910,24.16,111.95,391.77,1,1,12,17.02,154.15,6.73,-18.02,0
104911,27.72,162.2,202.97,2,0,18,27.23,167.61,3.7,4.48,0
104912,63.54,172.47,306.53,2,0,0,46.93,105.94,3.24,-22.37,0
104913,50.78,1709.01,121.28,2,0,34,54.79,102.38,2.82,3.83,0
104914,37.58,244.09,278.85,4,0,21,23.33,60.21,2.83,4.09,0
104915,19.75,232.35,257.98,2,0,10,18.47,25.82,0.81,-21.3,0
104916,38.49,145.08,211.12,5,1,22,24.61,98.11,1.23,-20.28,0
104917,56.46,650.44,371.21,2,1,24,16.41,107.6,6.98,17.57,0
104918,29.56,523.75,133.84,4,3,4,14.62,60.08,1.1,7.33,0
104919,64.29,436.64,162.4,3,1,18,50.21,47.19,2.09,5.29,0
104920,62.62,264.42,189.7,2,0,30,77.05,41.92,2.48,1.24,0
104921,74.0,483.25,102.17,4,1,20,47.0,99.52,2.13,8.71,0
104922,40.15,92.32,203.93,1,0,7,28.42,94.53,1.55,8.71,0
104923,45.59,313.14,69.93,4,0,17,39.77,184.3,4.99,-14.07,0
104924,66.14,697.94,320.15,4,0,36,39.69,55.51,1.09,-4.85,0
104925,42.81,294.33,184.68,2,0,26,26.93,75.72,9.65,-8.58,0
104926,27.93,169.63,135.16,2,1,0,21.45,90.93,1.21,6.6,1
104927,28.6,260.66,113.76,4,2,22,18.33,64.71,6.2,0.53,1
104928,38.97,368.93,158.21,1,2,20,11.86,148.89,7.52,16.98,0
104929,19.58,59.77,262.83,3,0,32,11.5,189.18,0.71,2.18,0
104930,32.81,240.14,243.28,4,3,12,29.66,46.36,3.37,-1.45,0
104931,57.33,1356.55,122.11,5,0,5,52.25,68.37,4.08,10.24,0
104932,13.06,46.88,113.03,3,1,0,14.15,199.25,3.69,10.39,0
104933,69.82,468.28,258.33,3,1,0,74.28,109.26,4.23,16.34,0
104934,58.0,1071.91,120.98,2,1,33,30.45,96.56,1.86,1.07,1
104935,28.46,346.0,186.03,1,1,15,16.04,110.45,5.28,28.82,0
104936,44.7,242.04,192.68,3,1,10,25.69,133.4,1.74,11.87,0
104937,35.05,271.98,213.7,2,0,35,24.95,113.67,2.22,29.44,0
104938,60.88,425.68,288.59,5,0,31,36.17,102.31,1.52,-0.72,0
104939,54.46,262.28,89.87,1,2,0,38.47,90.52,4.95,32.03,0
104940,18.64,125.73,62.92,2,2,33,9.92,202.1,4.68,8.73,0
104941,45.59,277.42,131.74,2,1,0,43.13,76.71,1.63,-17.37,1
104942,31.91,236.3,484.83,2,0,20,16.37,90.07,2.51,-16.28,0
104943,36.33,174.92,547.39,2,0,18,18.19,228.38,6.96,-6.45,0
104944,25.22,93.25,492.8,1,1,32,22.2,109.43,0.85,-6.63,0
104945,76.86,527.04,161.87,5,1,18,71.53,86.48,9.15,3.1,0
104946,55.89,922.28,67.54,2,0,7,38.77,131.4,1.79,24.38,0
104947,25.09,183.0,49.61,1,2,9,24.27,103.15,2.5,2.86,0
104948,19.2,113.85,128.41,2,1,60,18.22,57.76,3.22,-17.1,1
104949,29.42,300.29,161.42,2,1,13,36.04,104.26,1.2,4.58,0
104950,42.56,275.23,368.08,1,0,22,39.72,55.4,4.71,-8.03,0
104951,39.0,694.62,290.11,2,2,0,45.89,269.31,1.9,-7.25,0
104952,61.51,429.75,203.98,2,2,0,47.09,103.86,1.97,-4.79,0
104953,49.94,496.2,110.34,3,0,21,54.93,51.26,11.11,-7.51,0
104954,54.14,259.89,106.12,2,0,0,59.84,71.11,2.74,-21.43,0
104955,40.55,365.0,207.0,4,2,21,28.96,141.96,3.66,-0.57,0
104956,18.73,150.45,264.1,1,2,0,10.82,46.76,3.01,24.11,0
104957,32.05,218.1,223.29,2,0,0,19.93,460.4,5.52,10.01,0
104958,56.4,307.18,101.89,1,0,0,48.15,37.59,6.63,-19.84,0
104959,34.2,174.0,257.45,2,2,39,15.82,156.84,3.63,-39.97,0
104960,43.89,353.83,227.51,2,1,18,27.94,67.21,9.09,2.95,0
104961,30.32,290.7,99.89,7,0,0,31.82,55.4,6.1,6.67,0
104962,22.02,144.64,116.93,3,1,25,20.19,124.27,1.93,6.64,0
104963,33.11,267.57,262.86,1,1,26,5.36,68.54,12.49,-0.31,0
104964,40.22,276.27,158.22,4,0,5,16.77,233.86,1.61,-17.53,0
104965,26.06,191.61,431.38,2,1,29,33.61,38.82,5.53,22.94,0
104966,31.48,199.33,237.12,2,0,30,32.89,126.11,3.41,-3.88,0
104967,22.93,161.98,137.73,2,1,27,13.86,76.3,2.4,-9.79,0
104968,57.92,1562.34,178.99,1,0,0,21.89,107.51,7.41,5.41,0
104969,30.66,250.78,186.39,1,0,0,13.42,122.52,3.41,-9.57,0
104970,67.3,650.44,120.58,2,1,0,59.04,31.84,4.05,-18.99,0
104971,69.64,606.8,108.97,1,0,0,86.64,103.57,0.85,-9.31,0
104972,33.75,207.14,264.73,2,0,5,41.45,172.99,5.55,1.64,0
104973,22.23,297.21,286.53,2,2,6,7.92,119.06,4.07,17.64,1
104974,13.69,82.85,250.9,2,1,11,9.26,72.14,2.58,-29.06,0
104975,18.05,214.08,414.21,4,1,43,9.67,38.53,4.11,4.36,0
104976,18.86,111.71,133.62,4,0,5,14.79,122.07,4.53,10.61,0
104977,65.08,281.91,452.06,3,1,11,27.15,277.4,3.5,4.11,0
104978,36.87,309.85,109.67,2,0,0,22.62,133.88,2.21,7.53,0
104979,41.71,168.05,103.13,2,2,52,22.24,180.27,4.97,19.2,0
104980,12.89,117.91,68.37,4,1,0,11.35,157.53,3.86,12.13,0
104981,20.41,78.66,140.86,3,1,0,12.68,71.09,1.16,-7.95,0
104982,52.17,311.36,136.44,2,2,24,34.29,95.02,8.2,12.35,0
104983,39.82,136.24,240.38,1,0,16,34.95,151.55,6.01,0.43,0
104984,32.76,941.15,205.84,3,1,41,38.02,34.88,6.2,9.76,0
104985,45.13,138.17,93.39,3,0,24,57.72,133.07,3.56,-20.74,0
104986,73.07,514.03,145.03,1,0,10,63.14,191.55,4.47,-4.62,0
104987,31.69,392.86,146.74,3,0,30,23.06,87.27,2.92,7.05,0
104988,36.11,424.4,67.77,1,0,32,38.96,146.68,3.82,-3.9,0
104989,38.17,408.95,104.94,2,0,0,39.76,64.53,2.48,5.99,0
104990,102.7,613.45,117.8,3,0,29,99.66,92.09,2.8,18.14,0
104991,13.61,187.18,396.01,3,1,7,4.83,76.4,3.41,-6.1,0
104992,47.6,526.05,199.99,3,0,10,50.08,118.59,2.18,11.27,0
104993,33.24,258.72,259.08,2,2,14,27.9,84.53,10.02,-17.42,0
104994,45.17,356.59,78.94,1,1,5,23.78,32.92,3.83,9.39,0
104995,26.04,156.57,347.16,3,0,4,15.15,58.49,4.93,-26.49,0
104996,34.24,152.08,368.18,4,0,29,30.66,288.68,2.24,0.95,0
104997,48.21,626.39,59.97,3,0,0,5.89,126.51,5.36,0.47,0
104998,142.05,1916.34,122.12,2,0,0,102.08,25.56,3.23,23.81,0
104999,50.35,226.52,236.42,4,1,24,29.52,185.77,1.82,-9.29,0
105000,23.9,154.89,256.56,2,2,10,13.4,45.07,4.29,-31.94,1
